Country_Code,year,avg(Value),Country_Name
BC,2011,68.8145956607495,Botswana
CF,2011,99.37276478679505,Congo (Brazzaville)
MY,2011,83.88685127452779,Malaysia
MJ,2011,149.61073825503357,Montenegro
KU,2011,63.936619718309856,Kuwait
CV,2011,63.12,Cape Verde
GL,2016,23.58157765801078,Greenland [Denmark]
KR,2016,64.23796033994334,Kiribati
NZ,2016,26.3072416217483,New Zealand
SW,2016,16.05567604172917,Sweden
WZ,2016,65.20149253731343,Swaziland
ET,2016,64.23354838709677,Ethiopia
EK,2016,124.85353535353535,Equatorial Guinea
ZA,2016,28.615384615384617,Zambia
AQ,2017,92.9972602739726,American Samoa [United States]
AU,2017,34.36388415672913,Austria
CF,2017,84.68825214899714,Congo (Brazzaville)
FM,2017,110.49390526153371,Federated States of Micronesia
GQ,2017,77.31298701298701,Guam [United States]
MX,2017,20.853199837640375,Mexico
NS,2017,74.39393939393939,Suriname
SF,2017,44.83437744714174,South Africa
CI,2006,53.31061093247588,Chile
CS,2006,95.29468599033817,Costa Rica
TZ,2006,79.75,Tanzania
UP,2006,30.34165491302304,Ukraine
NE,2006,53.43089430894309,Niue [New Zealand]
CV,2014,103.42857142857143,Cape Verde
AM,2003,8.338190184049079,Armenia
BX,2003,99.66202090592334,Brunei
DR,2003,50.655755015839496,Dominican Republic
KE,2003,27.749873673572512,Kenya
PA,2003,21.57813063875857,Paraguay
SU,2003,182.4614112458655,Sudan
TI,2003,0.4117647058823529,Tajikistan
TO,2003,31.269163763066203,Togo
HO,2003,44.00858895705522,Honduras
MC,2003,105.57352941176471,Macau S.A.R
AF,2003,7.905228758169935,Afghanistan
AJ,1984,13.557179029513096,Azerbaijan
AU,1984,31.013542409123307,Austria
FR,1984,25.31140170236134,France
KZ,1984,6.972330707056986,Kazakhstan
LO,1984,20.112870275791625,Slovakia
TN,1984,54.804,Tonga
KN,1984,117.76108374384236,"Korea, North"
CV,1984,0.08403361344537816,Cape Verde
AE,1984,61.22222222222222,United Arab Emirates
NP,1984,112.89189189189189,Nepal
AG,1992,11.421890224098734,Algeria
AS,1992,19.617391066799048,Australia
CH,1992,20.28377750232414,China
TD,1992,111.98857142857143,Trinidad and Tobago
MR,1992,58.83139534883721,Mauritania
SY,1981,15.813528336380257,Syria
UK,1981,26.72406596238083,United Kingdom
WQ,1981,39.586301369863016,Wake Island [United States]
JM,1981,52.88636363636363,Jamaica
PM,1988,84.20218579234972,Panama
RM,1988,66.06123329021129,Marshall Islands
RO,1988,16.34514800268225,Romania
SU,1988,15.010599636583889,Sudan
CT,1988,104.94904458598727,Central African Republic
GA,1988,54.22222222222222,"Gambia, The"
JN,1974,24.764383561643836,Jan Mayen [Norway]
LU,1974,25.28318804483188,Luxembourg
RS,1974,13.41883377520518,Russia
BL,1980,22.645960784313726,Bolivia
CY,1980,11.054691689008044,Cyprus
GR,1980,17.622932745314223,Greece
LG,1980,20.72393124724548,Latvia
MP,1980,57.58469945355191,Mauritius
EU,1977,10.196428571428571,Europa Island [France]
MR,1977,1.4838060752363709,Mauritania
NC,1977,81.59077380952381,New Caledonia [France]
PL,1977,16.01201652271874,Poland
SI,1977,38.64703196347032,Slovenia
CS,1977,953.68,Costa Rica
CQ,1969,47.89277899343545,Northern Mariana Islands [United States]
HO,1969,46.827397260273976,Honduras
HR,1969,35.19599578503688,Croatia
IV,1969,44.21731981364758,Cote D'Ivoire
MR,1969,6.376851619382375,Mauritania
PO,1969,42.01311154598826,Portugal
TX,1969,7.7343458395006115,Turkmenistan
AM,1966,15.582925934979222,Armenia
EI,1966,31.078610603290677,Ireland
GL,1966,15.60890958615236,Greenland [Denmark]
BC,1972,12.277336414849055,Botswana
SG,1972,5.504553734061931,Senegal
TH,1972,41.94868577880936,Thailand
BE,1960,26.30054644808743,Belgium
CY,1960,10.810792349726777,Cyprus
JQ,1960,19.275956284153004,Johnston Atoll [United States]
NC,1960,303.0327868852459,New Caledonia [France]
WZ,1960,25.929618768328446,Swaziland
BU,1960,65.203125,Bulgaria
CO,1959,12.994011976047904,Colombia
MK,1959,17.873972602739727,Macedonia
PO,1959,38.69853947968964,Portugal
CF,1952,44.5489539748954,Congo (Brazzaville)
EI,1952,24.858442871587464,Ireland
KS,1952,31.173796392905054,"Korea, South"
PS,1952,112.6584699453552,Palau
BU,1952,65.36363636363636,Bulgaria
AL,1951,38.09315068493151,Albania
BO,1951,11.344292237442922,Belarus
SF,1951,13.225642722045599,South Africa
NH,1951,119.83129584352078,Vanuatu
TS,1944,16.876876876876878,Tunisia
EZ,1943,22.818481848184817,Czech Republic
HR,1934,25.15684931506849,Croatia
LE,1934,13.706849315068494,Lebanon
RS,1934,11.279856465369566,Russia
EN,1933,11.713931888544892,Estonia
TS,1933,10.237247924080664,Tunisia
EN,1932,15.759542599452407,Estonia
RO,1932,13.806010928961749,Romania
UK,1932,23.434623217922606,United Kingdom
BO,1931,18.629839471199244,Belarus
IS,1931,9.284931506849315,Israel
GM,1926,23.732843787784955,Germany
SP,1926,14.503489531405783,Spain
AJ,1925,10.607569721115539,Azerbaijan
TI,1925,2.162977867203219,Tajikistan
GL,1924,10.871584699453551,Greenland [Denmark]
IS,1924,8.573770491803279,Israel
IN,1917,40.40298759117934,India
HR,1902,29.10890410958904,Croatia
IT,1902,24.167518844552212,Italy
LT,1902,22.435616438356163,Lesotho
SW,1902,13.404373948570056,Sweden
AU,1900,26.76164383561644,Austria
HR,1900,27.89041095890411,Croatia
UZ,1900,6.801369863013699,Uzbekistan
DA,1899,14.319373776908023,Denmark
TI,1899,4.890331890331891,Tajikistan
GM,1869,14.863563402889245,Germany
AG,1866,12.149700598802395,Algeria
SW,1866,16.003483887022522,Sweden
SF,1861,17.70958904109589,South Africa
UK,1861,20.167582417582416,United Kingdom
SW,1855,15.104109589041096,Sweden
GM,1854,24.484808454425362,Germany
GM,1832,19.718061674008812,Germany
IT,1832,18.5724043715847,Italy
IT,1828,8.5724043715847,Italy
GM,1825,138.31428571428572,Germany
GM,1807,16.246951219512194,Germany
FI,2010,15.749778505651461,Finland
LU,2010,25.12876712328767,Luxembourg
NO,2010,26.51566930785152,Norway
UZ,2010,71.896,Uzbekistan
CV,2010,46.18181818181818,Cape Verde
GL,2012,38.600671140939596,Greenland [Denmark]
LG,2012,39.237465564738294,Latvia
MC,2012,33.76502732240437,Macau S.A.R
MX,2012,21.39374009381118,Mexico
TD,2012,48.5819209039548,Trinidad and Tobago
WZ,2012,69.15384615384616,Swaziland
MI,2012,70.51785714285714,Malawi
GH,2012,72.1207100591716,Ghana
PU,2012,44.5,Guinea-Bissau
AJ,2018,124.59943046986237,Azerbaijan
AQ,2018,110.64383561643835,American Samoa [United States]
AS,2018,16.841081949853454,Australia
FI,2018,13.679528598079811,Finland
HU,2018,16.053715558029502,Hungary
JA,2018,53.02295933308604,Japan
CO,2018,51.65195318008743,Colombia
JO,2018,24.029197080291972,Jordan
GH,2018,71.33848417954378,Ghana
BA,2018,12.151515151515152,Bahrain
BM,2020,100.75346687211093,Burma
CQ,2020,49.065693430656935,Northern Mariana Islands [United States]
FK,2020,12.983471074380166,Falkland Islands (Islas Malvinas) [United Kingdom]
SF,2020,46.4481543312929,South Africa
BN,2020,79.15326251896813,Benin
AQ,2004,128.525956284153,American Samoa [United States]
AU,2004,40.04828423929548,Austria
EI,2004,30.096707285455018,Ireland
GG,2004,41.84166666666667,Georgia
GP,2004,53.58454106280193,Guadeloupe [France]
ID,2004,23.864312935931544,Indonesia
KE,2004,29.206521739130434,Kenya
KZ,2004,3.4011347517730495,Kazakhstan
MC,2004,39.732044198895025,Macau S.A.R
RM,2004,77.58879781420765,Marshall Islands
TX,2004,4.994134897360704,Turkmenistan
SY,2004,6.0650542118432025,Syria
AO,2004,4.636363636363637,Angola
NF,2004,24.77777777777778,Norfolk Island [Australia]
SZ,2005,31.84753984753985,Switzerland
WZ,2005,57.984962406015036,Swaziland
LE,2005,41.25480769230769,Lebanon
CT,2005,83.04705882352941,Central African Republic
AM,1983,10.61457418788411,Armenia
AQ,1983,81.72263374485597,American Samoa [United States]
BX,1983,116.25296442687747,Brunei
CV,1983,0.0,Cape Verde
HO,1983,62.85737094199042,Honduras
HR,1983,21.329188619599577,Croatia
LH,1983,20.045585538380926,Lithuania
RP,1983,28.068202430618538,Philippines
MV,1983,42.80568720379147,Maldives
BH,1983,21.745454545454546,Belize
JQ,1982,21.564383561643837,Johnston Atoll [United States]
US,1982,28.15246636163913,United States
MV,1982,62.22043010752688,Maldives
VM,1982,0.17800687285223368,Vietnam
GB,1993,91.80912863070539,Gabon
MG,1993,2.1388474913065076,Mongolia
NO,1993,30.74114925258458,Norway
RM,1993,83.81861413043478,Marshall Islands
SE,1993,62.273972602739725,Seychelles
TI,1993,13.263561643835617,Tajikistan
VE,1993,40.08573599102847,Venezuela
CV,1993,4.158590308370044,Cape Verde
CG,1993,100.17582417582418,Congo (Kinshasa)
AG,1985,10.586715417428398,Algeria
KZ,1985,7.885620228339287,Kazakhstan
WF,1985,94.94064748201438,Wallis and Futuna [France]
SL,1985,0.0,Sierra Leone
CJ,1996,31.213740458015266,Cayman Islands [United Kingdom]
CU,1996,15.704109589041096,Cuba
EN,1996,16.761749926101093,Estonia
FR,1996,22.233852176344488,France
MP,1996,38.07565789473684,Mauritius
AY,1995,47.704281447062726,Antarctica
BE,1995,20.912328767123288,Belgium
FG,1995,71.25296442687747,French Guiana [France]
FI,1995,16.321844001528106,Finland
GM,1995,24.531294540101513,Germany
MK,1995,6.922279792746114,Macedonia
SV,1995,9.134370579915135,Svalbard [Norway]
NP,1995,57.90625,Nepal
UV,1995,68.48373557187828,Burkina Faso
CY,1979,15.805929919137466,Cyprus
GG,1979,31.450902200350697,Georgia
HO,1979,98.89248021108179,Honduras
PL,1979,15.42716133424098,Poland
ZA,1979,30.139876100423866,Zambia
CU,1976,12.407103825136613,Cuba
EC,1976,83.55563282336578,Ecuador
MJ,1976,27.838461538461537,Montenegro
PO,1976,29.260549332514962,Portugal
RM,1976,70.8867041198502,Marshall Islands
FJ,1976,245.5036496350365,Fiji
BP,1976,0.0,Solomon Islands
CU,1967,6.468493150684932,Cuba
ZA,1967,29.9289055191768,Zambia
AR,1967,43.51035781544256,Argentina
UP,1968,16.931878326543963,Ukraine
AU,1962,33.264968152866246,Austria
AG,2009,11.175832197780807,Algeria
BC,2009,67.77992277992279,Botswana
BU,2009,25.03655172413793,Bulgaria
GR,2009,21.865003417635,Greece
LY,2009,41.942583732057415,Libya
MO,2009,33.555280528052805,Morocco
PL,2009,18.93803359955935,Poland
SI,2009,38.12191780821918,Slovenia
TZ,2009,64.59764089121887,Tanzania
NL,1961,24.630971669858102,Netherlands
SZ,1961,35.131648434553,Switzerland
AG,1954,8.867521367521368,Algeria
AU,1954,32.564163686928886,Austria
BP,1954,88.0,Solomon Islands
NH,1954,112.46,Vanuatu
PM,1954,70.85753424657534,Panama
UZ,1954,7.01884178442782,Uzbekistan
ZA,1954,27.695743196092113,Zambia
KS,2007,73.22323759791122,"Korea, South"
SW,2007,18.959606619215485,Sweden
TZ,2007,68.71515892420538,Tanzania
GB,2007,109.3179190751445,Gabon
BF,2007,54.2093023255814,"Bahamas, The"
KN,2007,187.84451219512195,"Korea, North"
IC,1953,39.132141299607504,Iceland
JN,1953,23.438356164383563,Jan Mayen [Norway]
MI,1953,27.823268206039078,Malawi
MO,1953,8.98040130657956,Morocco
RO,1953,17.029094475318733,Romania
SV,1953,16.36986301369863,Svalbard [Norway]
SW,1953,16.788004674043673,Sweden
CA,1948,22.25225393040757,Canada
US,1948,25.02320022107675,United States
AJ,1942,14.206117149177647,Azerbaijan
AU,1942,22.26027397260274,Austria
BK,1938,22.586301369863012,Bosnia and Herzegovina
MD,1938,11.752747252747254,Moldova
NL,1938,18.851898238747555,Netherlands
FR,1937,26.003210450570133,France
UZ,1937,6.256683864915572,Uzbekistan
BK,1916,26.7103825136612,Bosnia and Herzegovina
CY,1916,10.592079207920792,Cyprus
AG,1921,19.241805225653206,Algeria
BR,1921,33.994745502674945,Brazil
LE,1921,18.25484764542936,Lebanon
SW,1921,15.49705727158339,Sweden
FR,1918,26.7573385518591,France
DA,1919,16.750293542074363,Denmark
HR,1919,29.08518877057115,Croatia
KG,1919,5.530474040632054,Kyrgyzstan
TX,1919,3.5238095238095237,Turkmenistan
BK,2013,33.539035305818004,Bosnia and Herzegovina
CS,2013,110.98053097345132,Costa Rica
HO,2013,46.559863169897376,Honduras
MP,2013,46.70681348933242,Mauritius
MV,2013,5.75975975975976,Maldives
ZI,2013,65.7611111111111,Zimbabwe
SU,2013,103.77391304347826,Sudan
ML,2013,79.20519480519481,Mali
CA,1898,22.75063520414581,Canada
SP,1898,32.57260273972603,Spain
SW,1898,17.144864641454845,Sweden
GG,1896,30.350852272727273,Georgia
GG,1894,24.464012251148546,Georgia
LG,1894,13.396449704142011,Latvia
CA,1893,23.40999115826702,Canada
SF,1892,16.255648589941146,South Africa
KG,1891,12.506887052341598,Kyrgyzstan
MD,1891,10.926027397260274,Moldova
CA,1890,24.11823725837553,Canada
EN,1889,12.124383561643835,Estonia
FR,1889,15.999083409715857,France
GL,1889,8.780821917808218,Greenland [Denmark]
KG,1889,13.454545454545455,Kyrgyzstan
NO,1888,22.44672131147541,Norway
CY,1887,4.59065934065934,Cyprus
NO,1886,25.942465753424656,Norway
CY,1885,18.378600823045268,Cyprus
EN,1884,11.53825136612022,Estonia
LG,1884,17.748917748917748,Latvia
SF,1884,11.633104684430045,South Africa
UP,1884,12.38482813117345,Ukraine
BE,1882,25.326027397260273,Belgium
CA,1882,23.17640336696583,Canada
RS,1882,13.419890054972514,Russia
IT,1881,23.876027397260273,Italy
AJ,1881,11.502994011976048,Azerbaijan
DA,1880,16.756440281030446,Denmark
NO,1876,29.407103825136613,Norway
EI,1875,23.024657534246575,Ireland
EN,1875,9.464285714285714,Estonia
RS,1875,87.56986301369864,Russia
FG,2021,133.1937321937322,French Guiana [France]
IT,2021,17.258663148636764,Italy
JA,2021,58.476636320490144,Japan
GL,2002,21.930591870691703,Greenland [Denmark]
VQ,2002,19.19225839528326,Virgin Islands [United States]
AG,2002,22.90480190396192,Algeria
AY,2002,88.17538994800694,Antarctica
GI,2002,58.956896551724135,Gibraltar [United Kingdom]
WI,2002,1.7322834645669292,Western Sahara
ML,2002,31.832495812395308,Mali
MJ,2002,73.4469696969697,Montenegro
ES,2002,35.94214876033058,El Salvador
NP,2002,110.5,Nepal
AR,2001,57.09749373433584,Argentina
RO,2001,17.19985715986192,Romania
NS,2001,58.796875,Suriname
TO,2001,62.55663430420712,Togo
GQ,1998,34.119370979270904,Guam [United States]
GY,1998,54.61486486486486,Guyana
LO,1998,20.69133299543842,Slovakia
MF,1998,25.204204204204203,Mayotte [France]
MO,1998,6.802295918367347,Morocco
CH,1991,19.907615820969145,China
MT,1991,17.721649484536083,Malta
RP,1991,53.70214682480108,Philippines
SU,1991,22.165354330708663,Sudan
UK,1991,23.510912188657816,United Kingdom
BP,1991,71.26377952755905,Solomon Islands
CU,1994,52.171240395170145,Cuba
KU,1994,3.490566037735849,Kuwait
LH,1994,20.58694001518603,Lithuania
MG,1994,4.626993765686989,Mongolia
MY,1994,91.71598062953996,Malaysia
WI,1994,1.2218934911242603,Western Sahara
WZ,1994,23.29086809470124,Swaziland
UC,1994,32.839080459770116,Curacao
ER,1987,7.8054794520547945,Eritrea
FP,1987,62.55257936507937,French Polynesia
SW,1987,18.84522429180806,Sweden
BN,1987,74.75523560209425,Benin
LY,1975,11.146739130434783,Libya
ML,1975,3.0692307692307694,Mali
BL,2008,87.42253939934582,Bolivia
NL,2008,23.92233242743103,Netherlands
RO,2008,15.774768353528154,Romania
SE,2008,44.93617021276596,Seychelles
SF,2008,41.245721030887275,South Africa
CI,2022,8.576942871847658,Chile
TU,2022,22.036616520011354,Turkey
IZ,2022,8.343434343434344,Iraq
BN,2022,75.69157608695652,Benin
IC,2015,35.9972602739726,Iceland
RE,2015,50.232091690544415,Reunion [France]
TH,2015,88.36364832850751,Thailand
CV,2015,43.44444444444444,Cape Verde
NI,2015,187.33928571428572,Nigeria
BG,2019,81.71479982006298,Bangladesh
CE,2019,53.163206180589086,Sri Lanka
MP,2019,47.00169109357385,Mauritius
NZ,2019,27.41559748427673,New Zealand
RP,2019,100.34122161816437,Philippines
SE,2019,73.22443181818181,Seychelles
SN,2019,35.82044198895028,Singapore
ML,2019,84.69263157894737,Mali
BB,2000,43.579288025889966,Barbados
BX,2000,107.06181818181818,Brunei
FM,2000,112.71743141837864,Federated States of Micronesia
GQ,2000,57.28257887517147,Guam [United States]
HR,2000,25.59225322782174,Croatia
TH,2000,57.97204512015694,Thailand
TX,2000,32.90724637681159,Turkmenistan
GY,2000,80.51834862385321,Guyana
LT,1978,25.159769008662174,Lesotho
TZ,1978,34.0019093078759,Tanzania
GH,1978,20.704225352112676,Ghana
TD,1978,1265.0,Trinidad and Tobago
CA,1999,24.213999112473154,Canada
CV,1999,3.911985018726592,Cape Verde
IS,1999,6.170194750211685,Israel
LG,1999,22.041009463722396,Latvia
RO,1999,18.250146398594573,Romania
SE,1999,61.397260273972606,Seychelles
TU,1999,18.58309367296631,Turkey
CJ,1999,19.770700636942674,Cayman Islands [United Kingdom]
KR,1999,6.209302325581396,Kiribati
CI,1990,22.664347826086956,Chile
GT,1990,27.350684931506848,Guatemala
SZ,1990,38.38835616438356,Switzerland
TV,1990,101.79864253393666,Tuvalu
SE,1989,57.534246575342465,Seychelles
SH,1989,75.47904191616766,Saint Helena [United Kingdom]
UV,1989,76.32496307237814,Burkina Faso
IC,1986,31.95631067961165,Iceland
JA,1986,41.77090173849929,Japan
JM,1986,17.38012958963283,Jamaica
MP,1986,39.89205479452055,Mauritius
RQ,1986,46.32024634334103,Puerto Rico [United States]
SH,1986,93.34246575342466,Saint Helena [United Kingdom]
SV,1986,9.200557103064067,Svalbard [Norway]
TL,1986,134.84745762711864,Tokelau [New Zealand]
MR,1986,44.96774193548387,Mauritania
BB,1997,32.27450980392157,Barbados
BH,1997,50.86904761904762,Belize
GB,1997,101.1142061281337,Gabon
JU,1997,48.786127167630056,Juan De Nova Island [France]
KE,1997,40.17662088789524,Kenya
KS,1997,60.022017614091276,"Korea, South"
LE,1997,27.164335664335663,Lebanon
SI,1997,33.30310021629416,Slovenia
CE,1997,29.81875,Sri Lanka
CJ,1997,4.636363636363637,Cayman Islands [United Kingdom]
GI,1973,20.141993957703928,Gibraltar [United Kingdom]
NC,1973,109.014440433213,New Caledonia [France]
WA,1973,6.4948478627984345,Namibia
BF,1970,22.62187088274045,"Bahamas, The"
CA,1970,22.079842616667165,Canada
CF,1970,47.07882111034955,Congo (Brazzaville)
GG,1970,34.41305996266915,Georgia
GM,1970,25.639972850719143,Germany
RM,1970,51.67432950191571,Marshall Islands
WA,1970,6.023312073894876,Namibia
ZA,1970,26.94626351245496,Zambia
UY,1971,35.94420963651733,Uruguay
WZ,1971,25.248263084761465,Swaziland
AG,1964,7.293856871437619,Algeria
CB,1964,55.770833333333336,Cambodia
SP,1964,14.322682597803045,Spain
UP,1964,14.497438328719776,Ukraine
UV,1964,29.079343365253077,Burkina Faso
WA,1963,10.837029569892474,Namibia
CH,1956,21.334680726420622,China
MX,1956,25.77273214094463,Mexico
NF,1956,47.513422818791945,Norfolk Island [Australia]
SV,1956,12.551912568306012,Svalbard [Norway]
GG,1955,31.70046686404008,Georgia
GQ,1955,54.84852638793694,Guam [United States]
LG,1955,15.411961057023644,Latvia
NL,1955,17.35322691112165,Netherlands
ZI,1955,23.241487279843444,Zimbabwe
EG,1946,0.7940251572327044,Egypt
MI,1946,30.372063220845792,Malawi
AJ,1945,12.632261208576997,Azerbaijan
AU,1945,19.8516674962668,Austria
RQ,1945,44.94202441077441,Puerto Rico [United States]
TH,1945,78.79512893982807,Thailand
EZ,1930,12.254794520547945,Czech Republic
KZ,1930,8.605620418137388,Kazakhstan
GM,1929,16.03342158453611,Germany
AU,1928,28.9408014571949,Austria
EN,1928,20.18062926459439,Estonia
TS,1928,12.73640856672158,Tunisia
EI,1927,26.48310502283105,Ireland
GM,1927,23.375474847473235,Germany
TX,1927,4.664718548139034,Turkmenistan
UK,1927,25.132576419213972,United Kingdom
WA,1927,8.141552511415526,Namibia
CU,1965,9.742465753424657,Cuba
FG,1965,86.84931506849315,French Guiana [France]
GM,1965,28.787563821195707,Germany
VQ,1965,16.516129032258064,Virgin Islands [United States]
US,1958,24.45914985193978,United States
UV,1958,25.279797514956282,Burkina Faso
MT,1958,68.0632911392405,Malta
AJ,1957,12.78878618475674,Azerbaijan
BE,1957,21.53698630136986,Belgium
FG,1957,88.9041095890411,French Guiana [France]
JQ,1957,12.723098995695839,Johnston Atoll [United States]
KR,1957,34.772602739726025,Kiribati
MR,1957,5.641217564870259,Mauritania
SA,1957,3.304109589041096,Saudi Arabia
TO,1957,40.49342105263158,Togo
BD,1950,30.93111111111111,Bermuda [United Kingdom]
FI,1950,10.745205479452055,Finland
SZ,1950,36.44579256360078,Switzerland
CQ,1949,34.78904109589041,Northern Mariana Islands [United States]
KE,1949,13.747945205479452,Kenya
SZ,1949,27.176908023483367,Switzerland
CA,1940,22.336863893057075,Canada
RQ,1940,49.822195097141694,Puerto Rico [United States]
MQ,1940,36.830601092896174,Midway Islands [United States}
HU,1939,18.22027397260274,Hungary
LE,1939,14.548178613396004,Lebanon
UP,1939,14.536534663756367,Ukraine
BK,1915,40.347945205479455,Bosnia and Herzegovina
SW,1914,12.814183943739154,Sweden
LH,1913,11.161643835616438,Lithuania
LT,1913,23.46849315068493,Lesotho
SZ,1913,38.54951076320939,Switzerland
WZ,1913,29.578186596583443,Swaziland
KG,1936,10.34121963562753,Kyrgyzstan
UP,1936,11.950214211848131,Ukraine
MI,1935,19.678538812785387,Malawi
NG,1935,38.41434262948207,Niger
NG,1909,47.72477064220183,Niger
MI,1909,0.0,Malawi
IT,1908,20.69334343669853,Italy
US,1907,26.957639084457632,United States
EG,1906,1.0348918353105374,Egypt
HR,1906,33.32260273972603,Croatia
UZ,1906,6.532876712328767,Uzbekistan
CY,1905,11.847945205479451,Cyprus
GY,2023,63.56410256410256,Guyana
RP,2023,147.13333333333333,Philippines
LE,2023,74.125,Lebanon
CM,2023,72.1923076923077,Cameroon
MR,2023,53.2,Mauritania
NL,1904,15.38747268754552,Netherlands
WZ,1904,30.459016393442624,Swaziland
AM,1912,12.827331486611264,Armenia
GG,1911,20.349275362318842,Georgia
RO,1911,13.895890410958904,Romania
SI,1911,35.59178082191781,Slovenia
MI,1910,0.0,Malawi
