Country_Code,year,avg(Value),Country_Name
AY,2010,25.74734446130501,Antarctica
FP,2010,42.24664770418529,French Polynesia
AE,2012,5.5335892514395395,United Arab Emirates
CY,2012,22.583138173302107,Cyprus
EN,2012,23.917189579768017,Estonia
GQ,2012,80.07936507936508,Guam [United States]
KE,2012,56.716,Kenya
BG,2018,65.05888,Bangladesh
CF,2018,83.79843342036554,Congo (Brazzaville)
FP,2018,46.308939323761,French Polynesia
MG,2018,56.51721094439541,Mongolia
RI,2018,18.008294930875575,Serbia
TS,2018,11.087019579405366,Tunisia
TZ,2018,108.01442841287458,Tanzania
WA,2018,36.8943894389439,Namibia
EC,2018,64.85166666666667,Ecuador
WI,2018,9.93939393939394,Western Sahara
LU,2020,21.549180327868854,Luxembourg
MP,2020,48.419526627218936,Mauritius
MX,2020,20.416264333132165,Mexico
MT,2020,4.325174825174825,Malta
ZI,2020,21.125,Zimbabwe
BA,2020,11.366666666666667,Bahrain
AF,2004,6.276595744680851,Afghanistan
BR,2004,20.591767881241566,Brazil
EZ,2004,17.135253456221196,Czech Republic
FR,2004,20.035385376104827,France
GM,2004,21.765517475004597,Germany
NO,2004,35.975937375709584,Norway
UP,2004,26.22949850327063,Ukraine
IV,2004,43.22577030812325,Cote D'Ivoire
BD,2005,37.785714285714285,Bermuda [United Kingdom]
IR,2005,9.05341628231256,Iran
BR,2005,47.95622720166754,Brazil
BF,2005,49.136170212765954,"Bahamas, The"
AO,2005,47.08695652173913,Angola
BB,1983,30.770186335403725,Barbados
BK,1983,21.791780821917808,Bosnia and Herzegovina
US,1983,27.785136635839777,United States
BA,1983,465.8,Bahrain
AY,1982,6.76951871657754,Antarctica
IO,1982,66.04931506849314,British Indian Ocean Territory [United Kingdom]
TU,1982,23.115399459668083,Turkey
LU,1993,26.01095890410959,Luxembourg
JO,1993,9.380208333333334,Jordan
AE,1993,123.0,United Arab Emirates
NP,1993,59.857142857142854,Nepal
CK,1993,9.018518518518519,Cocos (Keeling) Islands [Australia]
AJ,1985,11.014265454242096,Azerbaijan
FJ,1985,57.62170841361593,Fiji
GB,1985,182.2858683926645,Gabon
GI,1985,11.333333333333334,Gibraltar [United Kingdom]
JO,1985,1.5674232309746328,Jordan
JA,1996,99.68427014780451,Japan
KZ,1996,5.711157894736842,Kazakhstan
NC,1996,205.5185185185185,New Caledonia [France]
TU,1996,24.071938839453566,Turkey
ZI,1996,67.42512077294685,Zimbabwe
JM,1996,26.526645768025077,Jamaica
LE,1996,26.553752535496958,Lebanon
GH,1996,36.973958333333336,Ghana
BD,1995,38.85674157303371,Bermuda [United Kingdom]
BK,1995,29.893150684931506,Bosnia and Herzegovina
FJ,1995,59.20291026677445,Fiji
NZ,1995,29.290197250448298,New Zealand
PA,1995,31.15354135710748,Paraguay
TI,1995,6.036127167630058,Tajikistan
TU,1995,23.662879754914474,Turkey
TL,1995,111.21739130434783,Tokelau [New Zealand]
CG,1995,62.13461538461539,Congo (Kinshasa)
NG,1995,59.273342354533156,Niger
GT,1979,33.38904109589041,Guatemala
DA,1976,15.16554578375582,Denmark
PP,1976,65.61020036429872,Papua New Guinea
RQ,1976,33.55405360412852,Puerto Rico [United States]
TX,1976,6.149913842619184,Turkmenistan
FM,1967,108.15633220593762,Federated States of Micronesia
WA,1967,9.948804691023906,Namibia
BK,1968,36.072463768115945,Bosnia and Herzegovina
GB,1968,53.513371071637714,Gabon
GL,1968,19.507831214298875,Greenland [Denmark]
MZ,1968,25.090846994535518,Mozambique
ET,1962,23.72394471423235,Ethiopia
GQ,1962,74.6027918781726,Guam [United States]
GR,1962,26.23194662480377,Greece
LU,1962,19.357907845579078,Luxembourg
MI,1962,33.16268429079817,Malawi
NG,1962,11.487065586621375,Niger
WA,1962,5.687128092702787,Namibia
BM,1962,55.333333333333336,Burma
ID,1961,108.63619963920625,Indonesia
SV,1961,17.61917808219178,Svalbard [Norway]
SY,1961,3.7194696441032797,Syria
TH,1961,47.86174708293914,Thailand
TZ,1961,36.349917081260365,Tanzania
UP,1961,12.12272615156934,Ukraine
WQ,1961,30.378082191780823,Wake Island [United States]
UC,1961,71.0,Curacao
SI,1954,34.83879781420765,Slovenia
WZ,1954,23.123372597644142,Swaziland
AS,1953,17.279221179301075,Australia
IV,1953,47.8346201743462,Cote D'Ivoire
SI,1953,27.986301369863014,Slovenia
BC,1948,15.20223484154607,Botswana
IN,1948,35.337698982515334,India
JN,1948,14.825136612021858,Jan Mayen [Norway]
PO,1948,27.62446873102611,Portugal
CA,1947,23.22426938567689,Canada
NO,1947,23.73851659879057,Norway
VQ,1947,13.205298013245033,Virgin Islands [United States]
CA,1942,22.364450473020202,Canada
GV,1942,133.06648199445982,Guinea
IN,1942,36.42173727856402,India
UK,1942,21.525346968590213,United Kingdom
BO,1941,12.609544468546638,Belarus
HR,1941,27.35753424657534,Croatia
RQ,1941,46.678815969661855,Puerto Rico [United States]
VQ,1941,22.04931506849315,Virgin Islands [United States]
PL,1941,57.48867313915858,Poland
KS,1938,26.301369863013697,"Korea, South"
SF,1938,15.70743241172926,South Africa
AU,1937,33.40481704492821,Austria
HU,1937,23.49041095890411,Hungary
BC,1922,7.979231568016615,Botswana
IN,1922,35.35446539259933,India
IS,1922,9.316438356164383,Israel
MX,1922,26.874912430917725,Mexico
SZ,1922,54.62622309197652,Switzerland
FR,1916,29.35480093676815,France
HR,1916,31.566256830601095,Croatia
TS,1921,8.807634354595681,Tunisia
EI,1918,21.696803652968036,Ireland
FI,1918,12.56936416184971,Finland
KZ,1918,7.763468740996831,Kazakhstan
EN,1920,12.443611371446423,Estonia
NO,1920,32.434953283155984,Norway
EN,1919,11.43572395128552,Estonia
LY,1919,12.409340659340659,Libya
TS,1919,5.34587995930824,Tunisia
AG,1898,17.5342666109486,Algeria
GM,1898,19.445729013254788,Germany
UZ,1898,8.073972602739726,Uzbekistan
DA,1897,17.664187866927595,Denmark
HR,1897,28.525206232813932,Croatia
SP,1897,29.482191780821918,Spain
AG,1896,10.056007226738934,Algeria
AS,1896,15.531423552625247,Australia
BE,1895,20.46301369863014,Belgium
AM,1893,9.457534246575342,Armenia
GM,1893,17.209414475930352,Germany
GG,1892,26.795321637426902,Georgia
AM,1891,13.93972602739726,Armenia
LH,1891,17.242165242165242,Lithuania
AM,1890,7.189041095890411,Armenia
MD,1889,17.057534246575344,Moldova
AJ,1888,9.055059523809524,Azerbaijan
SW,1888,12.796827431501361,Sweden
EZ,1887,13.780821917808218,Czech Republic
FR,1887,18.05662100456621,France
LG,1887,13.905594405594405,Latvia
IT,1877,22.649315068493152,Italy
UK,1874,-1.0767123287671232,United Kingdom
SF,1872,23.377959927140257,South Africa
BF,2011,31.450757575757574,"Bahamas, The"
KR,2011,27.29230769230769,Kiribati
PP,2011,96.49867374005305,Papua New Guinea
SB,2011,34.22752808988764,Saint Pierre and Miquelon [France]
VM,2011,52.18689710610933,Vietnam
ZI,2011,83.28378378378379,Zimbabwe
ZA,2011,27.0,Zambia
LO,2016,22.63129102844639,Slovakia
RS,2016,15.128555825563774,Russia
BL,2017,91.43280377844569,Bolivia
HU,2017,15.862155388471178,Hungary
MK,2017,14.346344925479062,Macedonia
TZ,2017,87.2568306010929,Tanzania
BO,2006,17.530835896002237,Belarus
WA,2006,53.597096188747734,Namibia
FK,2006,18.99003322259136,Falkland Islands (Islas Malvinas) [United Kingdom]
GR,2006,19.506621102093124,Greece
EG,2006,26.04964539007092,Egypt
LA,2006,121.4231884057971,Laos
AM,2014,53.77751572327044,Armenia
FM,2014,96.32597718346736,Federated States of Micronesia
RS,2014,14.67707653744463,Russia
BA,2014,35.5,Bahrain
SU,2014,135.58333333333334,Sudan
CD,2014,74.22191011235955,Chad
EK,2014,58.421052631578945,Equatorial Guinea
CF,2003,47.14745308310992,Congo (Brazzaville)
NL,2003,18.445435446458557,Netherlands
SW,2003,16.838856672584985,Sweden
VQ,2003,29.795654911838792,Virgin Islands [United States]
AO,2003,49.04545454545455,Angola
AQ,1984,113.78384279475982,American Samoa [United States]
BO,1984,16.10652092375288,Belarus
IC,1984,37.49058425881217,Iceland
IO,1984,64.93442622950819,British Indian Ocean Territory [United Kingdom]
PL,1984,7.321078431372549,Poland
RM,1984,60.76639344262295,Marshall Islands
SA,1984,17.036437246963562,Saudi Arabia
VM,1984,1.9717285945072698,Vietnam
BE,1992,25.040983606557376,Belgium
EC,1992,87.41939120631342,Ecuador
GQ,1992,52.02157980456026,Guam [United States]
HR,1992,27.59037410676755,Croatia
LO,1992,16.93746848209783,Slovakia
MZ,1992,43.685103244837755,Mozambique
SA,1992,6.772418478260869,Saudi Arabia
BN,1992,69.95685670261942,Benin
BL,2009,102.52450518378888,Bolivia
FP,2009,46.716579406631766,French Polynesia
SF,2009,40.48151605675878,South Africa
CM,2009,116.96428571428571,Cameroon
MK,2009,99.0,Macedonia
MR,2009,53.15194346289753,Mauritania
ET,2009,70.12289562289563,Ethiopia
AE,2007,5.119186046511628,United Arab Emirates
BX,2007,115.15463917525773,Brunei
FI,2007,18.459138754426434,Finland
GI,2007,20.88888888888889,Gibraltar [United Kingdom]
MF,2007,21.149122807017545,Mayotte [France]
LE,2007,103.80341880341881,Lebanon
BB,1981,41.527472527472526,Barbados
BE,1981,27.84109589041096,Belgium
IC,1981,27.741808132649034,Iceland
MG,1981,3.872146118721461,Mongolia
SZ,1981,40.33150684931507,Switzerland
NF,1981,209.61904761904762,Norfolk Island [Australia]
CK,1981,99.83333333333333,Cocos (Keeling) Islands [Australia]
GH,1981,50.625,Ghana
US,2013,28.125721979577925,United States
EK,2013,89.27027027027027,Equatorial Guinea
BG,1988,7.312676056338028,Bangladesh
BY,1988,32.18715846994535,Burundi
CI,1988,15.588582677165354,Chile
FJ,1988,64.87124463519314,Fiji
FM,1988,93.47726239199636,Federated States of Micronesia
KU,1988,0.0,Kuwait
KZ,1988,7.793323392975481,Kazakhstan
PS,1988,108.946875,Palau
SV,1988,9.919718309859155,Svalbard [Norway]
VQ,1988,28.894717843821443,Virgin Islands [United States]
ZI,1988,20.222078132598476,Zimbabwe
CF,1988,83.81153305203938,Congo (Brazzaville)
AJ,1974,13.786726884957973,Azerbaijan
RM,1974,86.16228070175438,Marshall Islands
SP,1974,15.642914561322922,Spain
TX,1974,5.6867817978856126,Turkmenistan
UY,1974,37.37550138846035,Uruguay
EZ,1980,20.449111925570904,Czech Republic
GG,1980,32.46340913573985,Georgia
HU,1980,18.077285318559557,Hungary
NH,1980,3.034003091190108,Vanuatu
NO,1980,29.043678802403072,Norway
SZ,1980,35.0853825136612,Switzerland
AG,1977,4.0685997171145685,Algeria
UZ,1977,7.405915195412706,Uzbekistan
RI,1969,20.07853881278539,Serbia
TZ,1969,24.950410958904108,Tanzania
PM,1969,117.80434782608695,Panama
EG,1966,1.9456424079065588,Egypt
CH,1972,19.499019874761775,China
JN,1972,24.724043715846996,Jan Mayen [Norway]
NG,1972,6.334884994523549,Niger
NL,1972,18.098452778578938,Netherlands
TX,1972,6.159034362181427,Turkmenistan
CQ,1960,71.28571428571429,Northern Mariana Islands [United States]
HR,1960,38.48919791407996,Croatia
PO,1960,47.98268041237113,Portugal
SA,1960,1.2668500687757909,Saudi Arabia
MC,1960,69.53548387096774,Macau S.A.R
AC,1959,30.561643835616437,Antigua and Barbuda
BR,1959,28.63268072839253,Brazil
GI,1959,35.67934782608695,Gibraltar [United Kingdom]
LH,2021,33.78693623639191,Lithuania
MF,2021,30.387005649717516,Mayotte [France]
MG,2021,62.70220588235294,Mongolia
PL,2021,23.40648723257419,Poland
AS,2002,13.100693595023507,Australia
CU,2002,29.870563674321502,Cuba
MP,2002,49.44141689373297,Mauritius
VE,2002,48.84814942926323,Venezuela
CT,2002,66.344,Central African Republic
NE,2002,51.0,Niue [New Zealand]
NU,2002,42.02142857142857,Nicaragua
SB,2002,3.8333333333333335,Saint Pierre and Miquelon [France]
IS,1952,9.086144029170464,Israel
KE,1952,16.89071038251366,Kenya
UP,1952,16.390974257565592,Ukraine
PL,1952,38.168458781362006,Poland
EZ,1951,12.315068493150685,Czech Republic
KE,1951,35.345205479452055,Kenya
EI,1943,26.512114537444933,Ireland
FR,1943,21.309298922442462,France
UY,1943,18.971689497716895,Uruguay
BE,1934,18.832876712328765,Belgium
EG,1934,1.6511547742157877,Egypt
KG,1934,12.257032542746828,Kyrgyzstan
AM,1933,12.065706570657065,Armenia
IT,1933,23.9706457925636,Italy
UG,1933,33.46520547945205,Uganda
CH,2001,20.612528907631614,China
HR,2001,28.931634555624612,Croatia
KS,2001,83.00879296562749,"Korea, South"
PS,2001,110.08787632221318,Palau
WZ,2001,46.39837398373984,Swaziland
FJ,2001,207.11111111111111,Fiji
GH,2001,59.8,Ghana
AR,1998,32.421715947649055,Argentina
GP,1998,45.342629482071715,Guadeloupe [France]
LY,1998,3.920939147101102,Libya
AS,1991,17.94778782431381,Australia
BE,1991,21.747945205479454,Belgium
BR,1991,41.6079767081995,Brazil
CI,1991,27.3755146856986,Chile
KZ,1991,6.3388237474135005,Kazakhstan
MA,1991,64.77947413061916,Madagascar
TZ,1991,72.31780821917808,Tanzania
JM,1994,30.06090373280943,Jamaica
KE,1994,26.40348101265823,Kenya
LG,1994,23.0218206614388,Latvia
MA,1994,76.15253288553036,Madagascar
NC,1994,73.86878453038673,New Caledonia [France]
RE,1994,44.621468926553675,Reunion [France]
SN,1994,61.28313253012048,Singapore
TO,1994,89.35050505050505,Togo
EG,1932,2.094617757970518,Egypt
GG,1931,29.761744966442954,Georgia
HR,1931,26.513698630136986,Croatia
NL,1931,19.805194805194805,Netherlands
GI,1987,33.44755244755245,Gibraltar [United Kingdom]
ID,1987,25.22566122678672,Indonesia
IS,1987,10.527937551355793,Israel
KS,1987,84.12068965517241,"Korea, South"
MP,1987,53.74794520547945,Mauritius
TV,1987,126.93950850661626,Tuvalu
SG,1987,77.17686170212765,Senegal
AF,1987,0.0,Afghanistan
AQ,2008,106.67927170868347,American Samoa [United States]
FG,2008,78.11439114391143,French Guiana [France]
GQ,2008,58.81977094635322,Guam [United States]
KE,2008,47.96025104602511,Kenya
MT,2008,13.574175824175825,Malta
MK,2008,92.62337662337663,Macedonia
ML,2008,73.37320574162679,Mali
IN,1926,34.772457020384564,India
NG,1926,120.91176470588235,Niger
GQ,2022,76.14290621779458,Guam [United States]
JN,2022,19.635616438356163,Jan Mayen [Norway]
TX,2022,27.34013605442177,Turkmenistan
GV,2022,160.25581395348837,Guinea
UP,1924,9.868414945462984,Ukraine
IN,1923,33.46350788113174,India
MI,1923,27.77716894977169,Malawi
SP,1923,10.758684149988499,Spain
UZ,1923,8.435616438356165,Uzbekistan
RQ,1917,43.64637960067356,Puerto Rico [United States]
WA,1917,10.263013698630138,Namibia
UK,1903,23.558212465699725,United Kingdom
AU,1902,29.182648401826484,Austria
MD,1902,9.043835616438356,Moldova
UP,1902,9.956223379081875,Ukraine
AM,1901,12.808219178082192,Armenia
EI,1901,22.98904109589041,Ireland
AU,1899,36.67123287671233,Austria
NL,1869,21.304566210045664,Netherlands
CA,1866,26.298548721492743,Canada
NL,1866,24.662106703146375,Netherlands
US,1866,22.835573940020684,United States
NL,1865,19.187671232876713,Netherlands
US,1865,19.019186046511628,United States
NL,1861,17.431506849315067,Netherlands
SF,1860,20.226775956284154,South Africa
EZ,1858,10.827397260273973,Czech Republic
CA,1843,42.21568627450981,Canada
SW,1838,17.663013698630138,Sweden
FM,1975,106.2354521038496,Federated States of Micronesia
GV,1975,0.0,Guinea
JN,1975,17.350684931506848,Jan Mayen [Norway]
SH,1975,40.863013698630134,Saint Helena [United Kingdom]
EU,1975,88.88888888888889,Europa Island [France]
PU,1975,0.0,Guinea-Bissau
TE,1975,22.75,Tromelin Island [France]
EG,1975,7.4,Egypt
AM,1978,10.40486867392697,Armenia
BC,1978,14.499186197916666,Botswana
IC,1978,32.8503750493486,Iceland
KG,1978,10.435994066471554,Kyrgyzstan
KZ,1978,8.186729286272378,Kazakhstan
MO,1978,11.730285127151298,Morocco
PO,1978,34.55313736574336,Portugal
SI,1978,38.03925148334094,Slovenia
SV,1978,11.779053084648494,Svalbard [Norway]
UY,1978,34.098829957830965,Uruguay
CG,1978,59.29936305732484,Congo (Kinshasa)
CW,1978,214.69230769230768,Cook Islands [New Zealand]
MB,1978,603.4615384615385,Martinique [France]
MK,1971,13.202739726027398,Macedonia
SW,1971,15.55731875529909,Sweden
SW,1839,13.915068493150685,Sweden
EZ,1824,14.068306010928962,Czech Republic
GM,1806,12.823321554770319,Germany
AQ,1965,127.386,American Samoa [United States]
AY,1965,2.8882211538461537,Antarctica
FR,1965,25.549230910933037,France
ID,1965,104.43413173652695,Indonesia
CA,2015,23.709029187069067,Canada
FP,2015,45.143429195485986,French Polynesia
LE,2015,27.219117647058823,Lebanon
PL,2015,13.856427378964941,Poland
AR,2019,69.38061205790727,Argentina
BP,2019,96.85092127303183,Solomon Islands
LY,2019,43.373831775700936,Libya
AU,1958,33.12439132359451,Austria
AY,1958,2.165588123334602,Antarctica
LG,1958,15.743799241318937,Latvia
MD,1958,14.76932629618131,Moldova
MO,1958,9.956461644782308,Morocco
PA,1958,46.87671232876713,Paraguay
TU,1958,33.75173130193906,Turkey
FM,1957,103.77958236658932,Federated States of Micronesia
KG,1957,10.91655640822087,Kyrgyzstan
PP,1957,94.87050359712231,Papua New Guinea
AJ,1950,11.563219457853695,Azerbaijan
CQ,1950,46.10989010989011,Northern Mariana Islands [United States]
SW,1950,19.193626195930467,Sweden
EI,1949,27.717560751948646,Ireland
ER,1949,6.5336076817558295,Eritrea
IC,1949,31.49894291754757,Iceland
JN,1949,24.421917808219177,Jan Mayen [Norway]
PO,1949,21.008842443729904,Portugal
BE,1940,21.833333333333332,Belgium
MR,1940,1.1566433566433567,Mauritania
NO,1940,26.650367806144526,Norway
SF,1940,16.040084576290617,South Africa
KZ,1939,7.117416193785466,Kazakhstan
SV,1939,11.92876712328767,Svalbard [Norway]
PO,2000,59.19825174825175,Portugal
NP,2000,49.22222222222222,Nepal
SW,1936,15.45978023526097,Sweden
SY,1936,11.650182196772514,Syria
UY,1936,35.14754098360656,Uruguay
EI,1935,24.089990817263544,Ireland
GG,1935,11.865753424657534,Georgia
PL,1935,46.915789473684214,Poland
BC,1999,47.205128205128204,Botswana
NO,1999,37.05106138348806,Norway
MA,1999,41.28706624605678,Madagascar
AJ,1909,12.574429223744293,Azerbaijan
BE,1909,22.78082191780822,Belgium
LT,1909,28.84109589041096,Lesotho
RO,1909,16.386301369863013,Romania
SW,1907,15.097306851481465,Sweden
RO,1906,15.857534246575343,Romania
MX,1905,15.04026845637584,Mexico
SP,2023,17.39779005524862,Spain
TH,2023,62.95791583166333,Thailand
SY,2023,70.22857142857143,Syria
GH,2023,68.86274509803921,Ghana
AU,1904,28.127959927140257,Austria
BO,1904,13.685792349726777,Belarus
EG,1904,1.8164983164983164,Egypt
BG,1990,21.5016077170418,Bangladesh
BP,1990,88.51274787535411,Solomon Islands
CS,1990,75.28453364817001,Costa Rica
MY,1990,67.642166344294,Malaysia
RP,1990,61.610800470865215,Philippines
WF,1990,84.3584,Wallis and Futuna [France]
SL,1990,0.2857142857142857,Sierra Leone
IZ,1990,10.0,Iraq
CW,1989,46.773648648648646,Cook Islands [New Zealand]
DA,1989,17.374075019137535,Denmark
DR,1989,70.00460829493088,Dominican Republic
FJ,1989,67.90374787052811,Fiji
NH,1989,86.23212321232123,Vanuatu
BH,1989,91.16867469879519,Belize
TL,1989,74.48837209302326,Tokelau [New Zealand]
CT,1989,87.45,Central African Republic
BU,1986,11.75761421319797,Bulgaria
LU,1986,26.590535491905356,Luxembourg
UY,1986,39.042714490865976,Uruguay
IV,1986,76.55203862660944,Cote D'Ivoire
BX,1997,89.80730897009967,Brunei
CA,1997,24.020875324142864,Canada
GY,1997,49.99708454810496,Guyana
JA,1997,107.58861150070126,Japan
KU,1997,3.885294117647059,Kuwait
MU,1997,8.71338028169014,Oman
RQ,1997,34.072090628218334,Puerto Rico [United States]
SF,1997,16.80343155538978,South Africa
TO,1997,75.08609271523179,Togo
GL,1973,22.34412481716236,Greenland [Denmark]
GR,1973,18.508821676118462,Greece
NL,1973,19.471100657289217,Netherlands
NU,1973,68.11538461538461,Nicaragua
AO,1973,18.401315789473685,Angola
CW,1973,274.3333333333333,Cook Islands [New Zealand]
EI,1970,28.101154734411086,Ireland
LE,1970,13.701536210680322,Lebanon
LH,1970,19.012379842703176,Lithuania
SZ,1970,41.693835616438356,Switzerland
AM,1964,12.341612145080353,Armenia
BN,1964,31.860655737704917,Benin
ER,1964,8.479508196721312,Eritrea
GM,1964,17.932810026811385,Germany
LT,1964,19.19848612279226,Lesotho
MQ,1964,34.169398907103826,Midway Islands [United States}
RO,1964,16.906901436956083,Romania
SZ,1964,31.073677377474844,Switzerland
ML,1964,18.65024630541872,Mali
CT,1963,38.41409001956947,Central African Republic
PM,1963,52.23013698630137,Panama
SP,1963,20.954529623466584,Spain
GP,1956,61.721311475409834,Guadeloupe [France]
KG,1956,10.629309584692708,Kyrgyzstan
LU,1956,20.996274217585693,Luxembourg
NL,1956,20.2644369065171,Netherlands
RQ,1956,51.817369017106756,Puerto Rico [United States]
CD,1955,20.612311557788946,Chad
FM,1955,121.68992684299381,Federated States of Micronesia
GP,1955,49.61643835616438,Guadeloupe [France]
PS,1955,94.4283088235294,Palau
CU,1946,17.194520547945206,Cuba
LT,1946,21.258447488584476,Lesotho
SP,1946,17.92452099864525,Spain
AE,1945,1.7983539094650205,United Arab Emirates
AM,1945,11.784243898202032,Armenia
IN,1945,33.72596146299789,India
NG,1930,161.3548387096774,Niger
AG,1929,15.02337891486546,Algeria
AJ,1929,17.986282578875173,Azerbaijan
EN,1929,15.438840674635664,Estonia
FI,1929,14.345205479452055,Finland
LY,1929,8.775652813534387,Libya
NG,1929,87.8923076923077,Niger
SF,1929,18.040176690742356,South Africa
IT,1928,21.085870413739265,Italy
KS,1928,32.076502732240435,"Korea, South"
SP,1928,14.987207207207208,Spain
TX,1928,5.352348993288591,Turkmenistan
BE,1927,22.28767123287671,Belgium
HU,1927,18.01808219178082,Hungary
SI,1914,39.95890410958904,Slovenia
MI,1914,0.0,Malawi
BO,1913,17.93917808219178,Belarus
SP,1912,11.938524590163935,Spain
AJ,1911,16.02557077625571,Azerbaijan
CA,1911,20.069493829272027,Canada
BR,1910,30.334419654048634,Brazil
EI,1910,22.947945205479453,Ireland
