Country_Code,year,avg(Value),Country_Name
AE,2009,6.78515625,United Arab Emirates
BE,2009,26.02046783625731,Belgium
BF,2009,40.32686084142395,"Bahamas, The"
IR,2009,9.744867084503998,Iran
RO,2009,16.774151280524123,Romania
MD,2009,35.71052631578947,Moldova
IN,2009,108.93436241610738,India
CS,2009,90.5879732739421,Costa Rica
GQ,2007,63.9546553808948,Guam [United States]
LH,2007,26.74549098196393,Lithuania
PA,2007,105.48609865470851,Paraguay
SE,2007,58.11174785100287,Seychelles
SF,2007,44.32727272727273,South Africa
UP,2007,25.09791977188776,Ukraine
US,2007,23.653613687539373,United States
AE,2013,4.808678500986193,United Arab Emirates
CU,2013,46.64548494983278,Cuba
SI,2013,40.055205479452056,Slovenia
GA,2013,121.19767441860465,"Gambia, The"
LA,2013,119.42739079102715,Laos
CB,2013,58.5,Cambodia
BP,2021,68.58171206225681,Solomon Islands
BU,2021,20.12133891213389,Bulgaria
FK,2021,9.91340782122905,Falkland Islands (Islas Malvinas) [United Kingdom]
NH,2021,103.360435875943,Vanuatu
BG,2002,39.576603034752814,Bangladesh
TE,2002,32.25830258302583,Tromelin Island [France]
CQ,2001,58.12755461592671,Northern Mariana Islands [United States]
GQ,2001,59.80263852242744,Guam [United States]
MB,2001,40.94827586206897,Martinique [France]
MY,2001,99.1923076923077,Malaysia
TI,2001,37.111111111111114,Tajikistan
AM,1998,10.032394366197183,Armenia
CA,1998,22.88638879544968,Canada
ES,1998,40.35576923076923,El Salvador
GA,1998,11.764976958525345,"Gambia, The"
KG,1998,19.45394736842105,Kyrgyzstan
PK,1998,1.6650863528614968,Pakistan
SW,1998,21.65588544747964,Sweden
TD,1998,41.10606060606061,Trinidad and Tobago
AJ,1998,8.0,Azerbaijan
AY,1991,12.161648177496039,Antarctica
CW,1991,49.026315789473685,Cook Islands [New Zealand]
FR,1991,19.0279176770503,France
GL,1991,17.30259243518912,Greenland [Denmark]
GM,1991,17.914384830981046,Germany
HO,1991,40.230731225296445,Honduras
LH,1991,16.98687482730036,Lithuania
TI,1991,22.18108747044917,Tajikistan
AE,1991,464.75,United Arab Emirates
EZ,1994,23.23719578641482,Czech Republic
ID,1994,22.938416175231676,Indonesia
SP,1994,13.727856451754771,Spain
UV,1994,107.16135265700483,Burkina Faso
RW,1994,87.1038961038961,Rwanda
BK,1987,26.41917808219178,Bosnia and Herzegovina
JO,1987,0.07707129094412331,Jordan
MG,1987,4.220192795535262,Mongolia
PP,1987,62.529680365296805,Papua New Guinea
RM,1987,65.41012145748988,Marshall Islands
TS,1987,6.9292986425339365,Tunisia
RW,1987,41.089171974522294,Rwanda
GH,1987,25.854166666666668,Ghana
BK,1975,23.13972602739726,Bosnia and Herzegovina
BU,1975,17.88728024819028,Bulgaria
CQ,1975,72.82481751824818,Northern Mariana Islands [United States]
GB,1975,52.1714527027027,Gabon
JQ,1975,7.249315068493151,Johnston Atoll [United States]
MK,1975,17.450726978998386,Macedonia
PS,1975,104.52624839948784,Palau
SG,1975,10.688333333333333,Senegal
SU,1975,12.70991222436309,Sudan
AR,1978,23.68380648152919,Argentina
SA,1978,133.25850340136054,Saudi Arabia
AL,1971,40.81095890410959,Albania
BO,1971,15.733661678348172,Belarus
GB,1971,50.20247757368646,Gabon
IV,1971,44.51749347258485,Cote D'Ivoire
SY,1971,12.266438356164384,Syria
UV,1971,21.426781519185592,Burkina Faso
CD,1965,17.328917197452228,Chad
NC,1965,246.54794520547946,New Caledonia [France]
RI,1965,17.11324200913242,Serbia
BE,1958,22.86027397260274,Belgium
CA,1958,21.622197561176446,Canada
JA,1958,49.65431218816821,Japan
JQ,1958,13.972222222222221,Johnston Atoll [United States]
NL,1958,21.24340696695112,Netherlands
RQ,1958,51.220101018748394,Puerto Rico [United States]
SP,1957,15.11480686695279,Spain
UG,1957,33.54835589941973,Uganda
CE,1957,430.2564102564103,Sri Lanka
AC,1957,53.22950819672131,Antigua and Barbuda
AS,1950,25.01475021690018,Australia
LH,1950,20.5,Lithuania
SG,1950,18.817123287671233,Senegal
EZ,1949,12.986301369863014,Czech Republic
KZ,1949,8.226873105240363,Kazakhstan
RM,1949,56.758203799654574,Marshall Islands
TS,1949,10.348684210526315,Tunisia
UP,1949,13.204269630062875,Ukraine
MD,1940,11.456284153005464,Moldova
FI,1939,13.7013698630137,Finland
TU,1939,79.79299363057325,Turkey
HR,1936,24.58948087431694,Croatia
TU,1936,79.75155279503106,Turkey
US,1935,24.151147580470145,United States
WA,1935,7.669406392694064,Namibia
BO,1909,17.317260273972604,Belarus
IN,1908,30.876301154894744,India
SI,1908,29.081967213114755,Slovenia
TI,1908,4.137026239067056,Tajikistan
KZ,1906,10.683427613660172,Kazakhstan
MX,1906,11.742807323452485,Mexico
CA,1905,21.053766124731965,Canada
IT,1905,29.454094030639197,Italy
BE,2023,22.608695652173914,Belgium
NL,2023,35.61816357250376,Netherlands
TU,2023,27.22787610619469,Turkey
WF,2023,112.56521739130434,Wallis and Futuna [France]
KZ,2023,0.0,Kazakhstan
SI,1904,36.12568306010929,Slovenia
SZ,1904,31.403981264637004,Switzerland
TS,1904,5.928118393234672,Tunisia
FS,2010,42.61043689320388,French Southern and Antarctic Lands [France]
PK,2010,12.50743382086305,Pakistan
VQ,2010,43.24727272727273,Virgin Islands [United States]
BN,2010,89.50726552179657,Benin
KZ,2010,6.5,Kazakhstan
AS,2012,20.92242261868568,Australia
CW,2012,29.81338028169014,Cook Islands [New Zealand]
IT,2012,17.995665783770768,Italy
RM,2012,67.61612021857924,Marshall Islands
SW,2012,21.523752424616468,Sweden
TV,2012,85.2010582010582,Tuvalu
TZ,2012,69.49793103448276,Tanzania
VE,2012,65.41918405481158,Venezuela
MK,2012,99.32323232323232,Macedonia
BU,2018,19.204450625869264,Bulgaria
CG,2018,175.04901960784315,Congo (Kinshasa)
GG,2018,39.9143135345667,Georgia
GQ,2018,85.54350828729282,Guam [United States]
LH,2018,30.442574257425743,Lithuania
RS,2018,14.131217554723724,Russia
SY,2018,93.65957446808511,Syria
TV,2018,69.22014925373135,Tuvalu
VE,2018,80.16941176470588,Venezuela
CT,2018,95.35336538461539,Central African Republic
SU,2018,31.46153846153846,Sudan
WQ,2018,64.66666666666667,Wake Island [United States]
CB,2018,92.75,Cambodia
CO,2020,42.15572267057961,Colombia
NF,2020,26.06111111111111,Norfolk Island [Australia]
VQ,2020,32.24539487613805,Virgin Islands [United States]
CG,2020,159.7054794520548,Congo (Kinshasa)
QA,2020,4.607476635514018,Qatar
BH,2004,28.12313432835821,Belize
DA,2004,22.434129326536087,Denmark
FG,2004,63.77601270849881,French Guiana [France]
MK,2004,35.33259423503326,Macedonia
BE,2004,50.57746478873239,Belgium
CT,2004,37.0835734870317,Central African Republic
EC,2004,35.5,Ecuador
NL,2005,22.719311627762167,Netherlands
PA,2005,36.619942196531795,Paraguay
BA,2005,51.111111111111114,Bahrain
BU,1983,9.159846547314578,Bulgaria
CW,1983,32.69415807560137,Cook Islands [New Zealand]
MR,1983,49.24418604651163,Mauritania
NH,1983,25.52173913043478,Vanuatu
NL,1983,22.26281349322935,Netherlands
PS,1983,101.285,Palau
WZ,1983,19.060301507537687,Swaziland
BP,1983,50.837587006960554,Solomon Islands
DR,1983,50.309248554913296,Dominican Republic
RW,1983,88.21052631578948,Rwanda
AU,1982,32.22821576763486,Austria
EN,1982,15.149813200498132,Estonia
MQ,1982,30.55440414507772,Midway Islands [United States}
SZ,1982,35.0958904109589,Switzerland
BU,1982,19.36849710982659,Bulgaria
CU,1993,43.03518821603928,Cuba
MU,1993,5.280382479950648,Oman
NC,1993,61.38213762811127,New Caledonia [France]
PO,1993,32.973098330241186,Portugal
RP,1993,52.42414068745004,Philippines
SN,1993,63.01977401129943,Singapore
SV,1993,13.732962447844228,Svalbard [Norway]
EU,1993,59.78095238095238,Europa Island [France]
BN,1993,76.5875152998776,Benin
BX,1985,91.22014925373135,Brunei
BY,1985,28.443835616438356,Burundi
CU,1985,28.68392370572207,Cuba
KR,1985,17.324528301886794,Kiribati
UZ,1985,7.188196958725561,Uzbekistan
TL,1985,93.56756756756756,Tokelau [New Zealand]
EI,1996,31.155906264945003,Ireland
MF,1996,42.06622516556291,Mayotte [France]
NN,1996,31.655072463768114,Sint Maarten
SF,1996,19.132758758827503,South Africa
BG,1996,53.70405330372016,Bangladesh
BB,1996,40.39432176656151,Barbados
NF,1996,53.58847736625514,Norfolk Island [Australia]
BF,1995,72.12587412587412,"Bahamas, The"
JN,1995,13.887671232876713,Jan Mayen [Norway]
LH,1995,20.251325801245102,Lithuania
NC,1995,153.5238764044944,New Caledonia [France]
UZ,1995,5.160378140807696,Uzbekistan
ES,1995,105.48275862068965,El Salvador
CU,1979,30.978201634877383,Cuba
FI,1979,16.89724831002034,Finland
KR,1979,32.775784753363226,Kiribati
PM,1979,79.9122085048011,Panama
SY,1979,13.850773430391264,Syria
NP,1979,20.849514563106798,Nepal
RW,1979,14.727272727272727,Rwanda
CA,1976,24.66036679945528,Canada
CH,1976,19.65267600282256,China
FG,1976,137.98072289156627,French Guiana [France]
LO,1976,19.261806510774875,Slovakia
PA,1976,31.695172413793102,Paraguay
WQ,1976,20.060109289617486,Wake Island [United States]
RE,1976,21.08450704225352,Reunion [France]
MF,1976,7.536585365853658,Mayotte [France]
AJ,1967,14.223527134284055,Azerbaijan
CA,1967,23.298314936621576,Canada
FG,1967,90.95890410958904,French Guiana [France]
GP,1967,38.657534246575345,Guadeloupe [France]
PA,1967,32.66575342465753,Paraguay
RS,1967,14.018339788825807,Russia
AJ,1968,11.895088859163003,Azerbaijan
GP,1968,47.076502732240435,Guadeloupe [France]
KE,1968,32.514754098360655,Kenya
NZ,1968,37.13090909090909,New Zealand
ID,1962,114.00298507462686,Indonesia
MK,1962,19.46849315068493,Macedonia
NL,1962,18.950610977957645,Netherlands
PK,1962,5.277408637873754,Pakistan
LQ,1962,91.2987012987013,Palmyra Atoll [United States]
AL,1961,35.553424657534244,Albania
BC,1961,12.623182082606167,Botswana
ET,1961,32.56677852348993,Ethiopia
JQ,1961,20.775342465753425,Johnston Atoll [United States]
SU,1961,11.284857801691007,Sudan
ZA,1961,34.43866749688667,Zambia
AC,1961,23.979041916167663,Antigua and Barbuda
CO,1961,41.26056338028169,Colombia
BR,1954,27.102516536014516,Brazil
MO,1954,10.678473177441541,Morocco
NO,1954,31.917554659308003,Norway
TZ,1954,26.148858447488585,Tanzania
US,1954,21.80028494287432,United States
WA,1954,14.436301369863013,Namibia
MC,1954,71.50802139037434,Macau S.A.R
CK,1953,47.83534136546185,Cocos (Keeling) Islands [Australia]
LO,1953,16.21301369863014,Slovakia
UZ,1953,10.014746800222593,Uzbekistan
WQ,1953,25.923287671232877,Wake Island [United States]
AM,1948,12.475147574642827,Armenia
EZ,1948,13.098360655737705,Czech Republic
GQ,1948,59.967213114754095,Guam [United States]
AM,1947,14.330280938833571,Armenia
CY,1947,18.054109589041097,Cyprus
UY,1947,20.12511415525114,Uruguay
CF,1947,39.43627450980392,Congo (Brazzaville)
CY,1942,17.917123287671235,Cyprus
MX,1942,19.381550272907212,Mexico
PO,1942,33.18569254185692,Portugal
IS,1941,14.022602739726027,Israel
UG,1941,40.32547945205479,Uganda
RO,1938,12.8,Romania
TS,1938,7.861040068201193,Tunisia
RQ,1937,48.991428893650614,Puerto Rico [United States]
AS,1922,14.71013564870038,Australia
SG,1922,10.046728971962617,Senegal
AM,1916,10.238219895287958,Armenia
FI,1921,17.887671232876713,Finland
AU,1918,31.224405850091408,Austria
BO,1918,22.206611570247933,Belarus
CY,1918,15.543013698630137,Cyprus
LT,1918,23.704109589041096,Lesotho
AU,1920,27.60792349726776,Austria
AU,1919,29.685844748858447,Austria
BC,1919,13.153961136023916,Botswana
HU,1919,20.378630136986303,Hungary
NO,1919,24.87305130026039,Norway
RO,1919,23.095890410958905,Romania
SG,1919,12.895424836601308,Senegal
AJ,1898,13.137862137862138,Azerbaijan
RO,1896,16.040983606557376,Romania
EG,1892,0.36065573770491804,Egypt
IT,1892,26.052693208430913,Italy
DA,1889,14.573776908023483,Denmark
EI,1887,19.23835616438356,Ireland
UK,1887,14.597260273972603,United Kingdom
FR,1886,22.751143641354073,France
IT,1884,20.51502732240437,Italy
KZ,1884,3.887510339123242,Kazakhstan
AJ,1883,5.771232876712329,Azerbaijan
UP,1882,10.62283105022831,Ukraine
DA,1876,14.277907884465261,Denmark
IT,1876,27.46487119437939,Italy
NL,1876,20.237141556668185,Netherlands
AS,1875,19.404553097917475,Australia
SW,1870,13.32734432685208,Sweden
MO,2011,27.51673151750973,Morocco
RI,2011,11.831050228310502,Serbia
RQ,2011,64.51962705623849,Puerto Rico [United States]
SV,2011,11.75,Svalbard [Norway]
TV,2011,44.96585365853659,Tuvalu
IZ,2011,1.4219653179190752,Iraq
ER,2011,48.9,Eritrea
CF,2016,90.8753691671589,Congo (Brazzaville)
HU,2016,19.09941844364442,Hungary
MG,2016,46.76516773733048,Mongolia
UZ,2016,64.02476780185758,Uzbekistan
JA,2017,47.47621798575005,Japan
JN,2017,14.832876712328767,Jan Mayen [Norway]
SN,2017,54.41095890410959,Singapore
BM,2017,120.17039106145252,Burma
GH,2017,73.12439807383628,Ghana
MR,2017,38.09448818897638,Mauritania
KE,2017,61.3469387755102,Kenya
CD,2017,75.56349206349206,Chad
CW,2006,48.965811965811966,Cook Islands [New Zealand]
HR,2006,25.655185909980432,Croatia
TO,2006,71.11070110701107,Togo
HO,2006,49.448101265822785,Honduras
LI,2006,19.5,Liberia
BX,2014,108.37307692307692,Brunei
EN,2014,16.600021755683674,Estonia
GQ,2014,92.06170212765957,Guam [United States]
IC,2014,33.89497716894977,Iceland
NC,2014,24.444755244755246,New Caledonia [France]
RQ,2014,43.34820867379007,Puerto Rico [United States]
TZ,2014,71.76277372262774,Tanzania
MG,2014,46.38364167478092,Mongolia
NU,2014,31.0,Nicaragua
MJ,2003,70.41830065359477,Montenegro
RI,2003,14.432876712328767,Serbia
RS,2003,13.820070295372815,Russia
UZ,2003,10.636834830684174,Uzbekistan
CK,2003,26.548387096774192,Cocos (Keeling) Islands [Australia]
SA,2003,55.93939393939394,Saudi Arabia
BD,1984,43.221311475409834,Bermuda [United Kingdom]
BY,1984,25.952185792349727,Burundi
EC,1984,64.92439594699923,Ecuador
FI,1984,17.231399235337967,Finland
FP,1984,58.81274900398407,French Polynesia
NN,1984,38.12222222222222,Sint Maarten
PS,1984,112.9024045261669,Palau
UK,1984,25.83908414914674,United Kingdom
FI,1992,18.31435516735978,Finland
LT,1992,10.950819672131148,Lesotho
SP,1992,14.943108124041975,Spain
WA,1992,4.665148063781321,Namibia
WZ,1992,17.39344262295082,Swaziland
ET,1992,63.08571428571429,Ethiopia
LH,1981,22.45283757338552,Lithuania
PO,1981,25.4983164983165,Portugal
SV,1981,12.128205128205128,Svalbard [Norway]
SW,1981,19.34705496167007,Sweden
TH,1981,41.91533264349626,Thailand
BP,1981,0.0,Solomon Islands
BD,1988,46.72677595628415,Bermuda [United Kingdom]
EZ,1988,19.788304959289416,Czech Republic
FG,1988,95.3859649122807,French Guiana [France]
RQ,1988,44.92329364413886,Puerto Rico [United States]
SP,1988,15.713435554880826,Spain
US,1988,20.836866245408917,United States
WF,1988,101.56462585034014,Wallis and Futuna [France]
MT,1988,10.521897810218977,Malta
BD,1974,34.83013698630137,Bermuda [United Kingdom]
FM,1974,115.58856559469118,Federated States of Micronesia
FP,1974,5.045738045738045,French Polynesia
ML,1974,8.921621621621622,Mali
RO,1974,17.880052414071162,Romania
UP,1974,16.626202346041055,Ukraine
ZI,1974,27.777759871071716,Zimbabwe
NZ,1974,0.0,New Zealand
CA,1980,24.48107358984028,Canada
FJ,1980,63.14029850746269,Fiji
FS,1980,43.20866590649943,French Southern and Antarctic Lands [France]
MG,1980,3.4122647237401336,Mongolia
NC,1980,106.95393759286776,New Caledonia [France]
NI,1980,55.4,Nigeria
AU,1977,29.186959030582805,Austria
GQ,1977,54.09477756286267,Guam [United States]
KZ,1977,8.386784685055579,Kazakhstan
TI,1977,12.38898213051634,Tajikistan
AY,1969,3.518121911037891,Antarctica
PS,1969,92.29967069154775,Palau
DA,1966,21.239063806074114,Denmark
ER,1966,3.9068493150684933,Eritrea
IS,1966,11.199086757990868,Israel
SP,1966,17.745531691198558,Spain
WQ,1966,16.69041095890411,Wake Island [United States]
PL,1972,16.256830601092897,Poland
PO,1972,36.422716627634664,Portugal
RQ,1972,40.67836420614974,Puerto Rico [United States]
VQ,1972,24.54947033898305,Virgin Islands [United States]
BY,1960,19.149532710280372,Burundi
ER,1960,7.270491803278689,Eritrea
MY,1960,100.17453963170536,Malaysia
CB,1960,48.27777777777778,Cambodia
AL,1959,44.842465753424655,Albania
BD,1959,41.6972602739726,Bermuda [United Kingdom]
EN,1959,13.298320321741187,Estonia
NG,1959,12.445108077360636,Niger
CK,1952,59.414847161572055,Cocos (Keeling) Islands [Australia]
HR,1951,30.173424657534248,Croatia
HU,1951,17.476712328767125,Hungary
IV,1951,53.75491905354919,Cote D'Ivoire
PO,1951,36.74694894146949,Portugal
AM,1944,13.30674793956044,Armenia
FR,1944,23.052423208191126,France
KG,1944,9.071204294540667,Kyrgyzstan
KZ,1944,6.091493941519336,Kazakhstan
RI,1944,19.92622950819672,Serbia
BC,1943,16.63576945929887,Botswana
CY,1934,18.013698630136986,Cyprus
MO,1934,15.758064516129032,Morocco
FI,1933,10.175342465753424,Finland
JN,1933,16.084931506849315,Jan Mayen [Norway]
MI,1933,22.885844748858446,Malawi
MX,1933,23.17369651624971,Mexico
NL,1933,15.421291585127202,Netherlands
SG,1933,19.12704918032787,Senegal
TI,1933,8.158647594278284,Tajikistan
FR,1932,25.021862901389206,France
HU,1932,15.322950819672132,Hungary
SV,1932,6.13595166163142,Svalbard [Norway]
UZ,1932,6.965027322404372,Uzbekistan
BR,1931,20.2038429474468,Brazil
CA,1931,21.4551367172702,Canada
TI,1931,11.570799706529714,Tajikistan
UK,1926,21.223872771758128,United Kingdom
LT,1925,25.786301369863015,Lesotho
AG,1924,11.895688991531948,Algeria
NG,1924,93.82857142857142,Niger
KG,1923,11.7765625,Kyrgyzstan
TI,1923,0.5384615384615384,Tajikistan
IN,1903,35.457878490226015,India
UZ,1903,6.645205479452055,Uzbekistan
AM,1902,9.541284403669724,Armenia
TX,1902,6.272027972027972,Turkmenistan
UP,1901,12.111238269626917,Ukraine
RS,1900,12.89062723246178,Russia
SW,1900,15.345875903314228,Sweden
EI,1899,22.244972577696526,Ireland
TX,1899,3.613013698630137,Turkmenistan
DA,1901,16.151076320939335,Denmark
SW,1869,13.481579900954221,Sweden
US,1868,25.19561630921518,United States
GM,1861,20.338403041825096,Germany
UK,1862,22.167812929848694,United Kingdom
AS,1750,31.350059222569183,Australia
EZ,1846,13.03013698630137,Czech Republic
SW,1846,12.863013698630137,Sweden
CA,1842,25.3419689119171,Canada
AS,1838,21.69508670520231,Australia
GM,1839,27.61487964989059,Germany
EZ,1831,17.14246575342466,Czech Republic
GM,1828,24.780722891566263,Germany
GM,1823,113.42,Germany
IT,1821,12.717808219178082,Italy
EZ,1818,12.01095890410959,Czech Republic
IS,2008,6.7458316388775925,Israel
JN,2008,16.598360655737704,Jan Mayen [Norway]
LG,2008,33.64256619144603,Latvia
NC,2008,37.328748280605225,New Caledonia [France]
SP,2008,19.27578298933695,Spain
BP,2008,123.25698324022346,Solomon Islands
QA,2008,75.8,Qatar
FR,2022,15.806156115359236,France
IN,2022,109.61045466221422,India
LU,2022,17.457534246575342,Luxembourg
MX,2022,16.659789620503282,Mexico
NZ,2015,24.574780753733112,New Zealand
RQ,2015,35.21411488651234,Puerto Rico [United States]
SB,2015,26.447513812154696,Saint Pierre and Miquelon [France]
UK,2015,27.85820311445767,United Kingdom
AM,2019,36.97131382673551,Armenia
BR,2019,65.19113012156686,Brazil
CA,2019,23.940322687227017,Canada
CO,2019,48.31261467889908,Colombia
FM,2019,95.75121874508571,Federated States of Micronesia
MF,2019,28.308988764044944,Mayotte [France]
NS,2019,54.56438356164384,Suriname
JU,2019,156.65217391304347,Juan De Nova Island [France]
EN,2000,19.833368915456873,Estonia
EZ,2000,12.869088416723784,Czech Republic
SU,2000,71.4496855345912,Sudan
AY,1999,212.49338758901322,Antarctica
CS,1999,100.53602305475505,Costa Rica
EZ,1999,14.645275805570726,Czech Republic
FG,1999,71.62692307692308,French Guiana [France]
GM,1999,23.252040958121277,Germany
MK,1999,14.02676399026764,Macedonia
MT,1999,17.420833333333334,Malta
UY,1999,25.049550739957716,Uruguay
NU,1999,44.35964912280702,Nicaragua
CA,1990,25.456613712922866,Canada
RO,1990,11.918803418803419,Romania
ZI,1990,56.36092715231788,Zimbabwe
MC,1990,0.0,Macau S.A.R
MR,1990,45.83009708737864,Mauritania
TO,1990,72.82565379825654,Togo
AM,1989,12.02004693261817,Armenia
BF,1989,42.853125,"Bahamas, The"
FP,1989,57.928329297820824,French Polynesia
NN,1989,42.275618374558306,Sint Maarten
PK,1989,1.0460842521911224,Pakistan
RQ,1989,42.037563002315764,Puerto Rico [United States]
SP,1989,18.822847632916282,Spain
TH,1989,38.528324000520904,Thailand
BN,1989,75.21032258064515,Benin
NG,1989,56.98382749326146,Niger
AL,1986,32.860581745235706,Albania
KU,1986,0.0,Kuwait
MF,1986,49.03260869565217,Mayotte [France]
RM,1986,81.69325887514958,Marshall Islands
SW,1986,18.100395028422778,Sweden
TN,1986,52.28310502283105,Tonga
GM,1997,19.655907395340904,Germany
RI,1997,19.141552511415526,Serbia
VM,1997,37.44258236526376,Vietnam
CV,1997,9.816254416961131,Cape Verde
EK,1997,709.3636363636364,Equatorial Guinea
ET,1973,25.997418879056045,Ethiopia
HR,1973,23.753424657534246,Croatia
LO,1973,15.252358490566039,Slovakia
MZ,1973,29.264986636120657,Mozambique
TX,1973,5.281037277147488,Turkmenistan
WF,1973,0.0,Wallis and Futuna [France]
AY,1970,2.5252837977296183,Antarctica
CU,1970,15.224657534246575,Cuba
HU,1964,17.220765027322404,Hungary
MK,1964,18.314207650273225,Macedonia
RP,1964,61.827134146341464,Philippines
SF,1964,14.563886387014534,South Africa
ZA,1964,23.90143673721613,Zambia
MX,1963,26.343941337503793,Mexico
PA,1963,56.956043956043956,Paraguay
SF,1963,17.349408346774393,South Africa
UK,1963,23.080849227117,United Kingdom
UZ,1963,8.829167109881928,Uzbekistan
LH,1956,17.412062615101288,Lithuania
LQ,1956,138.84426229508196,Palmyra Atoll [United States]
MI,1956,33.454974068835455,Malawi
AJ,1955,13.445966164115548,Azerbaijan
CQ,1955,38.68571428571428,Northern Mariana Islands [United States]
IN,1955,36.35667918970554,India
IT,1955,19.534495641344957,Italy
MY,1955,117.78279341476367,Malaysia
NO,1955,27.12366892045572,Norway
SF,1955,18.196378303325982,South Africa
VQ,1955,26.852054794520548,Virgin Islands [United States]
ZA,1955,27.7783967811823,Zambia
AM,1946,17.344577470942934,Armenia
CY,1946,13.836301369863014,Cyprus
MO,1946,12.035276073619633,Morocco
UP,1946,11.1209796171433,Ukraine
BE,1945,20.23835616438356,Belgium
SF,1945,11.681942766422702,South Africa
WA,1945,7.357990867579908,Namibia
NU,1945,70.73221757322176,Nicaragua
PP,1945,116.18545454545455,Papua New Guinea
KG,1927,10.89341983317887,Kyrgyzstan
IN,1915,34.480120925291494,India
BO,1914,16.65917808219178,Belarus
DA,1914,16.66262230919765,Denmark
AJ,1913,11.24906015037594,Azerbaijan
IS,1913,14.306849315068494,Israel
UK,1912,25.525146435063622,United Kingdom
BC,1911,18.016431924882628,Botswana
MO,1911,12.613924050632912,Morocco
AU,1910,34.6310502283105,Austria
EG,1910,0.8791208791208791,Egypt
GM,1910,22.264076658078338,Germany
NO,1910,29.006019970440864,Norway
