Country_Code,year,avg(Value),Country_Name
AS,2010,27.893660497575528,Australia
CY,2010,11.811276429130775,Cyprus
RM,2010,79.59041095890412,Marshall Islands
NS,2012,56.131506849315066,Suriname
HO,2012,34.49134687735139,Honduras
ZA,2012,7.5,Zambia
MZ,2012,71.25625,Mozambique
BL,2018,92.4179523141655,Bolivia
PK,2018,32.35674676524954,Pakistan
SZ,2018,36.06999041227229,Switzerland
US,2018,32.509096449248084,United States
CM,2018,99.94680851063829,Cameroon
CY,2020,8.982954545454545,Cyprus
EZ,2020,23.23480453972257,Czech Republic
SE,2020,68.25070422535211,Seychelles
TV,2020,85.25641025641026,Tuvalu
TX,2020,38.39274924471299,Turkmenistan
NI,2020,125.45890410958904,Nigeria
MR,2020,20.88235294117647,Mauritania
FJ,2004,65.3406113537118,Fiji
IT,2004,24.02958461332977,Italy
RS,2004,15.383398306633367,Russia
CK,2004,45.7,Cocos (Keeling) Islands [Australia]
BC,2005,55.76640419947507,Botswana
CA,2005,23.54596744930362,Canada
CU,2005,48.3529921942758,Cuba
GI,2005,25.107806691449813,Gibraltar [United Kingdom]
PE,2005,34.70557717250324,Peru
RP,2005,67.69602272727273,Philippines
TH,2005,52.96028600295329,Thailand
BP,2005,74.56317689530685,Solomon Islands
QA,2005,40.285714285714285,Qatar
EC,2005,3.3333333333333335,Ecuador
CU,1983,46.48453608247423,Cuba
FJ,1983,43.79527559055118,Fiji
IC,1983,36.798371647509576,Iceland
KG,1983,10.681433686115591,Kyrgyzstan
MU,1983,3.307412460209186,Oman
JU,1982,57.86516853932584,Juan De Nova Island [France]
NG,1982,70.05247813411079,Niger
SX,1982,41.0,South Georgia and the South Sandwich Islands [United Kingdom]
IR,1993,4.983824680406992,Iran
UK,1993,27.455592595603978,United Kingdom
BX,1993,64.5909090909091,Brunei
MR,1985,42.554054054054056,Mauritania
FM,1996,119.89528422852258,Federated States of Micronesia
PA,1996,40.68049881745861,Paraguay
PS,1996,100.74398073836277,Palau
RM,1996,86.1562947067239,Marshall Islands
RP,1996,69.11142818317707,Philippines
GY,1996,78.4950495049505,Guyana
BX,1995,87.9075907590759,Brunei
EG,1995,2.6454233052171197,Egypt
TE,1995,24.056338028169016,Tromelin Island [France]
BN,1995,87.633608815427,Benin
HR,1979,33.46554267650158,Croatia
MI,1979,31.983409436834094,Malawi
MT,1979,19.53481012658228,Malta
PS,1979,107.19661733615222,Palau
TN,1979,11.063829787234043,Tonga
WA,1979,8.918176896195304,Namibia
NF,1979,1.8,Norfolk Island [Australia]
GY,1979,67.12820512820512,Guyana
GI,1976,22.573667711598745,Gibraltar [United Kingdom]
KG,1976,12.263119062989947,Kyrgyzstan
MI,1976,37.114754098360656,Malawi
PL,1976,15.373665480427047,Poland
CW,1976,351.38461538461536,Cook Islands [New Zealand]
SX,1976,48.592592592592595,South Georgia and the South Sandwich Islands [United Kingdom]
GA,1976,39.07692307692308,"Gambia, The"
AO,1976,8.777777777777779,Angola
NF,1976,0.0,Norfolk Island [Australia]
AS,1967,16.7392624820495,Australia
BN,1967,35.63742289239205,Benin
LG,1967,18.138914109315415,Latvia
TX,1967,4.82771560236998,Turkmenistan
CU,1968,9.024590163934427,Cuba
LT,1968,14.560672514619883,Lesotho
MR,1968,3.2111276701440636,Mauritania
SI,1968,41.04945355191257,Slovenia
BE,1962,23.613698630136987,Belgium
EZ,1962,27.992248062015506,Czech Republic
FM,1962,127.39023372287146,Federated States of Micronesia
LE,1962,19.726274509803922,Lebanon
PL,1962,37.36105032822757,Poland
ES,1962,127.48872180451127,El Salvador
AJ,1961,9.70965854696309,Azerbaijan
CQ,1961,61.960893854748605,Northern Mariana Islands [United States]
TS,1961,5.147945205479452,Tunisia
MB,1961,239.16666666666666,Martinique [France]
AS,1954,19.480654303664657,Australia
KR,1954,5.448559670781893,Kiribati
RO,1954,21.366732154551407,Romania
BN,1953,36.8772602739726,Benin
IZ,1953,3.868035190615836,Iraq
MP,1953,67.15342465753425,Mauritius
FR,1948,20.254549616573193,France
LU,1948,21.808743169398905,Luxembourg
JQ,1947,11.891666666666667,Johnston Atoll [United States]
KS,1947,29.931506849315067,"Korea, South"
FM,1947,107.50980392156863,Federated States of Micronesia
BK,1942,22.315068493150687,Bosnia and Herzegovina
KG,1941,11.319734726688102,Kyrgyzstan
MI,1941,25.272727272727273,Malawi
WA,1941,4.279452054794521,Namibia
TU,1941,87.03937007874016,Turkey
CA,1938,21.216555772854196,Canada
SV,1938,12.336986301369864,Svalbard [Norway]
SY,1938,13.242481203007518,Syria
LY,1937,5.182634730538922,Libya
MX,1937,20.786299526658496,Mexico
AG,1937,10.064129856306547,Algeria
AG,1916,17.045912653975364,Algeria
BO,1916,20.231811697574894,Belarus
LY,1916,5.7432835820895525,Libya
MX,1916,0.0,Mexico
RQ,1921,41.5631326584976,Puerto Rico [United States]
WA,1921,11.75068493150685,Namibia
EN,1918,14.12054794520548,Estonia
WA,1918,11.90958904109589,Namibia
FI,1920,14.387978142076502,Finland
BR,1919,14.158285273148358,Brazil
CY,1919,15.254794520547945,Cyprus
SW,1919,14.790502283105022,Sweden
AG,1897,9.055659010966274,Algeria
EI,1897,25.602739726027398,Ireland
LH,1896,14.92896174863388,Lithuania
MD,1896,7.658469945355192,Moldova
SW,1896,14.601975931473016,Sweden
UP,1894,11.2609375,Ukraine
UZ,1894,5.634246575342465,Uzbekistan
TS,1894,0.0,Tunisia
LH,1892,14.898692810457517,Lithuania
SW,1891,14.241398024530554,Sweden
EI,1889,22.80821917808219,Ireland
RS,1889,12.861384324027124,Russia
UP,1886,11.04366028708134,Ukraine
EN,1883,16.316438356164383,Estonia
RO,1883,18.646575342465752,Romania
EI,1882,24.775824175824177,Ireland
NL,1882,23.44931506849315,Netherlands
AG,1881,13.218573627501282,Algeria
FR,1881,17.10762331838565,France
RS,1878,49.93150684931507,Russia
CA,1876,24.84088615723328,Canada
CA,1874,22.196319339154076,Canada
UK,1872,24.05608755129959,United Kingdom
AQ,2011,113.76394849785407,American Samoa [United States]
AS,2011,25.852136622729997,Australia
BU,2011,22.11671270718232,Bulgaria
CJ,2011,19.94736842105263,Cayman Islands [United Kingdom]
NC,2011,34.334375,New Caledonia [France]
SI,2011,27.62027397260274,Slovenia
TD,2011,48.13559322033898,Trinidad and Tobago
UV,2011,62.078347578347575,Burkina Faso
BH,2016,48.08732394366197,Belize
FR,2016,20.27017669105836,France
MO,2016,27.3963133640553,Morocco
RI,2016,20.959016393442624,Serbia
SZ,2016,41.14055829228243,Switzerland
WA,2016,39.01030927835052,Namibia
GB,2016,136.87166666666667,Gabon
SG,2016,97.42307692307692,Senegal
KN,2016,133.65891472868216,"Korea, North"
NI,2016,93.56122448979592,Nigeria
BO,2017,33.67257001647447,Belarus
LO,2017,20.784817039868923,Slovakia
JO,2017,15.7,Jordan
ET,2017,59.70808678500986,Ethiopia
AS,2006,15.369173526178571,Australia
CO,2006,64.91855203619909,Colombia
EZ,2006,18.90430861723447,Czech Republic
MF,2006,34.80530973451327,Mayotte [France]
MX,2006,24.368534653797358,Mexico
GB,2006,96.54901960784314,Gabon
KR,2006,63.97090909090909,Kiribati
CQ,2014,68.84465020576131,Northern Mariana Islands [United States]
JN,2014,14.621917808219179,Jan Mayen [Norway]
LE,2014,21.796897038081806,Lebanon
MD,2014,65.05555555555556,Moldova
NS,2014,59.354395604395606,Suriname
NZ,2014,26.650657108721624,New Zealand
VE,2014,65.52017689331122,Venezuela
HU,2003,12.007573550830177,Hungary
UK,2003,20.62035013753567,United Kingdom
BC,2003,46.95307917888563,Botswana
EU,2003,0.0,Europa Island [France]
ET,1984,21.775795661869044,Ethiopia
GM,1984,23.44316266397665,Germany
MT,1984,7.982332155477032,Malta
MY,1984,92.52421307506053,Malaysia
ZA,1984,24.82328578002761,Zambia
IT,1992,53.451215910209704,Italy
MT,1992,16.49014084507042,Malta
NZ,1992,35.329108576256864,New Zealand
VQ,1992,26.988650693568726,Virgin Islands [United States]
AE,1992,129.5,United Arab Emirates
GY,1992,29.666666666666668,Guyana
CI,1981,16.89596700274977,Chile
EN,1981,22.894720202339553,Estonia
GL,1981,19.3787099983419,Greenland [Denmark]
GY,1981,82.91503267973856,Guyana
LE,1981,2.5,Lebanon
GP,1988,38.12271062271062,Guadeloupe [France]
LO,1988,18.26548223350254,Slovakia
MP,1988,36.56448087431694,Mauritius
PL,1988,16.84071630537229,Poland
SG,1988,84.84216459977452,Senegal
GM,1974,24.618569840745334,Germany
PO,1974,27.484861169247942,Portugal
RQ,1974,45.66687443512949,Puerto Rico [United States]
JM,1974,221.0,Jamaica
WI,1974,0.10869565217391304,Western Sahara
BF,1980,30.586402266288953,"Bahamas, The"
SV,1980,12.148725212464589,Svalbard [Norway]
WZ,1980,24.134280476626948,Swaziland
ZI,1980,19.492873895002706,Zimbabwe
SL,1980,89.01503759398496,Sierra Leone
TD,1980,199.26923076923077,Trinidad and Tobago
GG,1977,32.08910324298022,Georgia
RM,1977,60.29193205944798,Marshall Islands
TE,1977,19.456204379562045,Tromelin Island [France]
FS,1977,22.757575757575758,French Southern and Antarctic Lands [France]
BH,1977,1541.7142857142858,Belize
CJ,1969,47.56438356164384,Cayman Islands [United Kingdom]
IN,1969,30.581040750269732,India
PP,1969,98.95316804407713,Papua New Guinea
LT,1966,24.638356164383563,Lesotho
PA,1966,44.12876712328767,Paraguay
UG,1966,33.31506849315068,Uganda
ML,1966,17.42780082987552,Mali
AJ,1972,15.085526739172405,Azerbaijan
BE,1972,19.516393442622952,Belgium
BN,1972,29.881967213114756,Benin
BR,1972,33.806812787790285,Brazil
CJ,1972,41.78415300546448,Cayman Islands [United Kingdom]
TX,1959,4.5979531278386725,Turkmenistan
JN,1952,15.633879781420765,Jan Mayen [Norway]
UG,1952,26.591256830601093,Uganda
WQ,1952,31.530054644808743,Wake Island [United States]
GB,1951,67.37054794520547,Gabon
KZ,1951,7.003881150545517,Kazakhstan
NO,1951,31.674899564979675,Norway
RO,1951,14.41095890410959,Romania
SG,1951,20.143150684931506,Senegal
TZ,1951,37.169362992922146,Tanzania
AU,1944,32.68852459016394,Austria
EI,1944,26.34426229508197,Ireland
SI,1944,35.005464480874316,Slovenia
AJ,1943,15.225314712824547,Azerbaijan
LT,1943,30.859360730593608,Lesotho
BH,2008,39.65289256198347,Belize
RM,2008,69.70218579234972,Marshall Islands
SI,2008,39.81452192667146,Slovenia
UZ,2008,47.42662116040955,Uzbekistan
CE,2008,46.49144634525661,Sri Lanka
GV,2008,121.83333333333333,Guinea
IS,1934,12.682191780821919,Israel
SZ,1934,35.41174168297456,Switzerland
PO,1933,31.84931506849315,Portugal
MI,1932,20.07532751091703,Malawi
SF,1932,13.83133733630446,South Africa
SW,1932,14.944251360365104,Sweden
IN,1931,36.793738631568445,India
AR,2022,50.71996253679422,Argentina
EG,2022,57.34177215189873,Egypt
FM,2022,108.95432098765433,Federated States of Micronesia
FP,2022,41.296728971962615,French Polynesia
KS,2022,142.97035573122528,"Korea, South"
MK,2022,13.028629856850715,Macedonia
SI,2022,29.909832209502902,Slovenia
CS,2022,94.37406483790524,Costa Rica
CA,1925,20.501743628360632,Canada
AQ,2009,124.3958904109589,American Samoa [United States]
FR,2009,20.167120304844858,France
FS,2009,36.41240875912409,French Southern and Antarctic Lands [France]
IT,2009,21.28907644862847,Italy
NL,2009,21.770626420498772,Netherlands
SE,2009,64.87608069164266,Seychelles
UV,2009,70.09155766944114,Burkina Faso
TO,2009,86.83706720977597,Togo
AE,2015,9.796352583586627,United Arab Emirates
FJ,2015,42.7879810938555,Fiji
MC,2015,36.684065934065934,Macau S.A.R
MU,2015,24.488537549407116,Oman
VM,2015,54.85787797108552,Vietnam
TO,2015,69.94890510948905,Togo
UV,2015,87.93947368421053,Burkina Faso
NO,1923,29.967,Norway
VQ,1923,21.202739726027396,Virgin Islands [United States]
FI,1917,17.46301369863014,Finland
KG,1917,5.6300366300366305,Kyrgyzstan
AM,1903,12.417952314165499,Armenia
BK,1903,21.76986301369863,Bosnia and Herzegovina
MX,1903,15.990136214185064,Mexico
EG,1902,0.783363802559415,Egypt
GL,1902,23.80821917808219,Greenland [Denmark]
EN,1900,13.24931506849315,Estonia
IT,1900,27.30756721044875,Italy
LH,1900,16.482191780821918,Lithuania
AJ,1899,14.858082706766917,Azerbaijan
SF,1869,17.120898100172713,South Africa
EI,1866,36.16986301369863,Ireland
HR,1866,30.10543657331137,Croatia
GM,1864,17.022121014964217,Germany
EZ,1863,8.56986301369863,Czech Republic
CA,1862,23.895890410958906,Canada
NL,1862,18.987671232876714,Netherlands
SW,1860,17.00807334428024,Sweden
CA,1857,28.46849315068493,Canada
SW,1857,13.953424657534246,Sweden
GM,1851,32.49144254278728,Germany
AS,1848,9.123636363636363,Australia
CA,1841,35.73202614379085,Canada
GL,2019,14.821332616872649,Greenland [Denmark]
NP,2019,39.16981132075472,Nepal
TV,2019,103.70655270655271,Tuvalu
KN,2019,127.19444444444444,"Korea, North"
CV,2019,134.28571428571428,Cape Verde
EZ,1839,16.397260273972602,Czech Republic
IT,1837,18.71598173515982,Italy
EZ,1832,9.3224043715847,Czech Republic
UK,1827,16.65753424657534,United Kingdom
EZ,1811,13.33972602739726,Czech Republic
GM,1804,17.42622950819672,Germany
GM,1792,18.117486338797814,Germany
ZI,2007,66.70334928229666,Zimbabwe
JU,2007,11.42156862745098,Juan De Nova Island [France]
WA,2007,75.92277992277992,Namibia
BC,2013,26.430213464696223,Botswana
FM,2013,82.56288751107175,Federated States of Micronesia
KN,2013,136.8449848024316,"Korea, North"
LG,2013,29.696301564722617,Latvia
MO,2013,21.03395061728395,Morocco
RM,2013,56.87123287671233,Marshall Islands
AY,2021,18.118577981651377,Antarctica
TD,2021,53.68876080691643,Trinidad and Tobago
CB,2021,164.2,Cambodia
AS,2000,20.413992390729003,Australia
BH,2000,104.2831541218638,Belize
CF,2000,76.73413897280967,Congo (Brazzaville)
JU,2000,72.57333333333334,Juan De Nova Island [France]
MK,2000,18.39386189258312,Macedonia
NG,2000,47.34126984126984,Niger
RP,2000,96.7066541705717,Philippines
SY,2000,32.72043010752688,Syria
WI,2000,9.285714285714286,Western Sahara
WQ,2000,27.732142857142858,Wake Island [United States]
SB,2000,0.0,Saint Pierre and Miquelon [France]
ZA,2000,35.666666666666664,Zambia
GQ,1999,53.015282940933496,Guam [United States]
GR,1999,15.721583652618135,Greece
RP,1999,73.7678952177886,Philippines
CE,1999,33.5,Sri Lanka
TZ,1999,26.23404255319149,Tanzania
NZ,1999,19.12351326623971,New Zealand
AG,1999,17.6117496807152,Algeria
MO,1999,14.992827868852459,Morocco
CQ,2002,60.72115384615385,Northern Mariana Islands [United States]
IT,2002,38.16913676547062,Italy
KS,2002,98.40298507462687,"Korea, South"
MD,2002,16.54794520547945,Moldova
NL,2002,25.793170853760564,Netherlands
PE,2002,44.199192956713134,Peru
RO,2002,16.15782634376846,Romania
SF,2002,31.62247191011236,South Africa
AO,2002,42.37931034482759,Angola
CG,2002,151.125,Congo (Kinshasa)
BE,1990,20.81095890410959,Belgium
LO,1990,19.53176229508197,Slovakia
LU,1990,24.65280199252802,Luxembourg
VQ,1990,28.66400255754476,Virgin Islands [United States]
BX,1990,65.412,Brunei
DR,2001,56.64195804195804,Dominican Republic
KN,2001,117.82997118155619,"Korea, North"
NN,2001,29.732558139534884,Sint Maarten
PA,2001,84.8678787878788,Paraguay
SI,2001,35.49661139149243,Slovenia
SV,2001,9.62836879432624,Svalbard [Norway]
CE,2001,58.81132075471698,Sri Lanka
EG,2001,34.03030303030303,Egypt
MJ,2001,160.93333333333334,Montenegro
AO,2001,3.5,Angola
FG,1998,60.96296296296296,French Guiana [France]
MB,1998,60.182978723404254,Martinique [France]
SV,1998,6.402816901408451,Svalbard [Norway]
TU,1998,25.526616648803145,Turkey
VQ,1998,32.26669953167365,Virgin Islands [United States]
CB,1998,0.0,Cambodia
AS,1989,20.987654931522716,Australia
GL,1989,16.383533383345835,Greenland [Denmark]
NS,1989,66.66990291262135,Suriname
SW,1989,16.064195641208496,Sweden
US,1989,23.751420418367587,United States
SG,1989,80.12486883525709,Senegal
BL,1991,61.57184115523466,Bolivia
CA,1986,23.98651838368591,Canada
FR,1986,24.35785597960773,France
PM,1986,80.1808066759388,Panama
RW,1986,43.210144927536234,Rwanda
TU,1986,19.715384615384615,Turkey
EU,1986,37.363013698630134,Europa Island [France]
AE,1997,6.041666666666667,United Arab Emirates
AG,1997,11.35313315926893,Algeria
BK,1997,23.26027397260274,Bosnia and Herzegovina
JQ,1997,22.44109589041096,Johnston Atoll [United States]
LG,1997,38.46434494195688,Latvia
MB,1997,39.03605769230769,Martinique [France]
MI,1997,24.690322580645162,Malawi
PL,1997,15.767834529337273,Poland
IN,1994,46.625787121673774,India
IT,1994,22.42649985783338,Italy
MD,1994,29.2,Moldova
UK,1994,28.45158661160617,United Kingdom
NN,1994,19.121107266435985,Sint Maarten
CT,1994,94.05417607223477,Central African Republic
NP,1994,116.11627906976744,Nepal
NI,1994,41.0,Nigeria
CF,1973,41.77592425608656,Congo (Brazzaville)
MR,1973,2.1611258865248226,Mauritania
UZ,1973,7.30498667998668,Uzbekistan
CS,1987,66.97710360618203,Costa Rica
EC,1987,83.71964285714286,Ecuador
EG,1987,21.785714285714285,Egypt
JN,1987,19.956164383561642,Jan Mayen [Norway]
MF,1987,40.82795698924731,Mayotte [France]
AJ,1970,9.76869475450029,Azerbaijan
PM,1970,129.52328767123288,Panama
KS,1964,40.74681238615665,"Korea, South"
PS,1964,95.96491228070175,Palau
AM,1975,14.582480027005738,Armenia
GI,1975,26.80263157894737,Gibraltar [United Kingdom]
BO,1963,13.541593949970913,Belarus
GG,1963,39.764324420360666,Georgia
LT,1963,22.836301369863012,Lesotho
MR,1963,3.709040959040959,Mauritania
RQ,1963,45.550760378133994,Puerto Rico [United States]
PS,1978,114.65631929046563,Palau
SF,1978,16.064909045732147,South Africa
TO,1978,27.465526751241036,Togo
WA,1978,10.200248682574458,Namibia
EZ,1956,27.434131736526947,Czech Republic
GB,1956,56.163437655240934,Gabon
GQ,1956,49.5046677649643,Guam [United States]
ID,1956,78.62946428571429,Indonesia
JN,1956,20.814207650273225,Jan Mayen [Norway]
KZ,1956,7.999860629335976,Kazakhstan
RP,1956,59.16509268975166,Philippines
WA,1956,15.505464480874316,Namibia
AJ,1971,8.793516932402161,Azerbaijan
AY,1971,3.317574511819116,Antarctica
HR,1971,24.92118018967334,Croatia
JA,1971,45.664028206258266,Japan
LE,1971,19.942465753424656,Lebanon
LT,1955,25.936986301369863,Lesotho
NH,1955,134.34774774774775,Vanuatu
BD,1965,29.405038759689923,Bermuda [United Kingdom]
BR,1965,32.40941590845483,Brazil
HO,1965,50.333333333333336,Honduras
KZ,1965,7.317592579560009,Kazakhstan
MX,1965,26.751794558285408,Mexico
MZ,1965,30.075679394564844,Mozambique
UK,1965,26.14936070179462,United Kingdom
SG,1946,14.97800586510264,Senegal
AM,1958,12.788576931624565,Armenia
FM,1958,113.27348449791764,Federated States of Micronesia
GB,1958,44.19000802568218,Gabon
CA,1945,23.423129048783178,Canada
KG,1945,11.45763576970192,Kyrgyzstan
RO,1945,12.794520547945206,Romania
MX,1957,22.151545219638244,Mexico
RI,1957,17.915068493150685,Serbia
RS,1957,13.391871257430735,Russia
ST,1957,55.0,Saint Lucia
SH,1957,4.016393442622951,Saint Helena [United Kingdom]
GG,1930,20.717757009345796,Georgia
SI,1930,45.8,Slovenia
WA,1929,7.466666666666667,Namibia
GB,1950,61.10654333675917,Gabon
HU,1950,16.397260273972602,Hungary
AS,1928,17.134159598024002,Australia
NL,1928,20.738387978142075,Netherlands
CY,1927,13.702054794520548,Cyprus
MI,1927,26.73304157549234,Malawi
LU,1949,15.882191780821918,Luxembourg
MK,1949,17.723287671232878,Macedonia
UV,1949,25.373417721518987,Burkina Faso
KG,1915,11.418867924528302,Kyrgyzstan
SW,1915,14.090419216366792,Sweden
SZ,1915,38.93033268101761,Switzerland
BE,1914,23.446575342465753,Belgium
HU,1913,16.279452054794522,Hungary
FI,1940,13.319672131147541,Finland
IT,1940,21.228337236533957,Italy
IT,1939,23.34637964774951,Italy
GG,1912,28.251738525730183,Georgia
BE,1910,26.34246575342466,Belgium
GL,1936,13.771857923497267,Greenland [Denmark]
LE,1936,14.368457780879273,Lebanon
WA,1936,9.62112932604736,Namibia
AU,1935,29.32420091324201,Austria
IT,1935,21.48610567514677,Italy
TX,1935,4.277830337432986,Turkmenistan
UK,1935,25.873477672530445,United Kingdom
GL,1909,13.956164383561644,Greenland [Denmark]
GG,1908,32.98671096345515,Georgia
BL,2023,91.92588369441278,Bolivia
MK,2023,13.985365853658537,Macedonia
CT,2023,37.0,Central African Republic
