Country_Code,year,avg(Value),Country_Name
CI,2011,14.16708181643993,Chile
EI,2011,40.547649849072876,Ireland
JN,2011,23.794520547945204,Jan Mayen [Norway]
LU,2011,19.424657534246574,Luxembourg
RE,2011,48.92200557103064,Reunion [France]
SZ,2011,31.520205479452056,Switzerland
US,2011,27.903676030227782,United States
TI,2011,64.0,Tajikistan
ID,2016,142.42666666666668,Indonesia
IS,2016,10.782448765107725,Israel
MP,2016,35.30217028380634,Mauritius
MR,2016,66.4,Mauritania
RM,2016,65.78142484147706,Marshall Islands
CG,2016,136.87826086956522,Congo (Kinshasa)
ES,2016,98.92857142857143,El Salvador
CA,2017,23.91181763135676,Canada
GR,2017,16.3609375,Greece
IT,2017,14.210930602154335,Italy
LE,2017,20.71392405063291,Lebanon
MI,2017,54.714285714285715,Malawi
PO,2017,32.97534475553698,Portugal
QA,2017,98.6,Qatar
BA,2017,3.3333333333333335,Bahrain
FJ,2006,78.86501079913607,Fiji
GG,2006,59.69141531322506,Georgia
KS,2006,81.35022624434389,"Korea, South"
NL,2006,22.217237042327877,Netherlands
VM,2006,48.47447201148247,Vietnam
ZI,2006,37.06997084548105,Zimbabwe
BP,2006,103.5904761904762,Solomon Islands
ES,2006,97.63829787234043,El Salvador
KU,2006,18.306451612903224,Kuwait
BO,2014,35.38140106513724,Belarus
FP,2014,48.165020124405416,French Polynesia
FR,2014,24.257988250465683,France
IS,2014,10.98019801980198,Israel
JM,2014,23.251488095238095,Jamaica
UY,2014,97.67149150409062,Uruguay
WQ,2014,60.21487603305785,Wake Island [United States]
BM,2014,0.0,Burma
BG,2003,39.27765843179377,Bangladesh
FI,2003,15.611776878538981,Finland
FS,2003,31.99715909090909,French Southern and Antarctic Lands [France]
KN,2003,163.72425249169436,"Korea, North"
NO,2003,33.49112399643176,Norway
SI,2003,28.759878857802136,Slovenia
WF,2003,79.42831541218638,Wallis and Futuna [France]
LY,2003,5.332190312901843,Libya
AR,1984,35.25833236557891,Argentina
AS,1984,19.979094707795237,Australia
BG,1984,8.72923322683706,Bangladesh
DA,1984,21.662576687116566,Denmark
NS,1984,57.9635761589404,Suriname
PP,1984,65.93806921675774,Papua New Guinea
SZ,1984,34.41700819672131,Switzerland
BD,1992,39.73497267759563,Bermuda [United Kingdom]
BU,1992,15.707711442786069,Bulgaria
KN,1992,13.125946969696969,"Korea, North"
UK,1992,27.71523912456093,United Kingdom
CJ,1992,7.3052631578947365,Cayman Islands [United Kingdom]
CO,1981,51.40797854508884,Colombia
PM,1981,98.78767123287672,Panama
AE,1981,0.0,United Arab Emirates
BO,1988,18.17788023679417,Belarus
GM,1988,24.816347021517267,Germany
SY,1988,15.345632530120483,Syria
TZ,1988,30.676368676368675,Tanzania
LA,1988,49.833333333333336,Laos
LH,1974,21.615940959409595,Lithuania
NC,1974,203.41810344827587,New Caledonia [France]
SE,1974,79.83561643835617,Seychelles
SL,1974,64.98765432098766,Sierra Leone
KU,1974,25.5,Kuwait
CI,1980,20.992411101474413,Chile
IS,1980,13.335,Israel
LU,1980,25.071783407848983,Luxembourg
MQ,1980,25.487332339791354,Midway Islands [United States}
PL,1980,18.842016238159676,Poland
PM,1980,77.96584699453553,Panama
SY,1980,11.381818181818181,Syria
UG,1980,30.19740500463392,Uganda
JA,1977,44.031449539409834,Japan
SV,1977,10.388235294117647,Svalbard [Norway]
UV,1977,18.965182186234816,Burkina Faso
PU,1977,12.931818181818182,Guinea-Bissau
CY,1969,17.154794520547945,Cyprus
GM,1969,20.595644162869643,Germany
LT,1969,18.21857025472473,Lesotho
CY,1966,17.113013698630137,Cyprus
CE,1966,122.33333333333333,Sri Lanka
ET,1972,26.914889739383998,Ethiopia
JQ,1972,24.324022346368714,Johnston Atoll [United States]
SZ,1972,31.896174863387976,Switzerland
UK,1972,22.890811764348065,United Kingdom
KR,1972,74.92523364485982,Kiribati
SG,1960,16.97581903276131,Senegal
SP,1960,22.036029010371987,Spain
TH,1960,43.89188503267559,Thailand
TU,1960,57.203755868544604,Turkey
TZ,1960,28.9120218579235,Tanzania
AS,1959,19.037795942823294,Australia
IS,1959,9.498082191780822,Israel
LT,1959,21.660746003552397,Lesotho
SG,1959,10.437368789363191,Senegal
EN,1952,18.669687918426202,Estonia
MK,1952,10.743169398907105,Macedonia
TD,1952,36.63835616438356,Trinidad and Tobago
TO,1952,36.04794520547945,Togo
TZ,1952,24.17622950819672,Tanzania
BE,1951,24.068493150684933,Belgium
FR,1951,27.03761666287275,France
TU,1951,54.46168768186227,Turkey
BF,1951,36.93604651162791,"Bahamas, The"
AS,1944,12.952325228472716,Australia
EZ,1944,16.07377049180328,Czech Republic
GG,1944,31.213645687142396,Georgia
JN,1944,13.16120218579235,Jan Mayen [Norway]
WA,1944,12.947176684881603,Namibia
GG,1943,27.410159131626095,Georgia
LG,1943,14.901836605446485,Latvia
SZ,1943,31.794520547945204,Switzerland
AS,1934,19.359202231142415,Australia
CA,1934,22.255238109435677,Canada
AU,1932,22.367941712204008,Austria
GM,1931,22.68885622389428,Germany
BR,1926,27.7693049964012,Brazil
US,1926,25.010623440365077,United States
AM,1925,9.441095890410958,Armenia
AU,1925,28.754794520547946,Austria
PK,1925,18.84983878397052,Pakistan
SW,1925,15.23719558372195,Sweden
NO,1924,31.577787328094303,Norway
PK,1924,21.820127504553735,Pakistan
VQ,1924,34.70765027322405,Virgin Islands [United States]
UP,1923,10.389582333173308,Ukraine
US,1923,26.41801300261476,United States
NL,1917,19.697945205479453,Netherlands
FR,1903,23.554033485540334,France
KZ,1903,12.173609494996509,Kazakhstan
LT,1903,16.15068493150685,Lesotho
US,1903,25.930979987726904,United States
AG,1901,18.787973043027474,Algeria
SW,1901,11.33308468844796,Sweden
DA,1900,18.41810172206648,Denmark
SW,1867,13.933824432166974,Sweden
CA,1865,21.956043956043956,Canada
CA,1864,25.838797814207652,Canada
AS,1863,25.841461739249898,Australia
GM,1863,20.828271028037385,Germany
HR,1860,20.25340599455041,Croatia
NL,1860,22.42622950819672,Netherlands
UK,1860,20.255259467040673,United Kingdom
CA,1852,28.915300546448087,Canada
SF,1852,15.707650273224044,South Africa
UK,1847,17.93013698630137,United Kingdom
SW,1848,17.98633879781421,Sweden
EZ,1844,16.415300546448087,Czech Republic
UK,1838,18.378082191780823,United Kingdom
SF,1853,15.353424657534246,South Africa
GM,1837,29.828389830508474,Germany
GM,1835,19.972972972972972,Germany
IT,1834,18.44474885844749,Italy
GM,1824,152.63888888888889,Germany
IT,1817,13.139726027397261,Italy
EZ,1804,16.285714285714285,Czech Republic
CI,2010,13.256465942744324,Chile
CU,2010,53.21449275362319,Cuba
EZ,2010,28.671871065222867,Czech Republic
MJ,2010,190.7859778597786,Montenegro
NL,2010,23.636809453011278,Netherlands
NZ,2010,27.874937217478653,New Zealand
TZ,2010,58.60034602076124,Tanzania
MI,2010,56.37735849056604,Malawi
RW,2010,73.39240506329114,Rwanda
GA,2010,163.68055555555554,"Gambia, The"
CE,2012,48.126766985864116,Sri Lanka
NZ,2012,26.70613511577942,New Zealand
MR,2012,48.80864197530864,Mauritania
UV,2012,73.52848484848485,Burkina Faso
ML,2012,83.99448732083793,Mali
AO,2012,53.333333333333336,Angola
GM,2018,16.353157845229195,Germany
VM,2018,59.91337099811676,Vietnam
AE,2020,6.227722772277228,United Arab Emirates
AR,2020,58.91016059786929,Argentina
FR,2020,20.45707313465947,France
LY,2020,53.91633466135458,Libya
NO,2020,43.10578290148017,Norway
PK,2020,54.5644,Pakistan
WA,2020,45.57142857142857,Namibia
BU,2004,28.307692307692307,Bulgaria
GR,2004,15.155954518252543,Greece
KR,2004,56.017857142857146,Kiribati
TV,2004,75.02768166089966,Tuvalu
UV,2004,19.680805938494167,Burkina Faso
SB,2004,19.333333333333332,Saint Pierre and Miquelon [France]
MB,2005,39.01219512195122,Martinique [France]
SP,2005,12.439767862786221,Spain
TE,2005,31.07773851590106,Tromelin Island [France]
TI,2005,0.0,Tajikistan
WF,2005,83.96235294117648,Wallis and Futuna [France]
MT,1983,15.597902097902098,Malta
SE,1983,66.1917808219178,Seychelles
SV,1983,10.598581560283687,Svalbard [Norway]
TX,1983,3.685458542713568,Turkmenistan
AQ,1982,113.78272789581905,American Samoa [United States]
NZ,1982,30.46333601933924,New Zealand
RP,1982,40.619416319237644,Philippines
TI,1982,12.46688613477924,Tajikistan
UG,1982,32.9617773530817,Uganda
UP,1982,13.77137404048425,Ukraine
VQ,1982,27.115687889843475,Virgin Islands [United States]
ZI,1982,15.198887610280016,Zimbabwe
MJ,1982,29.052208835341364,Montenegro
CT,1982,130.1960958296362,Central African Republic
NF,1982,43.46268656716418,Norfolk Island [Australia]
CI,1982,32.23129876089949,Chile
NP,1982,63.2,Nepal
SL,1982,41.71186440677966,Sierra Leone
GV,1982,224.86363636363637,Guinea
AR,1993,35.84089597044221,Argentina
BG,1993,21.4125,Bangladesh
WQ,1993,15.605479452054794,Wake Island [United States]
LE,1993,11.023809523809524,Lebanon
BU,1985,8.98313878080415,Bulgaria
RQ,1985,53.48731179755425,Puerto Rico [United States]
TS,1985,5.558419243986254,Tunisia
UY,1985,31.22880026697814,Uruguay
VM,1985,3.445723684210526,Vietnam
UV,1985,77.88666666666667,Burkina Faso
BL,1996,65.16523754345307,Bolivia
CQ,1996,54.70919067215363,Northern Mariana Islands [United States]
GG,1996,42.19001386962552,Georgia
GQ,1996,69.02457391993659,Guam [United States]
RI,1996,20.474499089253186,Serbia
RS,1996,13.498586344228768,Russia
UZ,1996,6.455543074397304,Uzbekistan
VQ,1996,29.001388246182323,Virgin Islands [United States]
ES,1996,94.52577319587628,El Salvador
BP,1995,56.18225650916104,Solomon Islands
GI,1995,22.782758620689656,Gibraltar [United Kingdom]
HU,1995,17.69707919301415,Hungary
KZ,1995,5.243131780978365,Kazakhstan
US,1995,25.818773151016924,United States
GB,1995,106.62867647058823,Gabon
CM,1995,105.42680776014109,Cameroon
MR,1995,57.71232876712329,Mauritania
CI,1979,16.970542976478345,Chile
EU,1979,17.094202898550726,Europa Island [France]
LU,1979,27.33623910336239,Luxembourg
LY,1979,11.161643835616438,Libya
MB,1979,154.35668789808918,Martinique [France]
CQ,1976,51.70263157894737,Northern Mariana Islands [United States]
KE,1976,14.623271340009538,Kenya
MR,1976,3.570006785795069,Mauritania
SF,1976,21.34574149701098,South Africa
SI,1976,39.542090886516014,Slovenia
UP,1976,16.502369790325073,Ukraine
ER,1967,10.82403433476395,Eritrea
GM,1967,23.38073198259698,Germany
IV,1967,39.58660444688444,Cote D'Ivoire
KR,1967,13.073852295409182,Kiribati
ML,1967,16.474645030425965,Mali
SH,1967,32.69561243144424,Saint Helena [United Kingdom]
ZI,1967,20.80877350044763,Zimbabwe
MT,1967,48.78125,Malta
PL,1968,16.420765027322403,Poland
TH,1968,39.15211589782692,Thailand
IC,1962,28.05662100456621,Iceland
KZ,1962,6.871880199667221,Kazakhstan
RO,1962,15.66491043203372,Romania
SP,1962,18.64344074526573,Spain
TH,1962,43.832377952755905,Thailand
WQ,1962,33.85205479452055,Wake Island [United States]
CT,1961,38.571316460663134,Central African Republic
ER,1961,11.832876712328767,Eritrea
MX,1961,26.452354331919473,Mexico
RM,1961,72.02447552447552,Marshall Islands
TI,1961,9.621406981568185,Tajikistan
TX,1961,3.576886443009842,Turkmenistan
BL,1954,30.5,Bolivia
GV,1954,78.29109589041096,Guinea
SG,1954,14.895890410958904,Senegal
WQ,1954,29.43013698630137,Wake Island [United States]
AL,1953,29.883561643835616,Albania
KG,1953,14.154959199125095,Kyrgyzstan
TZ,1953,26.05068493150685,Tanzania
CF,1948,32.30601092896175,Congo (Brazzaville)
CQ,1948,40.571030640668525,Northern Mariana Islands [United States]
EI,1948,30.675241157556272,Ireland
IV,1948,38.77795490776588,Cote D'Ivoire
KG,1948,9.371273961295056,Kyrgyzstan
PS,1948,103.33241758241758,Palau
TD,1948,47.83561643835616,Trinidad and Tobago
TU,1948,75.07836990595611,Turkey
WA,1948,8.061930783242259,Namibia
SG,1947,13.899362154500354,Senegal
HO,2008,57.85173501577287,Honduras
RE,2008,40.15068493150685,Reunion [France]
WF,2008,77.59851851851852,Wallis and Futuna [France]
AM,2008,366.6666666666667,Armenia
BE,1942,22.67945205479452,Belgium
FR,1942,21.503551037459964,France
MI,1942,20.726027397260275,Malawi
EI,1941,24.084615384615386,Ireland
EZ,1941,36.97142857142857,Czech Republic
IN,1941,31.30487363994632,India
SV,1941,7.150943396226415,Svalbard [Norway]
UZ,1938,6.547469771607703,Uzbekistan
NG,1937,21.172470978441126,Niger
SP,1922,12.383647798742139,Spain
NG,1922,131.9189189189189,Niger
AJ,1916,13.071948998178506,Azerbaijan
MI,1916,0.0,Malawi
AU,1921,23.852230483271377,Austria
HR,1921,25.506849315068493,Croatia
SP,1921,14.649399576171415,Spain
UK,1921,15.582569571738043,United Kingdom
MX,1918,5.2698795180722895,Mexico
GG,1920,20.256830601092897,Georgia
KZ,1920,9.027541514783312,Kazakhstan
MI,1920,20.592896174863387,Malawi
UZ,1920,10.23765996343693,Uzbekistan
UK,1919,20.605199912606512,United Kingdom
AJ,1897,12.523910733262486,Azerbaijan
RS,1893,13.31787330316742,Russia
KZ,1892,8.20558882235529,Kazakhstan
AJ,1891,4.315068493150685,Azerbaijan
CY,1891,11.287671232876713,Cyprus
EN,1890,14.406027397260274,Estonia
TX,1889,6.571895424836601,Turkmenistan
US,1889,30.71823581494872,United States
HR,1888,23.97632058287796,Croatia
BE,1887,14.378082191780821,Belgium
HR,1887,32.50867579908676,Croatia
GL,1886,7.627397260273972,Greenland [Denmark]
US,1886,31.605180961114137,United States
NO,1885,25.68013698630137,Norway
GL,1883,6.841095890410959,Greenland [Denmark]
CY,1882,8.106849315068493,Cyprus
NL,1881,19.94986301369863,Netherlands
IT,1880,22.76912568306011,Italy
BO,1879,17.77260273972603,Belarus
NL,1877,23.575342465753426,Netherlands
AU,1876,28.166666666666668,Austria
EZ,1875,14.64109589041096,Czech Republic
HR,1875,27.08310502283105,Croatia
BO,1875,25.440217391304348,Belarus
SF,1871,11.04109589041096,South Africa
KR,2022,23.51274787535411,Kiribati
NZ,2022,34.56548757170172,New Zealand
SB,2022,37.25,Saint Pierre and Miquelon [France]
EK,2022,107.36363636363636,Equatorial Guinea
IV,2022,77.69128409846972,Cote D'Ivoire
AS,2015,19.029666166675092,Australia
AU,2015,29.65902841429881,Austria
BL,2015,90.73987854251013,Bolivia
CO,2015,41.36798658583774,Colombia
FI,2015,19.10531786620099,Finland
TU,2015,20.60671529595189,Turkey
CD,2015,84.55319148936171,Chad
CH,2019,52.089410236865135,China
LH,2019,30.27430830039526,Lithuania
UY,2019,42.30054221533695,Uruguay
CW,2000,260.14285714285717,Cook Islands [New Zealand]
MV,2000,36.333333333333336,Maldives
KT,2000,205.5,Christmas Island [Australia]
SA,2000,75.71428571428571,Saudi Arabia
EK,2000,4361.0,Equatorial Guinea
BK,1999,33.46786632390746,Bosnia and Herzegovina
WZ,1999,69.82352941176471,Swaziland
MG,1999,0.7882645141260478,Mongolia
AG,1990,11.87813419246393,Algeria
BD,1990,30.35890410958904,Bermuda [United Kingdom]
LT,1990,17.53150684931507,Lesotho
PS,1990,89.87990762124711,Palau
UP,1990,15.01581064500598,Ukraine
ML,1990,76.83841181902123,Mali
CD,1990,74.56603773584905,Chad
AL,1989,28.128968253968253,Albania
BB,1989,30.257142857142856,Barbados
BD,1989,35.785714285714285,Bermuda [United Kingdom]
FS,1989,53.027536231884056,French Southern and Antarctic Lands [France]
KU,1989,1.061764705882353,Kuwait
MK,1989,14.290322580645162,Macedonia
PS,1989,112.35127478753542,Palau
SZ,1989,31.142808219178082,Switzerland
WZ,1989,30.56946983546618,Swaziland
SL,1989,3.489795918367347,Sierra Leone
NP,1989,0.0,Nepal
BX,1986,63.71974522292994,Brunei
KG,1986,9.974148508567803,Kyrgyzstan
LO,1986,16.77698935631019,Slovakia
MQ,1986,22.07123287671233,Midway Islands [United States}
NO,1986,33.711387717142195,Norway
SA,1986,2.6046353101567825,Saudi Arabia
UG,1986,33.2986230636833,Uganda
GA,1997,1.8675799086757991,"Gambia, The"
NZ,1997,21.5330710597492,New Zealand
PE,1997,27.23639774859287,Peru
SH,1997,50.24657534246575,Saint Helena [United Kingdom]
UK,1997,24.237859022144267,United Kingdom
BN,1997,59.91016333938294,Benin
AJ,1973,13.56176877594666,Azerbaijan
FJ,1973,233.87301587301587,Fiji
IS,1973,9.042465753424658,Israel
MB,1973,42.505050505050505,Martinique [France]
SI,1973,38.045828144458284,Slovenia
SV,1973,14.747945205479452,Svalbard [Norway]
MA,1973,49.76567656765677,Madagascar
GY,1973,628.1666666666666,Guyana
BO,1970,21.38230373999283,Belarus
GR,1970,15.041858678955453,Greece
HO,1970,55.032876712328765,Honduras
IN,1970,32.128836458428296,India
JN,1970,16.39178082191781,Jan Mayen [Norway]
MZ,1970,22.880479452054793,Mozambique
BK,1964,42.91607142857143,Bosnia and Herzegovina
LO,1964,18.900273224043715,Slovakia
NG,1964,16.063889670700817,Niger
AS,1963,21.73036148034251,Australia
MB,1963,99.11111111111111,Martinique [France]
ES,1963,108.30172413793103,El Salvador
PO,1956,31.33606557377049,Portugal
BO,2009,24.526310305303742,Belarus
EI,2009,45.22144804604665,Ireland
HU,2009,18.742401215805472,Hungary
MV,2009,15.7,Maldives
LA,2009,105.41655886157827,Laos
DA,1955,16.59412915851272,Denmark
UK,1955,17.19941820408788,United Kingdom
KZ,1946,10.279504846432324,Kazakhstan
BH,2007,42.05714285714286,Belize
EI,2007,36.37607891491985,Ireland
SP,2007,14.249734873455816,Spain
MK,2007,74.24299065420561,Macedonia
TU,1945,71.03505843071787,Turkey
HO,1945,72.48598130841121,Honduras
RP,1945,107.09171075837743,Philippines
GG,2013,32.27777777777778,Georgia
CM,2013,109.77899343544858,Cameroon
AG,1930,13.402585620322068,Algeria
RS,1929,12.232793772395897,Russia
BR,1928,19.049474916078964,Brazil
HU,1928,12.70273224043716,Hungary
BC,1927,10.012271359110905,Botswana
AS,2021,23.516131882947,Australia
EI,2021,32.513101983002834,Ireland
KG,2021,127.85207100591715,Kyrgyzstan
SZ,2021,39.03023332237923,Switzerland
LI,2021,145.0,Liberia
CO,2021,44.00653594771242,Colombia
HU,2002,17.013777267508612,Hungary
LG,2002,33.14449339207049,Latvia
SZ,2002,46.65445205479452,Switzerland
TH,2002,54.8624724944989,Thailand
ZI,2002,47.67256637168141,Zimbabwe
NN,2002,38.92439862542955,Sint Maarten
LA,2002,87.66272189349112,Laos
CY,1913,15.418282548476455,Cyprus
KR,1913,39.5,Kiribati
BP,2001,79.61538461538461,Solomon Islands
EZ,2001,16.737094017094016,Czech Republic
TS,2001,29.9,Tunisia
AJ,2001,35.476190476190474,Azerbaijan
UC,2001,30.80373831775701,Curacao
SG,2001,83.89795918367346,Senegal
PK,1912,16.536429872495447,Pakistan
SF,1912,13.154332804984321,South Africa
AU,1911,24.98904109589041,Austria
KZ,1911,6.162394914906705,Kazakhstan
MX,1911,14.671218704738259,Mexico
US,1911,24.633935732814994,United States
AJ,1910,13.8,Azerbaijan
FI,1998,19.46173326877956,Finland
LE,1998,24.67266775777414,Lebanon
MP,1998,46.741002570694086,Mauritius
MY,1998,76.86271641063155,Malaysia
PA,1998,47.068670423711126,Paraguay
PE,1998,33.75466520307354,Peru
SI,1998,37.927757750540735,Slovenia
JO,1998,1.2120980091883613,Jordan
MJ,1998,38.03333333333333,Montenegro
CO,1991,43.15221626887482,Colombia
FG,1991,87.83033033033033,French Guiana [France]
KG,1991,13.572656654583117,Kyrgyzstan
MU,1991,2.0941915227629515,Oman
NN,1991,25.2809364548495,Sint Maarten
MR,1991,46.45161290322581,Mauritania
EG,1994,4.2130421019309905,Egypt
GR,1994,18.846091861402094,Greece
JA,1994,96.35955466325971,Japan
ET,1994,60.67567567567568,Ethiopia
CU,1987,35.70302474793767,Cuba
FI,1987,16.201801461262615,Finland
GP,1987,42.85892116182573,Guadeloupe [France]
JM,1987,31.83054892601432,Jamaica
MC,1987,0.0,Macau S.A.R
MO,1987,9.250146113383986,Morocco
MQ,1987,14.305714285714286,Midway Islands [United States}
PK,1987,0.39321428571428574,Pakistan
SF,1987,16.28925812616072,South Africa
SH,1987,99.91780821917808,Saint Helena [United Kingdom]
VQ,1987,35.69830793231729,Virgin Islands [United States]
NG,1987,43.1216848673947,Niger
LE,1987,0.0,Lebanon
CA,1975,24.086336247125914,Canada
RS,1975,13.054861468647077,Russia
GY,1975,856.6666666666666,Guyana
NU,1975,132.0,Nicaragua
BY,1978,25.457534246575342,Burundi
FS,1978,32.812154696132595,French Southern and Antarctic Lands [France]
GL,1978,38.81393982134462,Greenland [Denmark]
GP,1978,47.397260273972606,Guadeloupe [France]
GQ,1978,81.51499032882012,Guam [United States]
MT,1978,20.115606936416185,Malta
NH,1978,3.49607982893799,Vanuatu
GA,1978,27.50537634408602,"Gambia, The"
AU,1971,21.420091324200914,Austria
CD,1971,17.263013698630136,Chad
CY,1971,16.825342465753426,Cyprus
FI,1971,14.338255569101186,Finland
MI,1971,27.641229545802112,Malawi
AR,1965,58.34795613160519,Argentina
BN,1965,31.74914324880055,Benin
DA,1965,19.245753424657533,Denmark
LE,1965,19.352054794520548,Lebanon
UG,1965,29.396086105675145,Uganda
VE,1965,26.018506493506493,Venezuela
CB,1965,50.90909090909091,Cambodia
BM,1965,190.26797385620915,Burma
DR,1965,43.34841628959276,Dominican Republic
IC,1958,26.956601187756966,Iceland
IV,1958,38.76382660687593,Cote D'Ivoire
VQ,1958,31.995890410958904,Virgin Islands [United States]
FI,1957,27.058483290488432,Finland
IN,1957,31.39498590752865,India
SG,1957,17.028492647058822,Senegal
ID,1957,59.2013201320132,Indonesia
EZ,1950,13.53972602739726,Czech Republic
FG,1950,89.06849315068493,French Guiana [France]
NH,1950,100.17857142857143,Vanuatu
BO,1949,14.308219178082192,Belarus
LY,1949,7.732333010648596,Libya
MQ,1949,20.345205479452055,Midway Islands [United States}
SI,1949,25.257534246575343,Slovenia
CK,1949,59.5,Cocos (Keeling) Islands [Australia]
WQ,1949,19.142857142857142,Wake Island [United States]
ID,1949,80.2,Indonesia
BR,1940,32.213851470443764,Brazil
HR,1940,28.94672131147541,Croatia
KZ,1940,8.083458464519254,Kazakhstan
MX,1939,21.54107972136223,Mexico
NL,1939,23.05894324853229,Netherlands
AJ,1935,11.815187557182067,Azerbaijan
UG,1935,35.25150684931507,Uganda
EN,1909,14.264041095890411,Estonia
PK,1909,21.724383561643837,Pakistan
SZ,1909,35.36203522504892,Switzerland
WZ,1909,39.529310344827586,Swaziland
RO,1908,16.98224043715847,Romania
UZ,1908,9.316939890710383,Uzbekistan
WZ,1907,39.172602739726024,Swaziland
MD,1906,15.523287671232877,Moldova
NO,1906,31.69709526874799,Norway
BE,1905,24.276712328767122,Belgium
HR,1905,36.55048616305161,Croatia
FG,2023,207.7941176470588,French Guiana [France]
PO,2023,28.685393258426966,Portugal
UK,2023,26.16387337057728,United Kingdom
AU,2023,41.0,Austria
TZ,2023,105.67015706806282,Tanzania
KE,2023,13.789473684210526,Kenya
LG,1904,14.798063623789766,Latvia
LH,1904,16.75136612021858,Lithuania
