Country_Code,year,avg(Value),Country_Name
AJ,2009,103.65714285714286,Azerbaijan
CU,2009,42.88719512195122,Cuba
IV,2009,75.68846503178928,Cote D'Ivoire
SA,2009,203.50877192982455,Saudi Arabia
CB,2009,33.0,Cambodia
AU,2007,46.024325519681554,Austria
CY,2007,13.426679744973026,Cyprus
FP,2007,51.88677867056246,French Polynesia
MY,2007,83.29992107340173,Malaysia
LA,2007,110.7337559429477,Laos
UV,2007,80.17755443886097,Burkina Faso
AU,2013,34.62653478854025,Austria
CG,2013,108.66292134831461,Congo (Kinshasa)
FG,2013,90.14382022471911,French Guiana [France]
JN,2013,15.934246575342465,Jan Mayen [Norway]
TE,2013,39.73157894736842,Tromelin Island [France]
TX,2013,53.31707317073171,Turkmenistan
EG,2013,44.40677966101695,Egypt
MY,2021,90.08645161290323,Malaysia
PS,2021,99.55801104972376,Palau
SF,2021,47.60844490216272,South Africa
IZ,2021,1.4337349397590362,Iraq
EC,2021,60.17,Ecuador
BN,2021,76.86058981233244,Benin
CD,2021,91.23809523809524,Chad
BU,2002,68.68267223382045,Bulgaria
UC,2002,14.561224489795919,Curacao
CY,2001,19.655102040816328,Cyprus
GR,2001,17.036150290387578,Greece
JA,2001,111.4179829890644,Japan
UP,2001,33.650665298856474,Ukraine
ES,2001,73.70175438596492,El Salvador
AY,1998,28.134072220235968,Antarctica
BP,1998,73.94557823129252,Solomon Islands
CU,1998,24.072,Cuba
EU,1998,11.193641618497109,Europa Island [France]
JQ,1998,9.926027397260274,Johnston Atoll [United States]
MK,1998,18.033573141486812,Macedonia
MU,1998,3.202239565659993,Oman
IV,1998,41.64965706447188,Cote D'Ivoire
GQ,1991,62.98953906505394,Guam [United States]
JN,1991,18.97808219178082,Jan Mayen [Norway]
UY,1991,37.1566379528756,Uruguay
AG,1994,10.909186168354873,Algeria
LY,1994,7.4416122004357295,Libya
NH,1994,54.23589468027942,Vanuatu
KR,1994,43.88073394495413,Kiribati
CK,1994,3.5779816513761467,Cocos (Keeling) Islands [Australia]
DR,1987,70.08717948717948,Dominican Republic
HU,1987,16.30535084908683,Hungary
MY,1987,76.19094869312681,Malaysia
TZ,1987,23.77859168241966,Tanzania
UK,1987,25.37601270422308,United Kingdom
US,1987,23.133403203508752,United States
VE,1987,41.6618616887095,Venezuela
CF,1987,95.41357027463651,Congo (Brazzaville)
MR,1987,34.235772357723576,Mauritania
BE,1975,20.117808219178084,Belgium
FR,1975,21.203848728246317,France
MR,1975,4.635523613963039,Mauritania
SL,1975,0.0,Sierra Leone
AU,1978,26.6625784369652,Austria
BF,1978,25.5,"Bahamas, The"
CJ,1978,48.25753424657534,Cayman Islands [United Kingdom]
EZ,1978,19.432569974554706,Czech Republic
IS,1978,9.237899543378996,Israel
PK,1978,11.580710659898477,Pakistan
TX,1978,6.2476982632349864,Turkmenistan
FJ,1978,267.5374149659864,Fiji
KR,1978,22.954268292682926,Kiribati
HU,1971,11.18027397260274,Hungary
RS,1971,14.243783620270145,Russia
CQ,1965,59.9492600422833,Northern Mariana Islands [United States]
LY,1965,5.341482649842272,Libya
BK,1958,41.067326732673266,Bosnia and Herzegovina
TS,1958,21.326254826254825,Tunisia
BK,1957,35.11451942740286,Bosnia and Herzegovina
GQ,1957,46.853846153846156,Guam [United States]
IS,1957,13.757260273972603,Israel
KZ,1957,7.76137323787077,Kazakhstan
TU,1957,31.948662640207075,Turkey
WZ,1950,19.128684807256235,Swaziland
GM,1949,18.372145221217615,Germany
LH,1949,14.506770833333333,Lithuania
MI,1949,20.683345246604716,Malawi
NO,1949,36.56779472474229,Norway
NF,1949,46.448028673835125,Norfolk Island [Australia]
KR,1949,0.8043478260869565,Kiribati
KG,1940,11.655950143436542,Kyrgyzstan
RQ,1939,43.435551980695756,Puerto Rico [United States]
SG,1939,8.680555555555555,Senegal
MQ,1939,43.722063037249285,Midway Islands [United States}
FI,1936,14.775956284153006,Finland
MD,1936,14.19060773480663,Moldova
IS,1935,8.70958904109589,Israel
RS,1935,12.665635051725637,Russia
TU,1935,63.59724612736661,Turkey
UY,1935,21.687671232876713,Uruguay
MO,1935,10.0,Morocco
NO,1909,30.8846055374712,Norway
MD,1908,10.472677595628415,Moldova
MI,1908,0.0,Malawi
MX,1907,12.407906976744187,Mexico
NL,1907,16.455227108868062,Netherlands
UP,1907,11.932199440820131,Ukraine
DA,1906,16.03091976516634,Denmark
US,1906,26.857692436805532,United States
MI,1906,0.0,Malawi
NL,1905,20.029165323880115,Netherlands
SZ,1905,39.573385518590996,Switzerland
BX,2023,92.875,Brunei
EC,2023,102.23809523809524,Ecuador
EI,2023,28.244837758112094,Ireland
GM,2023,21.54776119402985,Germany
LO,2023,34.2125,Slovakia
MQ,2023,24.21212121212121,Midway Islands [United States}
RI,2023,18.434146341463414,Serbia
SA,2023,164.41176470588235,Saudi Arabia
EZ,1904,10.456284153005464,Czech Republic
RO,1904,13.6448087431694,Romania
RQ,1904,55.331343283582086,Puerto Rico [United States]
TX,1904,4.493055555555555,Turkmenistan
AR,2010,63.820183486238534,Argentina
GG,2010,64.87606837606837,Georgia
GM,2010,23.22048059858986,Germany
MP,2010,35.687290969899664,Mauritius
NS,2010,56.82102272727273,Suriname
CA,2012,22.515326059316596,Canada
HU,2012,16.913218159903575,Hungary
LU,2012,26.270491803278688,Luxembourg
SI,2012,38.97303337306317,Slovenia
LY,2012,33.08457711442786,Libya
BX,2018,100.65263157894736,Brunei
FS,2018,31.910377358490567,French Southern and Antarctic Lands [France]
MA,2018,96.69153967419864,Madagascar
SW,2018,14.423928999198495,Sweden
NG,2018,68.43181818181819,Niger
HO,2020,61.213740458015266,Honduras
NS,2020,60.50191570881226,Suriname
UV,2020,82.89119170984456,Burkina Faso
BK,2004,35.559155990957045,Bosnia and Herzegovina
BN,2004,34.04034391534392,Benin
CH,2004,18.50305469983691,China
MA,2004,65.8548246884961,Madagascar
PP,2004,99.01945945945945,Papua New Guinea
TU,2004,16.626256983240225,Turkey
US,2004,25.659683786380807,United States
KT,2004,0.0,Christmas Island [Australia]
EI,2005,33.08204134366925,Ireland
HR,2005,33.67207586933614,Croatia
MF,2005,33.84285714285714,Mayotte [France]
MZ,2005,50.35778781038375,Mozambique
IV,2005,57.647201946472016,Cote D'Ivoire
JO,2005,8.728358208955225,Jordan
KR,2005,48.74566473988439,Kiribati
TO,2005,41.91539763113367,Togo
PE,1983,40.25746825989545,Peru
UG,1983,32.83883309421329,Uganda
CS,1982,84.42183058555997,Costa Rica
IS,1982,11.78705636743215,Israel
RQ,1982,45.122407469156386,Puerto Rico [United States]
WQ,1982,18.720547945205478,Wake Island [United States]
RS,1993,14.510070696287942,Russia
TH,1993,41.18791143028127,Thailand
UZ,1993,13.12660406885759,Uzbekistan
WI,1993,9.944625407166123,Western Sahara
CY,1985,13.292831723436706,Cyprus
KE,1985,23.275347222222223,Kenya
MD,1985,15.148338472079478,Moldova
PP,1985,74.71232876712328,Papua New Guinea
RS,1985,14.394704759275873,Russia
ZI,1985,22.989869505494507,Zimbabwe
FP,1996,50.92602848101266,French Polynesia
MK,1996,9.4911838790932,Macedonia
TD,1996,43.81350482315113,Trinidad and Tobago
GA,1996,69.39622641509433,"Gambia, The"
AS,1995,19.422852278919972,Australia
FM,1995,99.76856820107314,Federated States of Micronesia
NH,1995,50.090952839268525,Vanuatu
NL,1995,21.07832164453713,Netherlands
PL,1995,16.506052141527,Poland
WF,1995,109.12006319115324,Wallis and Futuna [France]
AQ,1979,109.33739130434783,American Samoa [United States]
AU,1979,32.76755244755245,Austria
SF,1979,14.370086702150129,South Africa
UG,1979,32.36260162601626,Uganda
MK,1976,19.956028368794325,Macedonia
NL,1976,13.747665325679158,Netherlands
ES,1976,783.0,El Salvador
BD,1967,36.52328767123288,Bermuda [United Kingdom]
JQ,1967,27.495890410958904,Johnston Atoll [United States]
KG,1967,11.414492171818546,Kyrgyzstan
UZ,1967,8.240470418321555,Uzbekistan
EC,1968,34.60655737704918,Ecuador
FR,1968,23.72341151801824,France
NG,1968,8.725731473885698,Niger
RI,1968,15.331511839708561,Serbia
RO,1968,16.95517101801255,Romania
MT,1968,44.65,Malta
KN,1968,24.839260312944525,"Korea, North"
AJ,1962,12.489731276182692,Azerbaijan
CA,1962,22.918055566789338,Canada
CY,1962,18.45068493150685,Cyprus
SZ,1962,30.295205479452054,Switzerland
SN,1962,30.75,Singapore
GQ,1961,60.32805842970176,Guam [United States]
MQ,1961,35.706849315068496,Midway Islands [United States}
RS,1961,13.87464732506514,Russia
CF,1954,40.34659090909091,Congo (Brazzaville)
CU,1954,16.454293628808863,Cuba
MD,1954,12.184803001876173,Moldova
SW,1954,19.612695217403758,Sweden
TS,1954,11.35766016713092,Tunisia
LA,1954,52.125,Laos
EI,1953,25.163483146067417,Ireland
NL,1953,15.219087577672738,Netherlands
BU,1953,75.25806451612904,Bulgaria
AJ,1948,12.817542168674699,Azerbaijan
KG,1947,11.02914629559985,Kyrgyzstan
LU,1947,18.71780821917808,Luxembourg
LY,1947,4.762536023054755,Libya
MD,1947,12.722437673130194,Moldova
DA,1942,16.974559686888455,Denmark
IS,1942,11.547945205479452,Israel
BC,1941,10.621062992125983,Botswana
IT,1941,21.71976516634051,Italy
IV,1941,50.205555555555556,Cote D'Ivoire
AM,1938,12.778450144508671,Armenia
EN,1938,13.984440227703985,Estonia
RI,1937,26.96986301369863,Serbia
CW,2008,71.20149253731343,Cook Islands [New Zealand]
GG,2008,49.0,Georgia
KR,2008,24.932692307692307,Kiribati
NO,2008,35.6650120740542,Norway
TD,2008,44.521246458923514,Trinidad and Tobago
UK,2008,29.05439539460158,United Kingdom
UY,2008,59.18428372739916,Uruguay
AL,2008,52.73134328358209,Albania
AS,2022,26.842490850487987,Australia
FG,2022,141.31005586592178,French Guiana [France]
HR,2022,19.58210332103321,Croatia
SN,2022,62.81137724550898,Singapore
BH,2015,51.92857142857143,Belize
MP,2015,40.913333333333334,Mauritius
NO,2015,40.78273558906836,Norway
PA,2015,113.19855732725892,Paraguay
EU,2015,27.918032786885245,Europa Island [France]
GA,2015,140.88524590163934,"Gambia, The"
AJ,1922,16.317518248175183,Azerbaijan
CA,1922,18.165753595373992,Canada
MI,1922,24.056894889103184,Malawi
EZ,1916,16.07103825136612,Czech Republic
US,1916,24.054109163961183,United States
AM,1921,11.02608695652174,Armenia
HU,1921,11.90082191780822,Hungary
AG,1920,12.617462165308499,Algeria
GL,1920,16.562841530054644,Greenland [Denmark]
LY,1920,9.09016393442623,Libya
SF,1920,16.115106400333133,South Africa
NG,1920,155.3939393939394,Niger
EG,1919,1.1590909090909092,Egypt
TX,1897,5.4008221993833505,Turkmenistan
EG,1896,0.6493150684931507,Egypt
AJ,1895,8.10888252148997,Azerbaijan
FR,1894,16.892602739726026,France
UZ,1893,6.6876712328767125,Uzbekistan
RO,1892,19.6775956284153,Romania
RS,1891,11.68810092813872,Russia
TX,1891,5.199101796407185,Turkmenistan
MT,2019,15.585714285714285,Malta
NH,2019,88.28264925373135,Vanuatu
RE,2019,27.865384615384617,Reunion [France]
RI,2019,17.204566210045662,Serbia
SV,2019,9.055634807417974,Svalbard [Norway]
SZ,2019,40.22324547475389,Switzerland
US,2019,31.469249433515813,United States
EZ,1890,17.46027397260274,Czech Republic
GG,1890,23.93502824858757,Georgia
TX,1890,0.0,Turkmenistan
AS,1889,20.978380771899584,Australia
EG,1889,0.6164383561643836,Egypt
AU,1888,31.191256830601095,Austria
EN,1888,13.293624161073826,Estonia
GG,1886,15.189041095890412,Georgia
LG,1886,14.285714285714286,Latvia
TS,1886,11.563291139240507,Tunisia
CY,1884,11.26775956284153,Cyprus
DA,1881,14.961643835616439,Denmark
LH,1881,8.843835616438357,Lithuania
AG,1880,9.575897714907509,Algeria
AU,1880,28.991803278688526,Austria
RO,1880,17.879781420765028,Romania
AU,1878,31.827397260273973,Austria
GM,1876,20.993943472409153,Germany
UK,1876,21.766393442622952,United Kingdom
EN,1874,14.050754458161865,Estonia
CA,1872,25.58207719065761,Canada
GM,1872,15.911220043572985,Germany
JA,2000,111.16985340981518,Japan
NI,2000,152.3846153846154,Nigeria
GV,2000,193.23728813559322,Guinea
AS,1999,20.767841831057925,Australia
EN,1999,18.317678812415654,Estonia
BN,1999,25.13125,Benin
IV,1999,23.287531806615775,Cote D'Ivoire
FS,1999,23.63111111111111,French Southern and Antarctic Lands [France]
FG,1990,113.86654804270462,French Guiana [France]
IT,1990,22.022777139274893,Italy
MU,1990,5.923741007194245,Oman
NU,1990,51.533566433566435,Nicaragua
NZ,1990,24.498341625207296,New Zealand
PA,1990,59.035979663668364,Paraguay
UY,1990,39.56969309462916,Uruguay
BC,1989,13.96901519636866,Botswana
CJ,1989,8.887096774193548,Cayman Islands [United Kingdom]
MC,1989,0.0,Macau S.A.R
MO,1989,12.741900647948164,Morocco
MX,1989,22.329782678569046,Mexico
NU,1989,45.36409516943043,Nicaragua
SU,1989,14.29088785046729,Sudan
KN,1989,92.25892857142857,"Korea, North"
ET,1989,62.76820388349515,Ethiopia
ES,1986,41.89270976616231,El Salvador
MO,1986,8.12662234884457,Morocco
BL,1986,31.676388888888887,Bolivia
IR,1997,8.503677099367197,Iran
IT,1997,16.105987611837577,Italy
MP,1997,45.53114305270363,Mauritius
NS,1997,63.54201680672269,Suriname
FM,1973,76.63696128560993,Federated States of Micronesia
ES,1973,34.039370078740156,El Salvador
NH,1973,15.946389496717725,Vanuatu
MJ,1973,1.3333333333333333,Montenegro
ML,1973,18.85839160839161,Mali
CQ,1970,49.89310829817159,Northern Mariana Islands [United States]
PA,1970,40.917808219178085,Paraguay
PL,1970,22.52054794520548,Poland
SY,1970,7.75958904109589,Syria
HO,1964,64.59187279151944,Honduras
FJ,1964,76.75111111111111,Fiji
LG,1963,14.057220708446867,Latvia
MQ,1963,42.57260273972603,Midway Islands [United States}
BN,1956,28.823497267759564,Benin
HU,1956,17.135567010309277,Hungary
IT,1956,20.031177829099306,Italy
KE,1956,14.726775956284152,Kenya
TX,1956,4.774525849619717,Turkmenistan
LA,1956,176.9,Laos
BD,1955,33.88065843621399,Bermuda [United Kingdom]
BE,1955,16.87123287671233,Belgium
BN,1955,37.20876712328767,Benin
LE,1955,20.89189189189189,Lebanon
RP,1955,59.133947368421055,Philippines
TD,1955,15.714285714285714,Trinidad and Tobago
AO,1955,1.5810810810810811,Angola
PK,1946,15.9508756941478,Pakistan
SY,1946,8.187919463087248,Syria
DR,1946,547.0,Dominican Republic
IT,1945,16.234246575342464,Italy
UY,1945,23.972602739726028,Uruguay
BA,1945,49.9,Bahrain
RM,1945,59.34461538461539,Marshall Islands
BC,1930,13.126870389884088,Botswana
FI,1930,13.457534246575342,Finland
MO,1930,12.03475935828877,Morocco
IN,1929,34.05531303585624,India
UP,1929,10.896374216651745,Ukraine
GM,1928,19.511116761307456,Germany
HR,1927,22.065068493150687,Croatia
UP,1927,11.00553633217993,Ukraine
DA,1915,15.852837573385518,Denmark
GL,1915,15.932876712328767,Greenland [Denmark]
SP,1913,19.45785876993166,Spain
HU,1912,19.459562841530055,Hungary
AG,1911,14.462448644207067,Algeria
HU,1911,14.525479452054794,Hungary
SW,1911,14.376613727129191,Sweden
TS,1911,10.750591016548464,Tunisia
UP,1911,10.985668146951959,Ukraine
HR,1910,35.665068493150685,Croatia
LG,2011,36.00495356037152,Latvia
RM,2011,91.6986301369863,Marshall Islands
UK,2011,27.03681664956764,United Kingdom
SU,2011,378.8150684931507,Sudan
NF,2011,53.791666666666664,Norfolk Island [Australia]
AJ,2016,137.48117154811715,Azerbaijan
AQ,2016,78.43169398907104,American Samoa [United States]
SN,2016,54.122950819672134,Singapore
GV,2016,241.33333333333334,Guinea
FK,2016,17.98233215547703,Falkland Islands (Islas Malvinas) [United Kingdom]
DR,2017,71.30152671755725,Dominican Republic
GM,2017,23.440482320000392,Germany
HR,2017,29.263013698630136,Croatia
MV,2017,4.354632587859425,Maldives
SY,2017,51.03896103896104,Syria
CT,2017,88.74013921113689,Central African Republic
BN,2017,76.07174231332357,Benin
FP,2006,52.03775743707094,French Polynesia
PO,2006,73.40196882690731,Portugal
SN,2006,75.58356164383562,Singapore
BP,2014,107.68514851485149,Solomon Islands
EZ,2014,19.220588235294116,Czech Republic
MY,2014,76.02638576395991,Malaysia
SB,2014,32.65,Saint Pierre and Miquelon [France]
NI,2014,123.45652173913044,Nigeria
EG,2014,39.053763440860216,Egypt
AO,2014,107.67857142857143,Angola
BF,2003,39.61379310344827,"Bahamas, The"
BP,2003,104.4,Solomon Islands
LU,2003,19.679765886287626,Luxembourg
MA,2003,75.27223371251293,Madagascar
NZ,2003,26.73160728018457,New Zealand
SZ,2003,29.463356164383562,Switzerland
CU,1984,40.23159960745829,Cuba
IT,1984,25.016743975562846,Italy
JM,1984,17.99009900990099,Jamaica
ZI,1984,17.02040072859745,Zimbabwe
EG,1984,32.98550724637681,Egypt
CM,1984,107.47222222222223,Cameroon
CU,1992,34.978743961352656,Cuba
CW,1992,35.52881355932203,Cook Islands [New Zealand]
ES,1992,38.62021857923497,El Salvador
KG,1992,12.083937198067632,Kyrgyzstan
CG,1992,95.54634146341463,Congo (Kinshasa)
CV,1992,5.618677042801556,Cape Verde
GB,1992,100.71315372424722,Gabon
BH,1992,73.8051948051948,Belize
BC,1981,13.645277577505407,Botswana
GM,1981,27.89120921896321,Germany
LG,1981,23.71831519167061,Latvia
NL,1981,23.49690208437791,Netherlands
SE,1981,66.95890410958904,Seychelles
TZ,1981,28.31093863691487,Tanzania
CA,1988,22.804535148489695,Canada
EN,1988,19.15529809945327,Estonia
GG,1988,39.694908704473,Georgia
NC,1988,184.65496183206108,New Caledonia [France]
PP,1988,74.02061855670104,Papua New Guinea
RP,1988,38.34983874027699,Philippines
SZ,1988,42.22882513661202,Switzerland
GB,1974,49.705229793977814,Gabon
ID,1974,2.8785270880361176,Indonesia
IS,1974,17.637236962488565,Israel
KR,1974,11.871584699453551,Kiribati
MR,1974,2.409090909090909,Mauritania
MY,1974,6.795632698768197,Malaysia
NO,1974,30.561087002317255,Norway
PU,1974,30.923076923076923,Guinea-Bissau
EC,1980,45.19758064516129,Ecuador
KG,1980,11.505954246317769,Kyrgyzstan
MK,1980,17.55607476635514,Macedonia
MX,1980,24.888845977860708,Mexico
UC,1980,780.5384615384615,Curacao
AM,1977,8.376193507320178,Armenia
AS,1977,17.016449943524872,Australia
BO,1977,19.62615172413793,Belarus
BY,1977,30.101573676680975,Burundi
CD,1977,14.751608751608751,Chad
CH,1977,20.2515377974424,China
CT,1977,37.94347088750707,Central African Republic
GL,1977,26.916695511711087,Greenland [Denmark]
LG,1977,19.78082820677624,Latvia
NG,1977,10.377342773844232,Niger
RW,1977,24.833333333333332,Rwanda
AQ,1969,121.44066709429121,American Samoa [United States]
CA,1969,22.551635786611865,Canada
EI,1969,24.84331797235023,Ireland
MG,1969,6.9660091047040975,Mongolia
CQ,1966,32.14521452145215,Northern Mariana Islands [United States]
CU,1966,21.734246575342464,Cuba
MZ,1966,29.901678657074342,Mozambique
PM,1966,59.92621359223301,Panama
RO,1966,21.30982061416844,Romania
WA,1966,7.912459471977767,Namibia
CQ,1972,57.906020558002936,Northern Mariana Islands [United States]
CY,1972,9.730874316939891,Cyprus
KE,1972,19.255737704918033,Kenya
ZA,1972,24.833616561099955,Zambia
AJ,1960,10.60962649607924,Azerbaijan
CF,1960,45.036007292616226,Congo (Brazzaville)
GP,1960,45.31880108991825,Guadeloupe [France]
GR,1960,20.796014067995312,Greece
IC,1960,25.93656875266071,Iceland
JA,1960,44.903905465499925,Japan
KG,1960,11.327704485488127,Kyrgyzstan
NO,1960,25.198727565401168,Norway
FR,1959,21.786678873884185,France
HR,1959,32.1332503113325,Croatia
KE,1959,17.68931506849315,Kenya
MD,1959,13.76271186440678,Moldova
MX,1959,28.292655979254693,Mexico
BM,1959,139.40125391849529,Burma
VM,1959,78.91039426523298,Vietnam
AJ,1952,11.311131986848286,Azerbaijan
MP,1952,69.5564738292011,Mauritius
NC,1952,188.1693989071038,New Caledonia [France]
CK,1951,41.833333333333336,Cocos (Keeling) Islands [Australia]
MR,1944,1.036935704514364,Mauritania
UY,1944,24.7695810564663,Uruguay
IN,1943,36.453114417718886,India
SW,1943,15.457803384425844,Sweden
DA,1934,18.596868884540118,Denmark
LG,1934,15.56197576887232,Latvia
LH,1934,16.626373626373628,Lithuania
UY,1934,26.482905982905983,Uruguay
BO,1933,19.861721611721613,Belarus
KG,1933,9.57505003335557,Kyrgyzstan
SP,1933,17.940697674418605,Spain
GL,1932,19.110655737704917,Greenland [Denmark]
TI,1932,7.786377708978328,Tajikistan
AM,1931,13.308270676691729,Armenia
TS,1931,13.050530941047235,Tunisia
EN,1926,14.593499197431782,Estonia
AS,1925,16.06360854839033,Australia
KG,1925,7.839721254355401,Kyrgyzstan
SG,1925,13.098039215686274,Senegal
BR,1924,40.36742773469277,Brazil
AM,1923,9.349367088607595,Armenia
RS,1923,13.282487683153112,Russia
SG,1923,4.936986301369863,Senegal
KZ,1917,7.712812960235641,Kazakhstan
IT,1903,30.845917471466198,Italy
TI,1903,3.8403483309143684,Tajikistan
LG,1901,15.450138504155124,Latvia
TI,1901,2.513029315960912,Tajikistan
BO,1900,13.741685144124169,Belarus
EI,1869,27.84246575342466,Ireland
EN,1869,19.70958904109589,Estonia
SF,1868,13.844262295081966,South Africa
CA,1867,22.058160389444016,Canada
HR,1865,18.61917808219178,Croatia
US,1864,16.849898580121703,United States
AS,1860,25.686541075937075,Australia
NL,1858,16.484931506849314,Netherlands
NL,1854,16.802739726027397,Netherlands
UK,1852,28.596153846153847,United Kingdom
CA,1847,25.86849315068493,Canada
EZ,1848,11.866120218579235,Czech Republic
AS,1843,34.913986537023185,Australia
UK,1832,18.150273224043715,United Kingdom
GM,1826,69.8974358974359,Germany
GM,1816,73.25316455696202,Germany
GM,1821,78.89333333333333,Germany
GM,1817,83.17808219178082,Germany
EZ,1807,14.632876712328768,Czech Republic
