Country_Code,year,avg(Value),Country_Name
FP,2011,37.11388888888889,French Polynesia
MT,2011,16.23076923076923,Malta
NL,2011,22.94458389350409,Netherlands
NO,2011,42.20131563297682,Norway
MU,2016,80.584662110858,Oman
SE,2016,73.59210526315789,Seychelles
AS,2017,20.187827040162713,Australia
BG,2017,94.78224734042553,Bangladesh
FR,2017,17.94425947803673,France
FS,2017,40.01417322834646,French Southern and Antarctic Lands [France]
LU,2017,19.854794520547944,Luxembourg
JU,2017,62.765625,Juan De Nova Island [France]
AF,2017,35.666666666666664,Afghanistan
AQ,2006,135.6931506849315,American Samoa [United States]
DA,2006,21.59486114715806,Denmark
CI,2014,15.232350312779268,Chile
FK,2014,17.82236842105263,Falkland Islands (Islas Malvinas) [United Kingdom]
AJ,2014,130.16585365853658,Azerbaijan
GV,2014,146.62105263157895,Guinea
BO,2003,16.898061253161,Belarus
CM,2003,80.5982905982906,Cameroon
GG,2003,44.78682842287695,Georgia
GV,2003,6.01985111662531,Guinea
JA,1984,37.66727991746905,Japan
RE,1984,55.89007092198582,Reunion [France]
PL,1992,14.1309412861137,Poland
MJ,1992,46.12915129151291,Montenegro
NG,1992,57.27215189873418,Niger
RO,1981,18.613677151223197,Romania
UY,1981,28.889689631978477,Uruguay
CY,1988,20.17767537122376,Cyprus
JA,1988,47.6096810777373,Japan
JN,1988,18.42349726775956,Jan Mayen [Norway]
MI,1988,31.45859963073427,Malawi
MU,1988,1.336502546689304,Oman
UY,1988,25.376932073205424,Uruguay
ZA,1988,29.610615384615386,Zambia
MV,1988,15.91891891891892,Maldives
BP,1988,106.87244897959184,Solomon Islands
BE,1974,28.482191780821918,Belgium
BY,1974,26.117808219178084,Burundi
GA,1974,30.977777777777778,"Gambia, The"
CT,1980,38.18919461739305,Central African Republic
FR,1980,22.491683005502498,France
SW,1980,17.83086209201692,Sweden
TI,1980,11.973647645057735,Tajikistan
TL,1980,16.43438914027149,Tokelau [New Zealand]
TX,1980,5.222303244960675,Turkmenistan
MJ,1980,25.256965944272444,Montenegro
SA,1980,168.44897959183675,Saudi Arabia
MD,1977,13.297564687975648,Moldova
VQ,1977,31.885587636276508,Virgin Islands [United States]
WQ,1977,31.767123287671232,Wake Island [United States]
BE,1969,21.273972602739725,Belgium
MD,1969,15.631891713436778,Moldova
MQ,1969,20.523287671232875,Midway Islands [United States}
PL,1969,13.89041095890411,Poland
NZ,1969,28.04089219330855,New Zealand
FI,1966,15.805927223570956,Finland
SH,1966,28.4027397260274,Saint Helena [United Kingdom]
SV,1966,17.32054794520548,Svalbard [Norway]
TZ,1966,26.000274122807017,Tanzania
AG,1972,8.284992784992784,Algeria
JA,1972,56.07802262194364,Japan
SI,1972,44.568044077134985,Slovenia
MD,1960,13.824983410749834,Moldova
PL,1960,46.44186046511628,Poland
TO,1960,35.82786885245902,Togo
ZA,1960,25.380848532910388,Zambia
BH,1960,161.14285714285714,Belize
CA,1959,23.219880509196596,Canada
KR,1959,20.82191780821918,Kiribati
MQ,1959,20.34794520547945,Midway Islands [United States}
BE,1952,25.193989071038253,Belgium
BF,1952,40.05805515239477,"Bahamas, The"
GB,1952,62.78483606557377,Gabon
BD,1951,36.57276995305164,Bermuda [United Kingdom]
BK,1951,22.493150684931507,Bosnia and Herzegovina
CU,1951,16.87123287671233,Cuba
IC,1951,28.898892633606163,Iceland
VQ,1951,29.562091503267975,Virgin Islands [United States]
LQ,1951,76.62711864406779,Palmyra Atoll [United States]
IR,1951,279.5,Iran
CA,1944,20.63601214040644,Canada
ER,1944,17.137741046831955,Eritrea
MX,1944,22.860911676305676,Mexico
SW,1944,18.16771567353082,Sweden
TX,1944,2.807800280729898,Turkmenistan
GV,1943,125.6054794520548,Guinea
HR,1943,18.896090534979425,Croatia
RQ,1943,52.96139206090267,Puerto Rico [United States]
TX,1943,5.555950086233134,Turkmenistan
GM,1934,17.616399959958244,Germany
LT,1934,28.15525114155251,Lesotho
WZ,1934,24.65205479452055,Swaziland
BR,1933,22.69601504206427,Brazil
UP,1932,13.575727773406767,Ukraine
AG,1931,14.41123264619268,Algeria
RS,1931,12.531437306408142,Russia
HU,1926,17.2586301369863,Hungary
LG,1926,19.576286764705884,Latvia
SF,1925,18.959871796250685,South Africa
BE,1924,22.546448087431695,Belgium
IT,1924,21.981654957064794,Italy
FR,1923,21.78242617255356,France
GG,1923,14.547945205479452,Georgia
IS,1923,7.421917808219178,Israel
TS,1923,8.009785647716683,Tunisia
AG,1917,14.50476947535771,Algeria
AU,1917,25.295433789954338,Austria
EZ,1917,9.495890410958904,Czech Republic
SI,1917,38.010958904109586,Slovenia
SI,1903,42.99178082191781,Slovenia
EZ,1902,10.36986301369863,Czech Republic
MX,1902,11.254901960784315,Mexico
IN,1901,30.906625912048906,India
RS,1901,12.027824507099119,Russia
AM,1900,12.523520485584218,Armenia
GL,1900,14.686301369863013,Greenland [Denmark]
TX,1900,5.603363700070077,Turkmenistan
IT,1869,23.496438356164383,Italy
SW,1868,12.98619257086999,Sweden
EN,1865,12.741935483870968,Estonia
US,1860,16.373716632443532,United States
CA,1856,19.66393442622951,Canada
US,1850,26.126732673267327,United States
EZ,1849,11.63013698630137,Czech Republic
GM,1848,25.815,Germany
AS,1842,23.24354561101549,Australia
UK,1842,18.72792022792023,United Kingdom
AS,1839,13.843835616438357,Australia
AS,1833,22.50657894736842,Australia
EZ,1810,12.654794520547945,Czech Republic
GM,1783,17.832876712328765,Germany
BC,2010,64.98461538461538,Botswana
GR,2010,14.042443064182194,Greece
PO,2010,90.78699402786994,Portugal
RO,2010,21.514592019058963,Romania
TU,2010,18.688270437873403,Turkey
GH,2010,80.52291105121294,Ghana
IS,2012,11.457333857648447,Israel
MA,2012,94.66771582733813,Madagascar
CG,2012,77.80208333333333,Congo (Kinshasa)
BN,2012,79.32364597093792,Benin
CE,2018,42.28900804289544,Sri Lanka
WZ,2018,59.689189189189186,Swaziland
ES,2018,112.1219512195122,El Salvador
SE,2018,57.09,Seychelles
QA,2018,332.2,Qatar
BF,2020,44.231598813696415,"Bahamas, The"
BO,2020,32.40121120363361,Belarus
JN,2020,23.316939890710383,Jan Mayen [Norway]
RP,2020,89.55543237250555,Philippines
SW,2020,19.182074918490372,Sweden
LA,2020,99.10496183206106,Laos
BG,2004,64.43757575757576,Bangladesh
CS,2004,86.08316430020284,Costa Rica
GV,2004,17.429878048780488,Guinea
HO,2004,44.04477611940298,Honduras
NZ,2004,30.392187155153387,New Zealand
PE,2004,22.748909976917158,Peru
AR,2005,31.331752127098863,Argentina
CH,2005,20.553788810024187,China
FG,2005,88.35278514588859,French Guiana [France]
PK,2005,18.443486020226057,Pakistan
BM,2005,21.006756756756758,Burma
MR,2005,28.197802197802197,Mauritania
NP,2005,32.194719471947195,Nepal
LI,2005,3.877551020408163,Liberia
NU,2005,2.5,Nicaragua
EI,1983,29.377507598784195,Ireland
GH,1983,0.0,Ghana
AG,1982,15.743747191852629,Algeria
MP,1982,57.614794520547946,Mauritius
RW,1982,71.5,Rwanda
GY,1982,183.66666666666666,Guyana
GA,1982,126.17073170731707,"Gambia, The"
CH,1993,21.60342951872766,China
EI,1993,33.89416292495189,Ireland
ES,1993,51.10511363636363,El Salvador
SW,1993,19.062601419520522,Sweden
UC,1993,15.513011152416357,Curacao
MY,1985,79.50649987736081,Malaysia
EG,1985,21.39423076923077,Egypt
CF,1985,109.56581532416503,Congo (Brazzaville)
AG,1996,15.06342518788431,Algeria
FJ,1996,72.14747307373653,Fiji
HU,1996,16.814719173660425,Hungary
RE,1996,48.26315789473684,Reunion [France]
NG,1996,54.76840855106888,Niger
KS,1995,52.30946601941748,"Korea, South"
SN,1995,71.66115702479338,Singapore
GV,1995,13.760139049826188,Guinea
BH,1995,61.16483516483517,Belize
AG,1979,7.262295081967213,Algeria
ET,1979,24.22607163828538,Ethiopia
MJ,1979,29.657320872274145,Montenegro
MQ,1979,36.53706754530478,Midway Islands [United States}
SL,1979,39.96116504854369,Sierra Leone
US,1979,26.124757970001593,United States
CI,1976,59.93740795287187,Chile
IS,1976,10.381147540983607,Israel
TH,1976,43.46948327508737,Thailand
ML,1976,11.838777660695468,Mali
FS,1976,16.75925925925926,French Southern and Antarctic Lands [France]
NO,1967,38.77307511184365,Norway
SZ,1967,32.977739726027394,Switzerland
UV,1967,22.27710371819961,Burkina Faso
LY,1968,4.993169398907104,Libya
JQ,1962,15.607843137254902,Johnston Atoll [United States]
MZ,1962,40.99691675231244,Mozambique
UC,1962,20.0,Curacao
CA,1961,22.422510999487304,Canada
EN,1961,16.17542396441479,Estonia
GP,1961,53.863013698630134,Guadeloupe [France]
IN,1961,36.86214215881587,India
KG,1961,8.633517587939698,Kyrgyzstan
MK,1961,12.076712328767123,Macedonia
MY,1961,96.06989386487186,Malaysia
ML,1961,2.152173913043478,Mali
LA,1961,15.0,Laos
AL,1954,43.893150684931506,Albania
BO,1954,15.182859761686526,Belarus
IZ,1954,5.788888888888889,Iraq
TU,1954,53.101604278074866,Turkey
BM,1954,127.415770609319,Burma
AJ,1953,14.454032335214771,Azerbaijan
BF,1953,41.58594917787743,"Bahamas, The"
LH,1953,12.580159849553361,Lithuania
UP,1953,12.488071182955794,Ukraine
BE,1948,21.66393442622951,Belgium
FM,1948,94.17622950819673,Federated States of Micronesia
KZ,1948,7.318645496074866,Kazakhstan
SY,1948,9.473684210526315,Syria
SZ,1948,36.44184231069477,Switzerland
UZ,1948,6.678904604273247,Uzbekistan
AS,1942,19.217765707101158,Australia
BK,1941,25.24109589041096,Bosnia and Herzegovina
RS,1941,12.36806422836753,Russia
UP,1941,17.826349691214556,Ukraine
AG,1938,10.4072984108299,Algeria
EI,1938,27.85354025218235,Ireland
LT,1937,20.300456621004567,Lesotho
WZ,1922,21.159137577002053,Swaziland
AS,1916,20.48426805927766,Australia
BR,1916,25.586046842308395,Brazil
HU,1916,18.150273224043715,Hungary
BK,1921,21.246575342465754,Bosnia and Herzegovina
FR,1921,13.647227991691963,France
GG,1921,15.150684931506849,Georgia
MX,1921,21.613986013986015,Mexico
SI,1921,24.602739726027398,Slovenia
MO,1921,12.52551724137931,Morocco
AU,2008,42.6455857385399,Austria
LU,2008,25.407103825136613,Luxembourg
PE,2008,71.08655126498003,Peru
ET,2008,64.2695652173913,Ethiopia
MI,1918,0.0,Malawi
NG,1919,123.32142857142857,Niger
HR,1898,20.113543091655266,Croatia
AU,1896,31.846994535519126,Austria
NO,1896,27.781638974936637,Norway
EI,1895,23.69254658385093,Ireland
FR,1895,18.7821075740944,France
GG,1895,42.461988304093566,Georgia
NL,1895,18.185127201565557,Netherlands
TS,1895,5.770710059171598,Tunisia
BO,1894,15.677635997313633,Belarus
CY,1894,13.243835616438357,Cyprus
IT,1894,20.172943452042325,Italy
TS,1893,9.8224,Tunisia
CY,1892,8.469945355191257,Cyprus
LG,1892,12.2,Latvia
NO,1891,29.75890410958904,Norway
UK,1889,20.298446069469836,United Kingdom
BO,1888,9.989071038251366,Belarus
KZ,1886,4.334256694367498,Kazakhstan
SW,1886,11.857089888235606,Sweden
LG,1885,19.083098591549295,Latvia
AG,1884,18.05526388505112,Algeria
RO,1884,17.94808743169399,Romania
EI,1883,25.651195499296765,Ireland
AG,1882,10.876472062139815,Algeria
AU,1882,30.71780821917808,Austria
SW,1882,15.184091576166715,Sweden
SW,1881,13.142582724005454,Sweden
EN,1879,16.537899543378995,Estonia
EI,1878,20.084931506849315,Ireland
NO,1878,25.726027397260275,Norway
US,1878,29.555437636150366,United States
EN,1876,15.30464480874317,Estonia
GL,1874,6.038356164383561,Greenland [Denmark]
CA,1873,25.34967497291441,Canada
EI,1872,25.328358208955223,Ireland
DA,1872,17.6875,Denmark
SW,1871,10.50450788880541,Sweden
AS,1870,28.68772998350463,Australia
MP,2022,45.65150544522742,Mauritius
BU,2015,18.922491349480968,Bulgaria
RM,2015,74.91775836972343,Marshall Islands
SP,2015,13.944317398659232,Spain
CB,2015,67.25,Cambodia
AG,2019,13.909424307036247,Algeria
JM,2019,23.039829302987197,Jamaica
WZ,2019,77.3225806451613,Swaziland
WQ,2019,6.428571428571429,Wake Island [United States]
GA,2019,181.79591836734693,"Gambia, The"
AU,2000,44.07758945386064,Austria
BR,2000,39.46161152826457,Brazil
FG,2000,82.85353535353535,French Guiana [France]
RI,2000,9.428051001821494,Serbia
FI,2009,14.275625795781211,Finland
GI,2009,25.221917808219178,Gibraltar [United Kingdom]
SW,2009,18.70792531953336,Sweden
UZ,2009,56.02506963788301,Uzbekistan
KS,1999,50.86177170035672,"Korea, South"
DR,1999,55.48013816925734,Dominican Republic
UV,1999,13.37593984962406,Burkina Faso
WI,1999,0.18823529411764706,Western Sahara
BL,2007,86.3213589529379,Bolivia
FR,2007,20.139715536105033,France
JN,2007,16.898630136986302,Jan Mayen [Norway]
NC,2007,24.15076071922545,New Caledonia [France]
TU,2007,16.246675732849802,Turkey
AM,1990,12.754185022026432,Armenia
AY,1990,13.165160823997109,Antarctica
BR,1990,38.68055238448948,Brazil
CH,1990,21.499810286402113,China
CU,1990,32.47364016736402,Cuba
AY,2013,17.050744248985115,Antarctica
NS,2013,76.28219178082192,Suriname
SW,2013,15.854281386579151,Sweden
AF,2013,17.285714285714285,Afghanistan
BA,2013,98.41666666666667,Bahrain
NI,2013,64.66666666666667,Nigeria
BK,1989,30.17808219178082,Bosnia and Herzegovina
CE,1989,33.47912524850894,Sri Lanka
IC,1989,37.26723768736617,Iceland
JM,1989,22.603448275862068,Jamaica
MD,1989,14.679634703196347,Moldova
PO,1989,32.27039627039627,Portugal
SA,1989,2.6901023890784983,Saudi Arabia
TO,1989,77.4689880304679,Togo
MO,2021,11.218512898330804,Morocco
SN,2021,81.58357771260997,Singapore
WA,2021,61.32217573221757,Namibia
WF,2021,70.54929577464789,Wallis and Futuna [France]
PP,2021,54.28260869565217,Papua New Guinea
ML,2021,74.76821773485514,Mali
VE,2021,0.0,Venezuela
MK,2002,29.965675057208237,Macedonia
MO,2002,24.326785714285716,Morocco
RS,2002,15.138546498083317,Russia
SN,2002,59.503649635036496,Singapore
KT,2002,1.2771084337349397,Christmas Island [Australia]
CK,2002,0.0,Cocos (Keeling) Islands [Australia]
AG,1986,13.757029638475736,Algeria
CJ,1986,25.638356164383563,Cayman Islands [United Kingdom]
MD,1986,10.245969125214408,Moldova
SP,1986,15.703188213272146,Spain
UP,1986,13.525372419813579,Ukraine
NG,1986,56.48616600790514,Niger
AU,2001,41.71363463729586,Austria
FP,2001,37.5521978021978,French Polynesia
IC,2001,39.66529680365297,Iceland
SF,2001,35.46496106785317,South Africa
UK,2001,25.20919053034219,United Kingdom
US,2001,23.156387224656978,United States
FS,2001,43.85982905982906,French Southern and Antarctic Lands [France]
KU,2001,81.75,Kuwait
EI,1997,31.597173144876326,Ireland
GL,1997,25.29503968253968,Greenland [Denmark]
HO,1997,40.803030303030305,Honduras
NC,1997,161.64626865671642,New Caledonia [France]
NL,1997,18.75435602019771,Netherlands
SN,1997,31.802739726027397,Singapore
ET,1997,53.516994633273704,Ethiopia
EG,1998,4.835233441910966,Egypt
EZ,1998,21.010529019003595,Czech Republic
GI,1998,11.55363321799308,Gibraltar [United Kingdom]
KR,1998,16.12727272727273,Kiribati
NS,1998,44.843537414965986,Suriname
CK,1998,8.4875,Cocos (Keeling) Islands [Australia]
KT,1998,14.073170731707316,Christmas Island [Australia]
BD,1991,31.797260273972604,Bermuda [United Kingdom]
CF,1991,98.18987341772151,Congo (Brazzaville)
SI,1991,37.72960516208327,Slovenia
AM,1994,12.899728997289973,Armenia
CH,1994,21.62753465756259,China
CW,1994,43.41379310344828,Cook Islands [New Zealand]
EI,1994,35.112027674294836,Ireland
FI,1994,16.015528311393027,Finland
SZ,1994,41.44143835616438,Switzerland
GB,1994,100.55414551607446,Gabon
IO,1973,51.11232876712329,British Indian Ocean Territory [United Kingdom]
KE,1973,14.292170257488177,Kenya
LT,1973,15.838487972508592,Lesotho
SX,1973,19.476190476190474,South Georgia and the South Sandwich Islands [United Kingdom]
BU,1973,16.677350427350426,Bulgaria
AG,1987,10.053733348259263,Algeria
CA,1987,20.909180690381227,Canada
TD,1987,34.773234200743495,Trinidad and Tobago
JQ,1987,17.731147540983606,Johnston Atoll [United States]
AQ,1975,104.11273792093704,American Samoa [United States]
CF,1975,44.499656986050766,Congo (Brazzaville)
MI,1975,26.653729071537292,Malawi
BL,1978,26.38959413552655,Bolivia
IT,1978,23.636697834252377,Italy
HO,1978,1469.6122448979593,Honduras
NU,1978,313.0625,Nicaragua
BN,1970,28.189144736842106,Benin
TO,1970,33.02082191780822,Togo
UG,1970,37.51154598825832,Uganda
UK,1970,25.611124716830957,United Kingdom
WZ,1970,17.08082191780822,Swaziland
MT,1970,70.26785714285714,Malta
AO,1964,18.049079754601227,Angola
MY,1964,96.35643094447082,Malaysia
RM,1964,70.87422166874222,Marshall Islands
TZ,1964,27.687978142076503,Tanzania
VE,1964,28.338698140200286,Venezuela
EZ,1963,28.229671897289585,Czech Republic
FR,1963,22.230875915572312,France
VE,1963,29.306930693069308,Venezuela
AQ,1971,76.65840707964601,American Samoa [United States]
LU,1971,17.581818181818182,Luxembourg
RM,1971,84.40037950664137,Marshall Islands
TH,1971,44.63354195938179,Thailand
CH,1965,19.549525939545287,China
GQ,1965,54.17153284671533,Guam [United States]
MI,1965,29.88681903569192,Malawi
CF,1956,38.75,Congo (Brazzaville)
CY,1956,13.790300546448087,Cyprus
KS,1956,39.623446206600946,"Korea, South"
FG,1955,116.46575342465754,French Guiana [France]
HO,1955,14.5695067264574,Honduras
JA,1955,48.91054084270841,Japan
MZ,1955,31.523744292237442,Mozambique
RS,1955,13.582590690921265,Russia
WQ,1955,22.747945205479454,Wake Island [United States]
BK,1946,19.41917808219178,Bosnia and Herzegovina
BO,1946,12.902606310013718,Belarus
GQ,1946,83.66525423728814,Guam [United States]
NC,1946,111.53846153846153,New Caledonia [France]
GV,1958,80.42221180880975,Guinea
HU,1958,13.762191780821917,Hungary
KG,1958,14.478514633733717,Kyrgyzstan
NG,1958,12.230115194733955,Niger
RI,1958,14.477625570776256,Serbia
RP,1958,65.20898876404495,Philippines
SI,1958,43.07945205479452,Slovenia
UP,1958,15.629345480700072,Ukraine
VE,1958,21.125148986889155,Venezuela
CB,1958,65.55963302752293,Cambodia
AM,1957,12.057420107981907,Armenia
FR,1957,19.652577665023216,France
IS,1945,15.283561643835617,Israel
PO,1945,22.242313546423137,Portugal
TS,1945,10.892265193370166,Tunisia
AU,1950,23.87358121330724,Austria
GL,1950,12.0061099796334,Greenland [Denmark]
KZ,1950,7.437211380902726,Kazakhstan
ZA,1950,26.114794138171668,Zambia
AC,1949,19.24,Antigua and Barbuda
KG,1949,13.46967022758941,Kyrgyzstan
LG,1949,16.602834427929483,Latvia
NH,1949,136.73818181818183,Vanuatu
BE,1928,23.42896174863388,Belgium
UG,1928,29.400956284153004,Uganda
FR,1927,25.90958904109589,France
BC,1940,16.450084285446714,Botswana
EI,1940,23.883116883116884,Ireland
SV,1940,13.163934426229508,Svalbard [Norway]
AS,1939,19.186392739479082,Australia
BC,1939,15.392542248346803,Botswana
DA,1939,16.516634050880626,Denmark
US,1939,22.701370664015883,United States
AM,1936,18.163589124988402,Armenia
BK,1936,27.079234972677597,Bosnia and Herzegovina
EI,1936,24.848816029143897,Ireland
IT,1936,22.806010928961747,Italy
KS,1936,44.15300546448088,"Korea, South"
LY,1936,9.309278350515465,Libya
BE,1935,24.405479452054795,Belgium
CA,1935,22.504237964037124,Canada
HU,1935,15.009315068493152,Hungary
LE,1935,21.48619957537155,Lebanon
LT,1935,17.739845261121857,Lesotho
NO,1935,30.308303047246294,Norway
SG,1935,9.901369863013699,Senegal
BC,1915,14.2986301369863,Botswana
LG,1915,13.333333333333334,Latvia
LT,1915,27.15962441314554,Lesotho
FI,1914,13.772602739726027,Finland
SF,1914,15.264870452718114,South Africa
LH,1909,9.098630136986301,Lithuania
GL,1908,24.006830601092897,Greenland [Denmark]
LT,1908,15.030054644808743,Lesotho
GM,1907,18.509265760952527,Germany
NO,1907,30.108838095238095,Norway
CA,1912,21.382617204118098,Canada
CY,1912,10.561475409836065,Cyprus
HR,1912,33.165983606557376,Croatia
NG,1912,76.27586206896552,Niger
IT,1910,28.949104563835935,Italy
SZ,1910,46.092367906066535,Switzerland
BK,1906,27.643835616438356,Bosnia and Herzegovina
SI,1905,42.04657534246575,Slovenia
BG,2023,8.438485804416404,Bangladesh
BR,2023,82.28631284916202,Brazil
FJ,2023,139.89243027888446,Fiji
GI,2023,16.202898550724637,Gibraltar [United Kingdom]
PS,2023,149.66666666666666,Palau
AJ,1904,14.377649325626205,Azerbaijan
SW,1904,13.78207205489897,Sweden
