Country_Code,year,avg(Value),Country_Name
BU,2008,15.589444825222754,Bulgaria
LH,2008,23.24565560821485,Lithuania
NE,2008,65.36453201970443,Niue [New Zealand]
TV,2008,69.56849315068493,Tuvalu
KN,2008,153.23076923076923,"Korea, North"
CD,2008,94.22330097087378,Chad
AG,2022,7.22261853514544,Algeria
AJ,2022,89.96851503759399,Azerbaijan
AY,2022,15.290909090909091,Antarctica
KU,2022,17.688172043010752,Kuwait
MO,2022,10.994836488812393,Morocco
NO,2022,35.24907662037303,Norway
PA,2022,100.52880075542966,Paraguay
QA,2022,6.458333333333333,Qatar
BC,2022,21.935064935064936,Botswana
LY,2015,32.75,Libya
PL,2019,15.35318331503842,Poland
DA,2000,21.882988871224164,Denmark
FJ,2000,147.4145299145299,Fiji
LE,2000,69.80970149253731,Lebanon
MX,2000,22.2545364014503,Mexico
SE,2000,67.10382513661202,Seychelles
SV,2000,10.195530726256983,Svalbard [Norway]
NU,2000,10.0,Nicaragua
BA,2000,188.0,Bahrain
LO,1999,21.29024621212121,Slovakia
MX,1999,23.03431005455737,Mexico
SH,1999,36.986301369863014,Saint Helena [United Kingdom]
PP,1990,76.65753424657534,Papua New Guinea
SH,1990,71.17808219178082,Saint Helena [United Kingdom]
TH,1990,42.777072920671536,Thailand
TU,1990,20.914435472446524,Turkey
TL,1990,104.52380952380952,Tokelau [New Zealand]
AY,1989,13.558657849620378,Antarctica
BY,1989,30.316438356164383,Burundi
CS,1989,68.45641646489103,Costa Rica
MJ,1989,36.63323782234957,Montenegro
PE,1989,21.16087173515222,Peru
PP,1989,82.29223744292237,Papua New Guinea
RE,1989,70.60919540229885,Reunion [France]
UC,1989,22.933753943217667,Curacao
ID,1986,34.92965061378659,Indonesia
EZ,1997,15.51092318534179,Czech Republic
FS,1997,36.517051705170516,French Southern and Antarctic Lands [France]
HR,1997,27.115872685666737,Croatia
SW,1997,16.653571801384878,Sweden
UZ,1997,8.668825083070631,Uzbekistan
GB,1973,51.410500709507396,Gabon
KG,1973,9.684134310797358,Kyrgyzstan
PA,1973,37.61506849315069,Paraguay
US,1973,27.36084626137884,United States
MO,1973,9.937980241492864,Morocco
LI,1973,132.42741935483872,Liberia
AQ,1970,115.25839793281654,American Samoa [United States]
BE,1970,19.926027397260274,Belgium
KZ,1970,8.08771684687977,Kazakhstan
MG,1970,4.441400304414003,Mongolia
MX,1970,26.847006162658353,Mexico
AQ,1964,131.7135446685879,American Samoa [United States]
CD,1964,21.17753984063745,Chad
IN,1964,30.69138241802493,India
BK,1963,42.105839416058394,Bosnia and Herzegovina
FJ,1963,74.06153846153846,Fiji
KZ,1963,8.192870361108332,Kazakhstan
LU,1963,18.38206724782067,Luxembourg
SI,1963,45.74345709068777,Slovenia
VM,1963,71.15467422096317,Vietnam
BK,1956,31.01914893617021,Bosnia and Herzegovina
BO,1956,17.530207249739938,Belarus
CT,1956,40.255046257359126,Central African Republic
GG,1956,33.73593440769013,Georgia
SP,1956,16.079399590249615,Spain
TZ,1956,23.295216400911162,Tanzania
JO,1956,15.666666666666666,Jordan
ST,1956,52.26623376623377,Saint Lucia
AU,1955,28.75177304964539,Austria
BF,1955,24.10483870967742,"Bahamas, The"
ID,1955,107.0945945945946,Indonesia
MK,1955,17.613698630136987,Macedonia
MP,1955,68.32054794520548,Mauritius
MC,1955,116.87261146496816,Macau S.A.R
MD,1946,10.713087248322148,Moldova
WZ,1946,25.723287671232878,Swaziland
BK,1945,21.96986301369863,Bosnia and Herzegovina
GG,1945,29.932069510268562,Georgia
IV,1945,43.2005033557047,Cote D'Ivoire
SP,1945,12.094812040504925,Spain
AS,1930,17.523020944725783,Australia
SZ,1930,42.51552511415525,Switzerland
TU,1929,97.17514124293785,Turkey
EI,1928,30.569216757741348,Ireland
UP,1928,11.428234790059983,Ukraine
VQ,1928,34.116618075801746,Virgin Islands [United States]
UG,1927,27.775342465753425,Uganda
FR,1915,23.50189633375474,France
TI,1915,2.6376404494382024,Tajikistan
FR,1914,28.76267203759651,France
RO,1914,18.82191780821918,Romania
RO,1913,22.5972602739726,Romania
UP,1913,13.8889557025456,Ukraine
EZ,1911,8.931506849315069,Czech Republic
KG,1911,9.283464566929133,Kyrgyzstan
RS,1911,12.063376832886815,Russia
BC,1910,19.306849315068494,Botswana
LH,1910,17.84109589041096,Lithuania
PK,1910,19.927671232876712,Pakistan
FG,2009,79.10250391236306,French Guiana [France]
NC,2009,30.770334928229666,New Caledonia [France]
NH,2009,109.36650485436893,Vanuatu
SP,2009,16.450018823760498,Spain
VE,2009,52.972093023255816,Venezuela
PP,2009,85.8005115089514,Papua New Guinea
CQ,2007,58.70208183776023,Northern Mariana Islands [United States]
CS,2007,106.6311475409836,Costa Rica
FK,2007,16.87043189368771,Falkland Islands (Islas Malvinas) [United Kingdom]
MA,2007,97.80939809926082,Madagascar
NO,2007,38.346418701785026,Norway
BE,2007,20.332386363636363,Belgium
GV,2007,103.92592592592592,Guinea
MD,2007,56.60377358490566,Moldova
JA,2013,48.51069302118352,Japan
MC,2013,58.23661971830986,Macau S.A.R
VM,2013,51.90942028985507,Vietnam
GB,2013,117.51914241960183,Gabon
EN,2010,20.448437207561295,Estonia
GI,2010,51.82967032967033,Gibraltar [United Kingdom]
PP,2010,64.40715883668904,Papua New Guinea
SZ,2010,35.230479452054794,Switzerland
WA,2010,46.08022388059702,Namibia
CF,2012,76.45261437908496,Congo (Brazzaville)
EU,2012,13.197368421052632,Europa Island [France]
RQ,2012,48.00361567186296,Puerto Rico [United States]
JO,2012,26.391304347826086,Jordan
CM,2012,115.86449864498645,Cameroon
BH,2018,51.24722222222222,Belize
DR,2018,57.9943661971831,Dominican Republic
MX,2018,18.664913278362242,Mexico
SP,2018,23.142982726711907,Spain
LO,2020,20.427202190780466,Slovakia
RM,2020,84.29012810851545,Marshall Islands
KR,2020,43.78531073446328,Kiribati
WQ,2020,0.0,Wake Island [United States]
CQ,2004,75.2235294117647,Northern Mariana Islands [United States]
GI,2004,15.562289562289562,Gibraltar [United Kingdom]
HU,2004,18.422176104358137,Hungary
ML,2004,22.34530853761623,Mali
MZ,2004,47.9056,Mozambique
SE,2004,75.13745704467354,Seychelles
AQ,2005,145.45207439198856,American Samoa [United States]
MO,2005,10.157695542472666,Morocco
NO,2005,37.24336884643645,Norway
SV,2005,11.629432624113475,Svalbard [Norway]
UP,2005,24.467616694608665,Ukraine
MK,2005,100.68627450980392,Macedonia
BG,1983,8.19855072463768,Bangladesh
GL,1983,18.264858233369683,Greenland [Denmark]
JQ,1983,9.767123287671232,Johnston Atoll [United States]
MZ,1983,25.730074979172453,Mozambique
CG,1983,99.0,Congo (Kinshasa)
BN,1983,97.79333333333334,Benin
CU,1982,54.972447325769856,Cuba
UY,1982,29.530712205454066,Uruguay
EG,1982,17.336283185840706,Egypt
AY,1993,12.559494451294698,Antarctica
FM,1993,123.59947682022961,Federated States of Micronesia
GL,1993,24.530923526953615,Greenland [Denmark]
MP,1993,51.61598857958601,Mauritius
PA,1993,32.91991905174906,Paraguay
SH,1993,85.12328767123287,Saint Helena [United Kingdom]
GI,1993,22.344202898550726,Gibraltar [United Kingdom]
GV,1993,49.06288032454361,Guinea
TO,1993,78.7504132231405,Togo
AS,1985,18.02350147481352,Australia
BK,1985,23.561643835616437,Bosnia and Herzegovina
CO,1985,34.35531816070599,Colombia
DR,1985,78.16666666666667,Dominican Republic
EI,1985,32.5525921486365,Ireland
GG,1985,31.468896697118762,Georgia
JN,1985,19.923287671232877,Jan Mayen [Norway]
LO,1985,21.47823886639676,Slovakia
GH,1985,5.0,Ghana
CO,1996,50.481246026700575,Colombia
ET,1996,65.2465940054496,Ethiopia
FI,1996,15.83615128218913,Finland
MY,1996,85.19714803078315,Malaysia
TI,1996,8.523305084745763,Tajikistan
WQ,1996,27.117486338797814,Wake Island [United States]
BR,1995,41.99095576607422,Brazil
JM,1995,20.648936170212767,Jamaica
MF,1995,35.950980392156865,Mayotte [France]
MJ,1995,74.016,Montenegro
SY,1995,5.795610425240055,Syria
UY,1995,28.040605576447206,Uruguay
BE,1979,22.956164383561642,Belgium
EC,1979,40.761795166858455,Ecuador
RI,1979,16.865753424657534,Serbia
SI,1979,42.855381604696674,Slovenia
TX,1979,5.302732465393918,Turkmenistan
UV,1979,23.094530005310673,Burkina Faso
AE,1979,4.0,United Arab Emirates
NS,1979,68.990990990991,Suriname
BP,1979,0.0,Solomon Islands
BU,1976,21.531568228105908,Bulgaria
IV,1976,46.47131044850914,Cote D'Ivoire
RO,1976,17.168770499950302,Romania
UK,1976,22.205639418968953,United Kingdom
WZ,1976,25.867244525547445,Swaziland
WI,1976,10.0,Western Sahara
AL,1967,40.74109589041096,Albania
EI,1967,29.076923076923077,Ireland
LO,1967,18.350684931506848,Slovakia
SU,1967,13.15967810249894,Sudan
TI,1967,13.158248970964513,Tajikistan
TU,1967,23.431273481020856,Turkey
WZ,1967,23.626578802855573,Swaziland
CY,1968,24.168032786885245,Cyprus
VE,1968,30.089179235356017,Venezuela
CD,1962,20.329763387297636,Chad
CQ,1962,64.85687022900764,Northern Mariana Islands [United States]
CT,1962,45.54737666405638,Central African Republic
GL,1962,15.633893237182306,Greenland [Denmark]
ZI,1962,23.77869529314616,Zimbabwe
ML,1962,9.083333333333334,Mali
HU,1961,12.800542005420054,Hungary
CD,1954,23.170995114425303,Chad
SP,1954,13.905412552891397,Spain
ZI,1954,23.01682974559687,Zimbabwe
BC,1953,14.538291767821672,Botswana
CY,1953,17.0,Cyprus
SG,1953,13.450240219629375,Senegal
PL,1953,38.976653696498055,Poland
NL,1948,18.90983606557377,Netherlands
BC,1947,9.694246575342465,Botswana
CQ,1947,43.46462715105162,Northern Mariana Islands [United States]
IT,1947,22.25949119373777,Italy
PO,1947,35.15555555555556,Portugal
SZ,1947,33.70958904109589,Switzerland
BM,2021,155.87856071964018,Burma
GG,2021,18.079166666666666,Georgia
LO,2021,27.730266893810334,Slovakia
IV,2021,82.65289672544081,Cote D'Ivoire
GV,1941,110.95726495726495,Guinea
UV,1941,24.104748603351954,Burkina Faso
JN,1938,23.35890410958904,Jan Mayen [Norway]
KG,1938,9.281123176483492,Kyrgyzstan
RS,1938,11.871467227186479,Russia
SW,1937,15.679430097951915,Sweden
AG,1922,11.368131868131869,Algeria
AM,1922,13.723135271807838,Armenia
FI,1922,14.117808219178082,Finland
SF,1922,14.078581969551037,South Africa
RQ,1916,54.69604944907283,Puerto Rico [United States]
AJ,1921,20.197014925373136,Azerbaijan
RO,1921,17.495890410958904,Romania
AM,1918,7.306849315068493,Armenia
SI,1918,30.756164383561643,Slovenia
RO,1920,16.598360655737704,Romania
SW,1920,15.092071924805884,Sweden
UP,1920,10.323885525591635,Ukraine
IT,1919,19.354990215264188,Italy
LH,1919,13.620178041543026,Lithuania
SF,1919,11.194813102295878,South Africa
NL,1896,17.35031225604996,Netherlands
EG,1895,2.2164383561643834,Egypt
GM,1895,19.616096693346268,Germany
HR,1895,30.80805243445693,Croatia
TX,1894,2.461133069828722,Turkmenistan
EN,1893,11.717260273972602,Estonia
NO,1892,24.67349726775956,Norway
NL,1891,18.314457028647567,Netherlands
LG,1890,14.490853658536585,Latvia
IT,1889,26.97221135029354,Italy
RO,1889,24.473972602739725,Romania
GL,1888,10.19672131147541,Greenland [Denmark]
HR,1886,28.15433789954338,Croatia
KG,1886,14.002785515320335,Kyrgyzstan
LH,1886,11.884931506849314,Lithuania
BE,1884,19.7103825136612,Belgium
EZ,1880,15.931693989071038,Czech Republic
UK,1880,21.991803278688526,United Kingdom
AS,1879,18.898563318271346,Australia
CA,1879,23.968082182367898,Canada
RS,1874,36.27173913043478,Russia
GM,1873,16.17933618843683,Germany
FR,2011,18.149414709563423,France
MP,2011,35.717791411042946,Mauritius
JU,2011,18.696245733788395,Juan De Nova Island [France]
EK,2011,123.6875,Equatorial Guinea
GA,2011,103.85074626865672,"Gambia, The"
BE,2016,39.30331753554503,Belgium
GQ,2016,80.29539295392954,Guam [United States]
RE,2016,33.87777777777778,Reunion [France]
CS,2016,96.3135593220339,Costa Rica
MJ,2016,50.99023596419853,Montenegro
MV,2016,5.615160349854228,Maldives
LG,2017,44.652885443583116,Latvia
RP,2017,105.20386206896552,Philippines
CV,2017,56.611111111111114,Cape Verde
GV,2017,241.67549668874173,Guinea
WI,2017,10.555555555555555,Western Sahara
BC,2006,61.497098646034814,Botswana
GQ,2006,66.66826923076923,Guam [United States]
VE,2006,65.071988595866,Venezuela
AO,2006,7.1,Angola
LH,2002,19.482719759579265,Lithuania
GV,2002,94.08333333333333,Guinea
WZ,2002,64.11538461538461,Swaziland
BK,2014,34.56789413118527,Bosnia and Herzegovina
GL,2014,29.565217391304348,Greenland [Denmark]
HR,2014,41.779281930547384,Croatia
KS,2014,99.52122241086587,"Korea, South"
MT,2014,14.108635097493035,Malta
PA,2014,122.51522435897436,Paraguay
EZ,2003,12.433796296296297,Czech Republic
FM,2003,97.57073630367479,Federated States of Micronesia
NC,2003,118.52922590837282,New Caledonia [France]
TX,2003,4.73971809229581,Turkmenistan
CO,1984,37.96277097078228,Colombia
FG,1984,100.98740818467996,French Guiana [France]
LH,1984,18.177465521727818,Lithuania
MF,1984,31.674603174603174,Mayotte [France]
MG,1984,4.6722681979395375,Mongolia
NL,1984,23.35994607682279,Netherlands
NZ,1984,32.30470500373413,New Zealand
PO,1984,30.482975303229576,Portugal
UY,1984,37.555400629073574,Uruguay
IV,2001,83.02242152466367,Cote D'Ivoire
SE,2001,62.73972602739726,Seychelles
SH,2001,20.368932038834952,Saint Helena [United Kingdom]
VE,2001,63.002691065662,Venezuela
JM,2001,462.25,Jamaica
JO,2001,14.238938053097344,Jordan
ET,2001,44.16129032258065,Ethiopia
FP,1992,54.761713030746705,French Polynesia
MU,1992,6.068923327895596,Oman
KR,1992,63.40080971659919,Kiribati
NS,1992,59.46413502109704,Suriname
LE,1992,2.5,Lebanon
LU,1981,29.16513075965131,Luxembourg
TV,1981,34.19753086419753,Tuvalu
UZ,1981,7.779972226508255,Uzbekistan
MV,1981,49.22083333333333,Maldives
KN,1981,5.0,"Korea, North"
CS,1988,80.29028571428572,Costa Rica
GT,1988,45.114754098360656,Guatemala
PK,1988,0.5911664779161948,Pakistan
TE,1988,30.233576642335766,Tromelin Island [France]
TS,1988,6.514862591138531,Tunisia
WZ,1988,26.276167076167077,Swaziland
MR,1988,46.43037974683544,Mauritania
ML,1988,71.0752453653217,Mali
AG,1998,9.416282135794331,Algeria
CW,1998,23.419354838709676,Cook Islands [New Zealand]
FM,1998,71.54520331622582,Federated States of Micronesia
SZ,1998,36.28595890410959,Switzerland
CS,1998,86.01587301587301,Costa Rica
BM,1998,0.0,Burma
TV,1998,100.80630630630631,Tuvalu
BG,1991,37.373333333333335,Bangladesh
JA,1991,105.51941656797356,Japan
MQ,1991,20.91025641025641,Midway Islands [United States}
CQ,1974,74.49549549549549,Northern Mariana Islands [United States]
EI,1974,30.547728579643472,Ireland
LY,1974,14.149085794655415,Libya
TE,1974,26.836363636363636,Tromelin Island [France]
SX,1974,42.46666666666667,South Georgia and the South Sandwich Islands [United Kingdom]
AU,1980,30.056456120737842,Austria
AY,1980,5.97457627118644,Antarctica
BO,1980,19.823585994613314,Belarus
CM,1980,57.01480750246792,Cameroon
EG,1980,1.5494949494949495,Egypt
EN,1980,17.96268007948336,Estonia
NZ,1980,26.553846153846155,New Zealand
AQ,1977,98.32591958939264,American Samoa [United States]
BE,1977,23.44931506849315,Belgium
IN,1977,70.39846997589689,India
JN,1977,20.528767123287672,Jan Mayen [Norway]
MP,1977,38.83945205479452,Mauritius
PE,1977,22.174378453038674,Peru
RQ,1977,42.246003978870824,Puerto Rico [United States]
KS,1969,34.29223744292238,"Korea, South"
GG,1966,28.610311633219123,Georgia
SG,1966,9.476878612716764,Senegal
SW,1966,18.894916832231427,Sweden
BK,1972,23.043715846994534,Bosnia and Herzegovina
BO,1972,16.364672,Belarus
SP,1972,21.15489313437068,Spain
WQ,1972,20.584699453551913,Wake Island [United States]
ZI,1972,20.961190855927697,Zimbabwe
FG,1960,105.68306010928961,French Guiana [France]
LU,1960,24.072280178837556,Luxembourg
PS,1960,91.02830188679245,Palau
UY,1960,19.414703110273326,Uruguay
BL,1994,67.91004533524219,Bolivia
BU,1994,14.286778398510242,Bulgaria
KG,1994,18.15514592933948,Kyrgyzstan
MK,1994,14.065656565656566,Macedonia
MP,1994,55.90193271295634,Mauritius
TH,1994,58.28562703583062,Thailand
JU,1994,39.04210526315789,Juan De Nova Island [France]
AJ,1994,143.25,Azerbaijan
FG,1959,106.52054794520548,French Guiana [France]
KS,1959,41.077737347006284,"Korea, South"
LH,1959,14.758250690944562,Lithuania
NL,1959,14.070373965981029,Netherlands
NO,1959,28.49722246813031,Norway
RM,1959,58.367616400277974,Marshall Islands
SZ,1959,35.262239089184064,Switzerland
GM,1952,23.966680901402366,Germany
PM,1952,88.68705547652917,Panama
PO,1952,29.070541480377546,Portugal
RP,1952,65.27487520798668,Philippines
SP,1952,16.110476007493155,Spain
BP,1952,85.716,Solomon Islands
FM,1951,112.94106280193236,Federated States of Micronesia
HO,1951,29.5013698630137,Honduras
KG,1951,12.562033663022731,Kyrgyzstan
LA,1951,128.33333333333334,Laos
AS,1987,17.335494576637448,Australia
BU,1987,15.37467018469657,Bulgaria
RE,1987,105.02197802197803,Reunion [France]
RI,1987,19.90684931506849,Serbia
RS,1987,14.437149305117629,Russia
ET,1975,28.871585207210554,Ethiopia
LU,1975,17.58430884184309,Luxembourg
SP,1975,16.49187968204952,Spain
CW,1975,189.5,Cook Islands [New Zealand]
CS,1975,269.0,Costa Rica
AJ,1944,12.987562442654704,Azerbaijan
FI,1944,11.0968992248062,Finland
HR,1944,23.157103825136613,Croatia
AS,1943,15.938578262819554,Australia
RO,1978,17.824753039513677,Romania
AU,1934,24.192237442922373,Austria
MX,1934,22.925167129019055,Mexico
PS,1971,100.75515151515151,Palau
SU,1971,9.777879341864717,Sudan
BC,1931,12.298197242841994,Botswana
BF,1965,24.34429223744292,"Bahamas, The"
FJ,1965,72.89805825242719,Fiji
GG,1965,29.299160447761196,Georgia
MQ,1965,23.223188405797103,Midway Islands [United States}
BO,1925,17.666899930020993,Belarus
BR,1925,24.965521657009315,Brazil
CY,1925,10.543150684931506,Cyprus
MX,1925,29.32665045170257,Mexico
RQ,1925,39.823219601557135,Puerto Rico [United States]
SW,1924,16.27102540359918,Sweden
KZ,1923,10.15943600867679,Kazakhstan
SW,1958,16.821517830392256,Sweden
TI,1958,14.821216245254638,Tajikistan
TO,1958,26.603835616438356,Togo
KN,1958,126.24571428571429,"Korea, North"
AQ,1957,80.4607190412783,American Samoa [United States]
ER,1957,6.739368998628258,Eritrea
GB,1957,60.67802855826808,Gabon
GL,1957,15.651182795698924,Greenland [Denmark]
HO,1957,42.082191780821915,Honduras
WA,1957,14.736986301369862,Namibia
KG,1903,11.232876712328768,Kyrgyzstan
TS,1903,6.369127516778524,Tunisia
PK,1902,12.984974958263773,Pakistan
AU,1901,26.700456621004566,Austria
US,1901,24.206321004057717,United States
EG,1900,1.361228813559322,Egypt
TS,1900,4.277604976671851,Tunisia
RS,1899,13.395548286728628,Russia
CF,1950,44.1086387434555,Congo (Brazzaville)
IT,1950,17.432093933463797,Italy
CK,1950,30.125,Cocos (Keeling) Islands [Australia]
CA,1869,26.47717391304348,Canada
AS,1866,15.561842105263159,Australia
CA,1858,22.84109589041096,Canada
US,1857,21.751131221719458,United States
AS,1853,18.89041095890411,Australia
IT,1850,26.412328767123288,Italy
SF,1850,23.30958904109589,South Africa
SW,1850,15.654794520547945,Sweden
CA,1846,23.49342105263158,Canada
SW,1842,10.287671232876713,Sweden
EZ,1841,13.441095890410958,Czech Republic
BC,1949,11.994520547945205,Botswana
HO,1949,34.24931506849315,Honduras
IT,1949,21.280626223091975,Italy
MR,1949,3.493659140117538,Mauritania
NG,1949,7.400501672240803,Niger
EZ,1830,13.542465753424658,Czech Republic
NL,1940,22.23255269320843,Netherlands
BO,1939,15.869273743016759,Belarus
TX,1936,3.478867876634091,Turkmenistan
UG,1936,34.56065573770492,Uganda
GM,1935,22.417721692802022,Germany
AU,1909,28.497260273972604,Austria
FR,1909,21.652663622526635,France
GG,1909,29.84406779661017,Georgia
EZ,1908,11.761194029850746,Czech Republic
IN,1906,33.737869362711834,India
UK,1905,16.691466747646523,United Kingdom
IR,2023,15.567216391804099,Iran
MC,2023,4.720588235294118,Macau S.A.R
MJ,2023,83.04778156996586,Montenegro
PL,2023,20.119800332778702,Poland
UP,2023,19.68175388967468,Ukraine
US,2023,28.03419690306904,United States
PA,2023,119.6695278969957,Paraguay
GB,2023,85.72727272727273,Gabon
NI,2023,317.2857142857143,Nigeria
GM,1904,16.628115133494774,Germany
MD,1904,8.60655737704918,Moldova
