Country_Code,year,avg(Value),Country_Name
HO,2010,56.339366515837106,Honduras
IT,2010,23.791333280519687,Italy
UV,2010,82.4250295159386,Burkina Faso
IV,2010,83.91085899513776,Cote D'Ivoire
NH,2012,110.27969348659003,Vanuatu
PL,2012,16.719792236194642,Poland
TE,2012,28.875,Tromelin Island [France]
BA,2012,9.0,Bahrain
BE,2018,62.49152542372882,Belgium
GB,2018,99.59210526315789,Gabon
IZ,2018,9.22279792746114,Iraq
UZ,2018,46.58303886925795,Uzbekistan
CW,2020,36.11162790697674,Cook Islands [New Zealand]
ID,2020,158.80837004405285,Indonesia
BB,2004,58.48159509202454,Barbados
IR,2004,10.014835680751174,Iran
MG,2004,3.2892446633825942,Mongolia
MY,2004,72.45445524905735,Malaysia
RQ,2004,50.726682184810265,Puerto Rico [United States]
NS,2004,84.5,Suriname
CM,2004,90.48724489795919,Cameroon
CE,2005,31.8849252013809,Sri Lanka
JA,2005,71.18028881941343,Japan
JN,2005,20.421917808219177,Jan Mayen [Norway]
LH,2005,19.117365710080943,Lithuania
MA,2005,71.7392776523702,Madagascar
NG,2005,13.00576923076923,Niger
NH,2005,93.72581873571973,Vanuatu
TD,2005,44.933734939759034,Trinidad and Tobago
GY,2005,85.64571428571429,Guyana
GP,2005,27.3265306122449,Guadeloupe [France]
AL,1983,28.43426294820717,Albania
LT,1983,16.37464985994398,Lesotho
MI,1983,25.188741721854306,Malawi
NC,1983,120.26349206349207,New Caledonia [France]
TE,1983,47.57377049180328,Tromelin Island [France]
AR,1982,35.32170785111042,Argentina
FS,1982,60.64296296296296,French Southern and Antarctic Lands [France]
IN,1982,44.401912310041446,India
KZ,1982,7.547274305555556,Kazakhstan
PE,1982,41.67664205207929,Peru
JO,1982,0.4222972972972973,Jordan
BM,1982,81.33898305084746,Burma
CY,1993,9.266766766766766,Cyprus
FJ,1993,54.66294227188082,Fiji
JA,1993,118.54884947004228,Japan
TV,1993,94.16712328767123,Tuvalu
WZ,1993,25.269652650822668,Swaziland
KN,1993,113.61351351351351,"Korea, North"
MB,1993,70.47305389221557,Martinique [France]
GY,1993,0.0,Guyana
CW,1985,44.68474576271186,Cook Islands [New Zealand]
GP,1985,31.114545454545453,Guadeloupe [France]
NL,1985,21.23402178061401,Netherlands
PE,1985,24.067519333729923,Peru
TI,1985,11.630686125852918,Tajikistan
TU,1985,20.145898382060743,Turkey
CT,1985,77.4318766066838,Central African Republic
AY,1996,64.13595505617978,Antarctica
BH,1996,52.5,Belize
KS,1996,62.49975880366618,"Korea, South"
SE,1996,63.41530054644809,Seychelles
SV,1996,12.298050139275766,Svalbard [Norway]
TH,1996,45.81455293437038,Thailand
WF,1996,105.01050788091068,Wallis and Futuna [France]
BA,1996,0.0,Bahrain
BM,1995,6.896373056994818,Burma
CU,1995,47.46793349168646,Cuba
CY,1995,7.331675783192441,Cyprus
NN,1995,39.74418604651163,Sint Maarten
SW,1995,17.748232817494404,Sweden
TV,1995,80.86522911051213,Tuvalu
IV,1995,74.02996254681648,Cote D'Ivoire
UC,1995,40.07514450867052,Curacao
NF,1995,34.42605633802817,Norfolk Island [Australia]
MV,1995,0.0,Maldives
DR,1995,74.52307692307693,Dominican Republic
CA,1979,23.406768875241536,Canada
CH,1979,19.96545782516221,China
CV,1979,6.711678832116788,Cape Verde
CW,1979,12.75,Cook Islands [New Zealand]
FR,1979,26.324150655299658,France
IT,1979,26.524586092715232,Italy
LT,1979,23.237373737373737,Lesotho
PK,1979,10.14995254666245,Pakistan
PP,1979,66.47488584474885,Papua New Guinea
SA,1979,213.65138233310856,Saudi Arabia
UC,1979,1168.2,Curacao
MZ,1976,33.16221628838451,Mozambique
UY,1976,28.482104087835744,Uruguay
UZ,1976,8.693578193578194,Uzbekistan
TN,1976,155.69230769230768,Tonga
AR,1976,30.220162224797217,Argentina
MD,1967,11.945556842627834,Moldova
MI,1967,28.225465041693393,Malawi
MQ,1967,40.512328767123286,Midway Islands [United States}
PM,1967,65.2023346303502,Panama
RP,1967,61.69743731055387,Philippines
UG,1967,33.02035225048924,Uganda
FI,1968,14.83658174276185,Finland
ZA,1968,28.263401822956897,Zambia
AY,1962,3.0133118192819683,Antarctica
BR,1962,31.76960447576219,Brazil
FI,1962,17.500642673521853,Finland
GM,1962,19.813467222889916,Germany
BF,1961,27.24109589041096,"Bahamas, The"
EG,1961,1.2354604200323103,Egypt
FR,1961,20.394246885617214,France
JA,1961,50.09060092996841,Japan
KS,1961,43.032215933826734,"Korea, South"
LO,1961,18.555188367481826,Slovakia
SH,1961,5.878787878787879,Saint Helena [United Kingdom]
KE,1954,21.28443113772455,Kenya
MK,1954,18.454794520547946,Macedonia
UK,1954,24.127841793833696,United Kingdom
LT,1953,20.89406392694064,Lesotho
SZ,1953,28.523679060665362,Switzerland
CY,1948,14.55396174863388,Cyprus
RQ,1948,49.02270362311986,Puerto Rico [United States]
TI,1948,11.296827358879275,Tajikistan
DA,1947,12.84990099009901,Denmark
EZ,1947,10.904109589041095,Czech Republic
SI,1947,33.8,Slovenia
TI,1947,7.6500391747192475,Tajikistan
UK,1947,20.621233066076858,United Kingdom
UZ,1947,6.585064801481177,Uzbekistan
EN,1942,14.635016544382104,Estonia
IV,1942,41.92613636363637,Cote D'Ivoire
LY,1942,3.3376436781609193,Libya
HU,1941,19.467945205479452,Hungary
UZ,1941,8.371688034188034,Uzbekistan
HU,1938,15.639452054794521,Hungary
LE,1938,20.828983516483518,Lebanon
PL,1938,46.65882352941176,Poland
DA,1937,17.547553816046968,Denmark
UG,1937,40.05205479452055,Uganda
LY,1921,13.194520547945206,Libya
BR,1918,26.04578198146556,Brazil
HR,1918,22.07554225878833,Croatia
UP,1918,10.833585095669688,Ukraine
GM,1897,19.979849059495077,Germany
EZ,1896,14.73224043715847,Czech Republic
HR,1896,28.205828779599273,Croatia
IT,1896,35.26770596134758,Italy
BE,1894,20.816438356164383,Belgium
RS,1892,13.191260325073275,Russia
MD,1890,12.687671232876712,Moldova
UZ,1890,5.052054794520548,Uzbekistan
SW,1889,12.595155161494617,Sweden
LG,1888,14.765765765765765,Latvia
US,1888,34.39014228799089,United States
UZ,1888,7.438524590163935,Uzbekistan
AJ,1887,3.4358552631578947,Azerbaijan
EG,1884,2.091530054644809,Egypt
UK,1883,21.346287300485773,United Kingdom
RO,1881,23.052054794520547,Romania
EI,1880,26.974043715846996,Ireland
SW,1880,11.268676867686768,Sweden
EI,1879,19.81917808219178,Ireland
EN,1878,17.474885844748858,Estonia
NL,1878,22.693394560226068,Netherlands
FR,1877,27.17032967032967,France
HR,1876,34.4207650273224,Croatia
GL,1875,3.9452054794520546,Greenland [Denmark]
NO,1875,3.6767123287671235,Norway
EI,1873,17.925414364640883,Ireland
UK,1881,19.87111517367459,United Kingdom
EG,2011,20.54605263157895,Egypt
GB,2011,109.85147247119077,Gabon
GI,2011,23.796875,Gibraltar [United Kingdom]
HU,2011,15.009771986970684,Hungary
WA,2011,54.246753246753244,Namibia
CG,2011,129.09677419354838,Congo (Kinshasa)
AM,2016,30.673893673893673,Armenia
EG,2016,62.160377358490564,Egypt
PP,2016,91.33458646616542,Papua New Guinea
BD,2017,46.99657534246575,Bermuda [United Kingdom]
GY,2017,70.48503937007874,Guyana
IR,2017,6.091801173881144,Iran
MJ,2017,44.416218637992834,Montenegro
NC,2017,30.941176470588236,New Caledonia [France]
PS,2017,102.99691991786447,Palau
SI,2017,39.25025461952568,Slovenia
SW,2017,18.994934794269987,Sweden
BX,2017,116.42356687898089,Brunei
HU,2006,19.66972828166858,Hungary
NO,2006,34.99962938858155,Norway
PL,2006,15.115298715801229,Poland
RO,2006,16.530792138177485,Romania
RS,2006,15.305619650560487,Russia
MK,2006,148.109756097561,Macedonia
SU,2006,355.7272018706158,Sudan
MI,2006,109.0,Malawi
BF,2014,32.97446808510638,"Bahamas, The"
CO,2014,56.6003138309796,Colombia
HU,2014,26.938415321066465,Hungary
WA,2014,49.898,Namibia
ZA,2014,89.54166666666667,Zambia
GH,2014,76.52781065088757,Ghana
FG,2003,57.25875796178344,French Guiana [France]
IR,2003,7.984830805134189,Iran
MK,2003,27.455635491606714,Macedonia
FK,2003,22.35276073619632,Falkland Islands (Islas Malvinas) [United Kingdom]
IV,2003,55.44056525353283,Cote D'Ivoire
BB,1984,41.93399339933993,Barbados
BU,1984,14.670918367346939,Bulgaria
BX,1984,111.23666666666666,Brunei
CE,1984,39.872492836676216,Sri Lanka
EI,1984,29.339712918660286,Ireland
LT,1984,13.905737704918034,Lesotho
MJ,1984,31.756164383561643,Montenegro
MU,1984,0.9078661451542808,Oman
UZ,1984,6.739647168059425,Uzbekistan
VE,1984,40.18392370572207,Venezuela
VQ,1984,34.73775780619887,Virgin Islands [United States]
KR,1984,22.949820788530467,Kiribati
SG,1984,66.16161616161617,Senegal
GH,1992,33.14391143911439,Ghana
RQ,1992,48.64506750567526,Puerto Rico [United States]
SF,1992,10.275985486314157,South Africa
SH,1992,87.81420765027322,Saint Helena [United Kingdom]
TE,1992,47.93929712460064,Tromelin Island [France]
TN,1992,30.0752688172043,Tonga
TU,1992,29.02823086574655,Turkey
MB,1992,36.10204081632653,Martinique [France]
LA,1992,23.666666666666668,Laos
AQ,1981,151.3458904109589,American Samoa [United States]
BU,1981,17.660018993352327,Bulgaria
RM,1981,72.09041095890412,Marshall Islands
SB,1981,572.2884615384615,Saint Pierre and Miquelon [France]
CG,1981,27.07943925233645,Congo (Kinshasa)
LY,1988,10.959813084112149,Libya
MG,1988,3.8780809496331714,Mongolia
UV,1988,68.82608695652173,Burkina Faso
CG,1988,57.465648854961835,Congo (Kinshasa)
BN,1988,85.20549581839904,Benin
CH,1974,20.86404788930328,China
CO,1974,47.15534958694338,Colombia
FR,1974,23.605918403081773,France
KE,1974,13.950654582074522,Kenya
IT,1980,21.675802531221187,Italy
NS,1980,20.264214046822744,Suriname
RI,1980,19.671220400728597,Serbia
AR,1977,23.893024439918534,Argentina
CF,1977,44.87891737891738,Congo (Brazzaville)
FR,1977,25.341174183514774,France
SU,1977,9.9609375,Sudan
SY,1977,10.962761126248864,Syria
JM,1977,921.6818181818181,Jamaica
GB,1969,54.154824818946956,Gabon
KZ,1969,10.015155798125638,Kazakhstan
VM,1969,65.09910979228486,Vietnam
BC,1966,11.905839942321558,Botswana
BF,1966,34.02922374429224,"Bahamas, The"
EC,1966,69.27191780821917,Ecuador
HU,1966,18.537534246575344,Hungary
MI,1966,24.31325856506376,Malawi
NC,1966,221.72602739726028,New Caledonia [France]
NZ,1966,35.640977443609025,New Zealand
CJ,1966,43.01497005988024,Cayman Islands [United Kingdom]
GL,1972,27.3012200252419,Greenland [Denmark]
KZ,1972,8.2892650639891,Kazakhstan
LO,1972,19.032103825136613,Slovakia
NC,1972,366.91256830601094,New Caledonia [France]
AG,1960,6.890348372358652,Algeria
BO,1960,17.31619349335933,Belarus
CA,1960,21.15742563289791,Canada
LE,1960,16.600938967136152,Lebanon
MP,1960,54.21857923497268,Mauritius
GB,1960,59.270768431983385,Gabon
CD,1959,2.411022576361222,Chad
MT,1959,49.30508474576271,Malta
PA,1959,68.33150684931506,Paraguay
TO,1959,35.00931506849315,Togo
ER,1952,6.784153005464481,Eritrea
HR,1952,27.027861240098332,Croatia
RM,1952,52.6002538071066,Marshall Islands
AG,1951,9.090555014605647,Algeria
CA,1951,24.061116890185435,Canada
IN,1951,28.79351966865105,India
UK,1951,23.84002169197397,United Kingdom
MR,1943,2.371900826446281,Mauritania
KZ,1934,8.118571980925378,Kazakhstan
SY,1934,15.119047619047619,Syria
UZ,1934,6.568949771689498,Uzbekistan
RO,1933,16.686575342465755,Romania
SW,1933,12.85432089977221,Sweden
UY,1933,24.071428571428573,Uruguay
GG,1932,21.896309314586993,Georgia
TU,1932,73.4251968503937,Turkey
NG,1932,154.97435897435898,Niger
EI,1931,25.617351598173517,Ireland
RO,1931,16.382465753424658,Romania
US,1931,23.312828633957842,United States
MO,1924,12.10880829015544,Morocco
RO,1924,17.965853658536584,Romania
RQ,1924,46.89364161849711,Puerto Rico [United States]
BC,1923,15.467963770546797,Botswana
EN,1923,20.64919254658385,Estonia
WA,1923,17.45662100456621,Namibia
CY,1917,12.582465753424657,Cyprus
IS,1917,12.394520547945206,Israel
RO,1917,16.0986301369863,Romania
CY,1903,10.932876712328767,Cyprus
DA,1903,18.41296928327645,Denmark
RS,1903,12.854250238777459,Russia
TX,1903,3.328082191780822,Turkmenistan
EN,1902,14.611415525114156,Estonia
MI,1902,37.714646464646464,Malawi
MD,1901,12.334246575342465,Moldova
FR,1900,25.117808219178084,France
MI,1900,32.93478260869565,Malawi
LT,1899,18.063013698630137,Lesotho
UP,1899,12.121997300944669,Ukraine
SF,1866,13.383561643835616,South Africa
SW,1863,12.343221978588934,Sweden
AG,1857,24.78904109589041,Algeria
GM,1857,15.85006518904824,Germany
SF,1856,15.224043715846994,South Africa
US,1849,27.97061159650516,United States
UK,1844,15.282786885245901,United Kingdom
GM,1829,26.7096018735363,Germany
EZ,1815,15.591780821917808,Czech Republic
IT,1815,20.326027397260273,Italy
GM,1795,14.487671232876712,Germany
GM,1796,14.44475138121547,Germany
GG,2009,49.85141509433962,Georgia
GL,2009,20.142737430167596,Greenland [Denmark]
KU,2009,17.065773447015836,Kuwait
CV,2009,42.04651162790697,Cape Verde
BK,2007,29.926621160409557,Bosnia and Herzegovina
TD,2007,45.93502824858757,Trinidad and Tobago
MR,2007,60.31578947368421,Mauritania
NG,2007,64.86548223350253,Niger
BO,2013,35.87384222293197,Belarus
IS,2013,13.248870822041553,Israel
PE,2013,77.9955328653478,Peru
RP,2013,108.46500920810313,Philippines
SN,2013,77.10958904109589,Singapore
TZ,2013,72.32689832689833,Tanzania
MD,2013,58.72,Moldova
KG,2013,28.22222222222222,Kyrgyzstan
AQ,2021,86.43424657534247,American Samoa [United States]
HR,2021,28.267217630853995,Croatia
KU,2021,10.511363636363637,Kuwait
NL,2021,23.27861712263509,Netherlands
NS,2021,81.81615598885794,Suriname
GY,2021,90.48067632850241,Guyana
BK,2002,40.462409886714724,Bosnia and Herzegovina
FR,2002,23.90813046937152,France
IO,2002,85.1917808219178,British Indian Ocean Territory [United Kingdom]
MY,2002,96.14597256419276,Malaysia
SE,2002,75.89041095890411,Seychelles
CM,2002,144.78504672897196,Cameroon
BO,2001,18.52793184287266,Belarus
CI,2001,44.09106603366422,Chile
DA,2001,22.737845567206865,Denmark
RM,2001,57.129057187017004,Marshall Islands
NF,2001,36.274881516587676,Norfolk Island [Australia]
BE,2001,65.04464285714286,Belgium
CG,1998,74.29032258064517,Congo (Kinshasa)
LG,1998,36.09216965742251,Latvia
SG,1998,29.605694564279553,Senegal
TO,1998,39.69225199131064,Togo
WF,1998,66.68085106382979,Wallis and Futuna [France]
WZ,1998,48.08411214953271,Swaziland
CU,1991,28.25346112886049,Cuba
LO,1991,17.176470588235293,Slovakia
MC,1991,0.0,Macau S.A.R
MO,1991,13.11755012359242,Morocco
SV,1991,12.897841726618704,Svalbard [Norway]
CA,1994,23.93481061477462,Canada
CI,1994,23.424960085151678,Chile
FR,1994,25.12914249882427,France
JQ,1994,22.033240997229917,Johnston Atoll [United States]
KS,1994,52.81668773704172,"Korea, South"
MV,1994,1.1473684210526316,Maldives
SI,1994,35.13339424394701,Slovenia
MR,1994,108.77777777777777,Mauritania
LG,1987,17.769366524242987,Latvia
PE,1987,17.884186046511626,Peru
SY,1987,11.323680823680824,Syria
TL,1987,108.90350877192982,Tokelau [New Zealand]
TO,1987,75.68709677419355,Togo
BO,1975,17.808589607635206,Belarus
CJ,1975,38.76712328767123,Cayman Islands [United Kingdom]
EZ,1975,18.113196306225795,Czech Republic
IO,1975,49.57534246575342,British Indian Ocean Territory [United Kingdom]
LT,1975,24.522812266267763,Lesotho
RQ,1975,45.200498785850236,Puerto Rico [United States]
FS,1975,24.454545454545453,French Southern and Antarctic Lands [France]
MJ,1975,23.046153846153846,Montenegro
AY,1978,2.764864864864865,Antarctica
SB,1978,44.23076923076923,Saint Pierre and Miquelon [France]
UP,1978,18.262837858380713,Ukraine
WF,1978,4.747422680412371,Wallis and Futuna [France]
EC,1971,58.51308539944903,Ecuador
JN,1971,20.84109589041096,Jan Mayen [Norway]
CI,1965,60.63358778625954,Chile
CT,1958,39.1015854374633,Central African Republic
KE,1958,14.646685878962536,Kenya
PO,1958,31.6373599003736,Portugal
ZA,1958,31.72370517928287,Zambia
EI,1957,29.2966881324747,Ireland
EZ,1957,20.304511278195488,Czech Republic
JN,1957,21.715068493150685,Jan Mayen [Norway]
NC,1957,159.06849315068493,New Caledonia [France]
BN,1950,28.986849315068493,Benin
CD,1950,24.13458702064897,Chad
CT,1950,42.33918715504265,Central African Republic
EI,1950,32.430740911182696,Ireland
VE,1950,38.01549586776859,Venezuela
MO,1949,17.567123287671233,Morocco
MX,1949,20.20012410658881,Mexico
JN,1940,20.045081967213115,Jan Mayen [Norway]
FR,1939,24.391320995532865,France
MI,1939,32.180876979293544,Malawi
CY,1935,17.736986301369864,Cyprus
IN,1935,31.242518892501753,India
KG,1935,11.7665544332211,Kyrgyzstan
LG,1935,18.19332679097154,Latvia
NL,1935,22.596399217221133,Netherlands
SI,1935,41.8054794520548,Slovenia
AM,1909,11.146112600536194,Armenia
CY,1909,10.417808219178083,Cyprus
KZ,1909,5.0421845574387945,Kazakhstan
CY,1908,10.683309557774608,Cyprus
DA,1908,15.496877439500391,Denmark
PK,1908,18.381967213114756,Pakistan
TX,1908,7.838709677419355,Turkmenistan
EZ,1907,11.394520547945206,Czech Republic
SZ,1907,33.78356164383562,Switzerland
BK,1905,25.024657534246575,Bosnia and Herzegovina
HU,1905,17.688219178082193,Hungary
LG,1905,17.721606648199447,Latvia
AJ,2023,98.42710997442455,Azerbaijan
BU,2023,15.708029197080291,Bulgaria
GQ,2023,74.29424307036247,Guam [United States]
PK,2023,4.186197916666667,Pakistan
WQ,2023,18.136363636363637,Wake Island [United States]
EI,1904,21.847145488029465,Ireland
LO,2008,18.238928376161837,Slovakia
PP,2008,90.7208904109589,Papua New Guinea
CY,2022,8.799418604651162,Cyprus
EC,2022,64.63178294573643,Ecuador
GG,2022,13.563097514340344,Georgia
MF,2022,32.67313019390582,Mayotte [France]
MU,2022,26.061678463094033,Oman
SV,2022,15.3983286908078,Svalbard [Norway]
WF,2022,61.752747252747255,Wallis and Futuna [France]
GR,2015,18.623360399750155,Greece
KR,2015,67.05333333333333,Kiribati
IZ,2015,4.713395638629284,Iraq
AU,2019,35.793944871215544,Austria
BU,2019,14.306685044796692,Bulgaria
DR,2019,42.155270655270655,Dominican Republic
MZ,2019,78.72692601067887,Mozambique
TX,2019,53.11572700296736,Turkmenistan
VM,2019,53.417141604559404,Vietnam
AL,2000,48.03551912568306,Albania
CK,2000,18.571428571428573,Cocos (Keeling) Islands [Australia]
CU,2000,72.43703703703704,Cuba
FI,1999,16.09731812969805,Finland
PP,1999,74.62603878116343,Papua New Guinea
TX,1999,3.618909899888765,Turkmenistan
MR,1999,23.314917127071823,Mauritania
EG,1990,1.3845283018867924,Egypt
UZ,1990,8.092092130518234,Uzbekistan
JQ,1989,31.4,Johnston Atoll [United States]
RP,1989,58.64793893129771,Philippines
SN,1989,80.92477876106194,Singapore
WF,1989,69.70333333333333,Wallis and Futuna [France]
TV,1989,75.51271186440678,Tuvalu
BG,1989,12.157849829351536,Bangladesh
CS,1986,69.52779552715656,Costa Rica
CV,1986,0.14492753623188406,Cape Verde
CY,1986,13.179711637487127,Cyprus
FP,1986,58.08968609865471,French Polynesia
GQ,1986,80.29327837666456,Guam [United States]
GT,1986,26.257534246575343,Guatemala
IT,1986,22.644681108556213,Italy
UV,1986,67.77608695652174,Burkina Faso
CY,1997,13.064612326043738,Cyprus
PK,1997,2.7957329118925327,Pakistan
AR,1973,17.236749493441398,Argentina
CA,1973,24.25372140974729,Canada
ER,1973,5.473972602739726,Eritrea
RI,1973,15.08675799086758,Serbia
TI,1973,12.238292299633315,Tajikistan
BF,1973,2.272727272727273,"Bahamas, The"
CO,1970,76.19678995115143,Colombia
CY,1970,11.493835616438357,Cyprus
RI,1970,19.7324200913242,Serbia
AJ,1964,10.527461190803693,Azerbaijan
EI,1964,27.797235023041473,Ireland
LE,1964,22.708920187793428,Lebanon
LU,1964,16.84426229508197,Luxembourg
LY,1964,7.482300884955753,Libya
MG,1964,6.89207650273224,Mongolia
TI,1964,13.912554824561404,Tajikistan
AR,1963,53.687716262975776,Argentina
MK,1963,20.578082191780823,Macedonia
SV,1963,11.816438356164383,Svalbard [Norway]
AJ,1956,14.164544347248366,Azerbaijan
BC,1956,12.887243494817008,Botswana
EI,1956,27.073318632855568,Ireland
WQ,1956,20.98633879781421,Wake Island [United States]
CA,1955,21.72024183097099,Canada
LH,1955,14.836852207293665,Lithuania
NC,1955,270.13698630136986,New Caledonia [France]
RI,1955,23.55433789954338,Serbia
SI,1955,45.76575342465753,Slovenia
UY,1955,30.881086142322097,Uruguay
BD,1946,34.118811881188115,Bermuda [United Kingdom]
GL,1946,12.23076923076923,Greenland [Denmark]
LH,1946,13.45376452753916,Lithuania
EN,1945,15.500133049494412,Estonia
LY,1930,5.673632880529432,Libya
VQ,1930,23.77260273972603,Virgin Islands [United States]
DA,1929,16.10571652310102,Denmark
EI,1929,25.225570776255708,Ireland
SY,1929,13.145865434001028,Syria
BO,1928,16.863387978142075,Belarus
CY,1928,16.933060109289617,Cyprus
GG,1927,15.215130023640661,Georgia
LE,1927,16.412087912087912,Lebanon
LH,1927,18.43694004135079,Lithuania
NO,1914,30.718319752739532,Norway
UZ,1914,9.047210300429185,Uzbekistan
SI,1913,34.49589041095891,Slovenia
LG,1911,19.720355731225297,Latvia
SP,1911,13.034608378870674,Spain
DA,1910,17.905742574257427,Denmark
EZ,1910,16.295890410958904,Czech Republic
FI,1910,12.819178082191781,Finland
