Country_Code,year,avg(Value),Country_Name
AQ,2010,119.70547945205479,American Samoa [United States]
BG,2010,63.57183805087782,Bangladesh
DA,2010,20.504249291784703,Denmark
SB,2010,28.876436781609197,Saint Pierre and Miquelon [France]
CI,2012,14.45502552367541,Chile
CQ,2012,72.40464177598385,Northern Mariana Islands [United States]
EZ,2012,22.76303317535545,Czech Republic
SN,2012,55.49180327868852,Singapore
EC,2012,85.72722646310433,Ecuador
MD,2012,42.083333333333336,Moldova
IV,2012,67.91621829362029,Cote D'Ivoire
NG,2012,69.01509433962264,Niger
MU,2018,36.10284463894967,Oman
SV,2018,12.2,Svalbard [Norway]
IV,2018,79.55861581920904,Cote D'Ivoire
GA,2018,171.27586206896552,"Gambia, The"
JA,2020,56.314849981010255,Japan
KG,2020,174.0029761904762,Kyrgyzstan
PL,2020,17.509920634920636,Poland
PS,2020,82.53441682600382,Palau
CV,2020,97.89189189189189,Cape Verde
AG,2004,10.63395225464191,Algeria
AR,2004,23.756755247878516,Argentina
BL,2004,70.1022864019254,Bolivia
EG,2004,1.5625712331889674,Egypt
LY,2004,3.342045821232656,Libya
MR,2004,11.505197505197506,Mauritania
SN,2004,58.44166666666667,Singapore
TZ,2004,30.481781376518217,Tanzania
AM,2005,5.587479935794542,Armenia
FI,2005,17.355106657079514,Finland
MC,2005,46.3801652892562,Macau S.A.R
MT,2005,13.99719887955182,Malta
AS,1983,21.021586041486273,Australia
BE,1983,19.156164383561645,Belgium
MC,1983,0.0,Macau S.A.R
NN,1983,35.84649122807018,Sint Maarten
SY,1983,9.926255562619199,Syria
PK,1983,0.4728144989339019,Pakistan
GA,1983,56.26190476190476,"Gambia, The"
ET,1982,27.28045436741089,Ethiopia
RE,1982,74.93207547169811,Reunion [France]
NS,1982,64.75213675213675,Suriname
GQ,1993,39.07105847520355,Guam [United States]
IO,1993,65.98904109589041,British Indian Ocean Territory [United Kingdom]
NS,1993,75.46278317152104,Suriname
TX,1993,6.621820508718605,Turkmenistan
WF,1993,101.93122676579925,Wallis and Futuna [France]
CS,1993,66.21978021978022,Costa Rica
NG,1993,68.01142857142857,Niger
ES,1985,40.64846870838881,El Salvador
NC,1985,163.80275229357798,New Caledonia [France]
TZ,1985,27.07336956521739,Tanzania
WA,1985,7.55436452318215,Namibia
GV,1985,220.33333333333334,Guinea
JO,1996,6.1895522388059705,Jordan
LO,1996,20.221772151898733,Slovakia
LU,1996,18.260928961748633,Luxembourg
MB,1996,62.70652173913044,Martinique [France]
NL,1996,17.177039618749557,Netherlands
AG,1995,10.476052249637155,Algeria
EZ,1995,23.1753003003003,Czech Republic
ID,1995,33.951685710255326,Indonesia
TD,1995,44.17008797653959,Trinidad and Tobago
GA,1995,62.656488549618324,"Gambia, The"
BF,1979,20.30747922437673,"Bahamas, The"
MZ,1979,25.440910266356347,Mozambique
NL,1979,22.462446196694035,Netherlands
TH,1979,35.44307802519253,Thailand
VE,1979,46.17316952273049,Venezuela
SB,1979,94.27272727272727,Saint Pierre and Miquelon [France]
PU,1979,36.43426294820717,Guinea-Bissau
BR,1976,35.57158389163997,Brazil
IO,1976,67.41317365269461,British Indian Ocean Territory [United Kingdom]
LT,1976,28.769953051643192,Lesotho
SG,1976,12.205930807248764,Senegal
UG,1976,35.12256049960968,Uganda
ZA,1976,30.325412744946767,Zambia
AQ,1967,148.2838605028386,American Samoa [United States]
BC,1967,16.34615953825662,Botswana
CQ,1967,87.42788461538461,Northern Mariana Islands [United States]
DA,1967,21.221095890410957,Denmark
AC,1967,16.677966101694917,Antigua and Barbuda
AR,1968,44.40112433862434,Argentina
EI,1968,28.64179104477612,Ireland
GM,1968,24.20301929518328,Germany
PP,1968,77.78688524590164,Papua New Guinea
UV,1968,26.652089027723544,Burkina Faso
UY,1968,25.99315975286849,Uruguay
BC,1962,9.095602018745494,Botswana
IS,1962,7.758602711157455,Israel
LH,1962,18.207674282366725,Lithuania
SG,1962,13.1898355754858,Senegal
UG,1962,40.162100456621005,Uganda
UY,1962,22.987192118226602,Uruguay
AO,1961,20.50291715285881,Angola
AY,1961,3.3108393083087306,Antarctica
BR,1961,31.542442476919856,Brazil
LH,1961,16.5266604303087,Lithuania
SG,1961,15.964012251148546,Senegal
MZ,1954,31.24627450980392,Mozambique
PL,1954,41.54838709677419,Poland
NF,1954,45.671186440677964,Norfolk Island [Australia]
SY,1954,17.193548387096776,Syria
GM,1953,16.963784645038185,Germany
MD,1953,8.77030162412993,Moldova
VE,1953,27.008849557522122,Venezuela
ZI,1953,28.156947162426615,Zimbabwe
ID,1953,64.81927710843374,Indonesia
MC,1953,74.63636363636364,Macau S.A.R
EG,1948,1.55986818015379,Egypt
GG,1948,31.338136618633815,Georgia
HU,1948,15.648633879781421,Hungary
LH,1948,15.755230125523013,Lithuania
RI,1948,17.280415430267063,Serbia
SG,1948,10.703677510608204,Senegal
SW,1947,12.754113697078054,Sweden
TH,1947,81.2854914196568,Thailand
LH,1942,12.900048053820278,Lithuania
SI,1942,23.926027397260274,Slovenia
WZ,1942,29.372049689440995,Swaziland
PK,1941,17.683997050147493,Pakistan
TI,1941,10.410913561566106,Tajikistan
SP,1938,12.943347405692496,Spain
TI,1938,9.292729898892633,Tajikistan
GG,1937,29.662930164779734,Georgia
KZ,1937,7.1846551772610985,Kazakhstan
LH,1922,20.181967213114753,Lithuania
RS,1922,13.639345433757324,Russia
SW,1922,14.421034063737212,Sweden
LH,1921,16.243835616438357,Lithuania
IS,1918,14.479452054794521,Israel
LY,1918,12.575342465753424,Libya
SP,1918,22.471232876712328,Spain
IN,1920,30.818680678092214,India
SZ,1920,36.75800156128025,Switzerland
MO,1919,14.362068965517242,Morocco
EG,1897,0.9068493150684932,Egypt
NO,1897,29.075206888839187,Norway
CA,1896,22.72324368464031,Canada
SP,1896,25.983606557377048,Spain
AM,1895,13.841201716738198,Armenia
RS,1895,13.413946518053669,Russia
AJ,1893,4.708219178082191,Azerbaijan
EZ,1893,10.043835616438356,Czech Republic
NO,1893,25.03972602739726,Norway
DA,1891,18.108414872798434,Denmark
EZ,1891,13.936986301369863,Czech Republic
KZ,1891,2.761168384879725,Kazakhstan
US,1891,32.34368958661822,United States
LH,1890,16.256716417910447,Lithuania
NO,1890,26.90821917808219,Norway
SF,1889,14.560567330965684,South Africa
AS,1888,10.768740291468427,Australia
MD,1888,12.680327868852459,Moldova
UP,1888,12.61008031016339,Ukraine
AJ,1886,7.213698630136986,Azerbaijan
EI,1886,25.55799086757991,Ireland
GL,1885,5.126027397260274,Greenland [Denmark]
SW,1885,15.285800737195357,Sweden
US,1885,30.70178651646567,United States
FR,1884,17.482485875706214,France
UK,1884,17.415983606557376,United Kingdom
BE,1883,18.624657534246577,Belgium
GG,1883,10.972602739726028,Georgia
NO,1882,18.039509536784742,Norway
AU,1881,30.884931506849316,Austria
HR,1879,31.288584474885845,Croatia
CA,1871,21.496828561072853,Canada
EI,1870,23.335243553008596,Ireland
GM,2008,20.89577024707312,Germany
HR,2008,26.945160031225605,Croatia
IT,2008,22.17812006319115,Italy
NH,2008,95.99146514935988,Vanuatu
IN,2008,110.12155825417818,India
BK,2022,22.83125,Bosnia and Herzegovina
GM,2022,18.58566192965564,Germany
SW,2022,16.35858833170108,Sweden
BX,2022,116.82352941176471,Brunei
PE,2022,53.67751479289941,Peru
NG,2022,72.58279845956355,Niger
GA,2022,125.34246575342466,"Gambia, The"
AG,2015,8.171903778534352,Algeria
AR,2015,63.94440326167531,Argentina
BX,2015,108.58687258687259,Brunei
CE,2015,53.60119320789353,Sri Lanka
CI,2015,17.572613375683783,Chile
EC,2015,76.57078313253012,Ecuador
GL,2015,25.232541043861797,Greenland [Denmark]
GQ,2015,89.15074024226111,Guam [United States]
JA,2015,52.75924781836435,Japan
MI,2015,65.47619047619048,Malawi
TD,2015,42.44571428571429,Trinidad and Tobago
TS,2015,10.646508279337652,Tunisia
MJ,2015,187.0670731707317,Montenegro
ET,2011,55.6728624535316,Ethiopia
FM,2011,111.46369899311075,Federated States of Micronesia
VQ,2011,41.08174692049272,Virgin Islands [United States]
HO,2011,55.44201520912547,Honduras
PE,2011,63.15680245964643,Peru
MK,2011,85.41176470588235,Macedonia
UZ,2011,66.7258064516129,Uzbekistan
CM,2011,130.68307692307692,Cameroon
KE,2011,55.7411907654921,Kenya
BM,2019,120.2108527131783,Burma
EG,2019,35.567567567567565,Egypt
CS,2019,125.8157894736842,Costa Rica
UV,2019,84.35331905781585,Burkina Faso
BG,2000,42.02646396396396,Bangladesh
MU,2000,17.45433255269321,Oman
NC,2000,181.4848484848485,New Caledonia [France]
NF,2000,30.691228070175438,Norfolk Island [Australia]
SP,2000,16.94441843772431,Spain
MT,2000,56.23529411764706,Malta
WF,2000,53.84405940594059,Wallis and Futuna [France]
EI,1999,35.361203273612034,Ireland
IC,1999,29.280941949616647,Iceland
ES,1999,39.89473684210526,El Salvador
EG,1999,0.5685814771395076,Egypt
KT,1999,10.9375,Christmas Island [Australia]
LY,2016,61.891891891891895,Libya
RO,2016,19.964541245791246,Romania
TU,2016,21.83452117146793,Turkey
QA,2016,67.26666666666667,Qatar
FP,2017,54.65744101633394,French Polynesia
GL,2017,21.56078431372549,Greenland [Denmark]
JM,2017,36.81333333333333,Jamaica
MP,2017,36.80957683741648,Mauritius
MY,2017,84.8756052141527,Malaysia
TH,2017,106.07362099644128,Thailand
UP,2017,27.61989574283232,Ukraine
WZ,2017,55.611111111111114,Swaziland
GI,2006,18.475138121546962,Gibraltar [United Kingdom]
IC,2006,32.56506849315068,Iceland
JN,2006,20.397260273972602,Jan Mayen [Norway]
NZ,2006,27.60753720595295,New Zealand
CT,2006,143.05263157894737,Central African Republic
BN,2006,82.42156862745098,Benin
SL,2006,12.5,Sierra Leone
CF,2014,76.81745543945912,Congo (Brazzaville)
TX,2014,48.2560553633218,Turkmenistan
CA,2003,22.160409890190515,Canada
CD,2003,34.788632326820604,Chad
MT,2003,24.75211267605634,Malta
SN,2003,66.5934065934066,Singapore
UP,2003,28.816495538442734,Ukraine
VM,2003,41.30625354241451,Vietnam
MF,2003,37.61678832116788,Mayotte [France]
KR,2003,48.77564102564103,Kiribati
CQ,1984,57.4375,Northern Mariana Islands [United States]
GG,1984,27.793731635651323,Georgia
GT,1984,30.134246575342466,Guatemala
JN,1984,18.002732240437158,Jan Mayen [Norway]
MV,1984,44.637305699481864,Maldives
RW,1984,27.081632653061224,Rwanda
AF,1984,99.0,Afghanistan
AU,1990,35.464490674318505,Austria
BC,1990,9.700547945205479,Botswana
CY,1990,7.5304479114242575,Cyprus
MI,1990,43.11219512195122,Malawi
PO,1990,25.536528002351904,Portugal
WQ,1990,32.33424657534247,Wake Island [United States]
WZ,1990,21.20749542961609,Swaziland
CE,1990,28.27640449438202,Sri Lanka
UV,1990,67.23298033282904,Burkina Faso
LY,1989,5.378879310344828,Libya
PA,1989,53.84965635738832,Paraguay
JU,1989,91.10059171597634,Juan De Nova Island [France]
AJ,1992,21.666083916083917,Azerbaijan
CE,1992,21.730670103092784,Sri Lanka
FR,1992,23.579005420395816,France
MK,1992,18.365671641791046,Macedonia
NH,1992,51.83181162902451,Vanuatu
SW,1992,18.58803832752613,Sweden
HU,1981,16.217895608947803,Hungary
NC,1981,170.77092511013217,New Caledonia [France]
NG,1981,11.755674232309746,Niger
BH,1988,96.67692307692307,Belize
CQ,1988,53.12646370023419,Northern Mariana Islands [United States]
ET,1988,28.63492790112154,Ethiopia
DR,1988,69.47679324894514,Dominican Republic
RW,1988,41.94117647058823,Rwanda
ET,1974,28.811459909228443,Ethiopia
GR,1974,16.32016075016745,Greece
PS,1974,121.39337016574585,Palau
CW,1974,321.85,Cook Islands [New Zealand]
TS,1974,3.0,Tunisia
LA,1974,2480.5,Laos
GT,1980,26.706586826347305,Guatemala
RS,1980,13.967637847347866,Russia
GV,1980,44.61073825503356,Guinea
NN,1980,1075.888888888889,Sint Maarten
BK,1986,25.134246575342466,Bosnia and Herzegovina
IO,1986,80.74246575342465,British Indian Ocean Territory [United Kingdom]
NL,1986,21.613121592124216,Netherlands
RE,1986,56.195729537366546,Reunion [France]
RO,1986,13.205250364608654,Romania
TS,1986,10.623981373690338,Tunisia
TV,1986,88.49743589743589,Tuvalu
VQ,1986,29.366658304064224,Virgin Islands [United States]
WF,1986,97.93267651888341,Wallis and Futuna [France]
PU,1986,15.0,Guinea-Bissau
CI,1977,21.35845259391771,Chile
EN,1977,18.96604938271605,Estonia
KG,1977,10.437962310672772,Kyrgyzstan
KS,1977,9.994526722472633,"Korea, South"
LO,1977,18.16296646197449,Slovakia
SE,1977,70.27397260273973,Seychelles
AM,1969,17.386422825394988,Armenia
CF,1969,46.154601507193426,Congo (Brazzaville)
GL,1969,22.308082706766918,Greenland [Denmark]
MK,1969,13.101369863013698,Macedonia
NG,1969,9.353263850795392,Niger
VE,1969,43.1192429022082,Venezuela
BU,1997,19.096029547553094,Bulgaria
MY,1997,69.73985067662156,Malaysia
TV,1997,99.77566539923954,Tuvalu
NF,1997,29.483679525222552,Norfolk Island [Australia]
RQ,1966,41.299785681186286,Puerto Rico [United States]
SY,1966,10.229452054794521,Syria
VM,1966,56.02488720710232,Vietnam
CA,1972,24.863945433283742,Canada
GP,1972,54.23497267759563,Guadeloupe [France]
UY,1972,27.849462365591396,Uruguay
LG,1960,16.912820512820513,Latvia
MO,1960,15.517820424948596,Morocco
SI,1960,58.68157181571816,Slovenia
MT,1960,57.51923076923077,Malta
EG,1959,1.3333333333333333,Egypt
MB,1959,159.125,Martinique [France]
AS,1973,24.196598514912207,Australia
KR,1973,34.743169398907106,Kiribati
CE,1973,34.24087591240876,Sri Lanka
MF,1973,26.115384615384617,Mayotte [France]
LU,1970,25.933499377334993,Luxembourg
BR,1952,30.169303404546078,Brazil
JQ,1952,20.601092896174862,Johnston Atoll [United States]
LT,1952,21.09927140255009,Lesotho
SF,1952,14.653599174419103,South Africa
LA,1952,105.78217821782178,Laos
LU,1951,25.684931506849313,Luxembourg
CY,1944,20.145491803278688,Cyprus
KS,1944,31.44808743169399,"Korea, South"
MX,1943,20.22794123760195,Mexico
BR,1964,36.46414912913307,Brazil
KR,1964,14.23224043715847,Kiribati
BK,1934,25.30958904109589,Bosnia and Herzegovina
KS,1933,33.917808219178085,"Korea, South"
NO,1933,24.090498248785448,Norway
RS,1933,12.736138870382709,Russia
UP,1933,16.481835979986947,Ukraine
FI,1932,20.74590163934426,Finland
TS,1932,7.7076461769115445,Tunisia
FI,1931,17.28767123287671,Finland
BO,1926,16.336986301369862,Belarus
EG,1926,1.2724014336917562,Egypt
JN,1926,5.4,Jan Mayen [Norway]
IN,1925,34.4036233676618,India
LG,1925,17.928,Latvia
MI,1925,43.848571428571425,Malawi
TS,1925,7.56924348904506,Tunisia
WA,1925,14.979908675799086,Namibia
BO,1923,18.55746677091478,Belarus
TX,1917,1.4894977168949772,Turkmenistan
AC,1963,30.34246575342466,Antigua and Barbuda
BE,1963,19.526027397260275,Belgium
KG,1963,12.296147752030105,Kyrgyzstan
WQ,1963,21.043835616438358,Wake Island [United States]
BH,1963,60.56923076923077,Belize
AM,1956,13.706826728377205,Armenia
BE,1956,21.707650273224044,Belgium
JA,1956,51.36925339562246,Japan
MD,1903,7.306849315068493,Moldova
UP,1903,10.571228397944886,Ukraine
DA,1902,13.877982890589825,Denmark
RS,1902,13.186088411299144,Russia
UK,1901,17.075205640423032,United Kingdom
CY,1900,10.205479452054794,Cyprus
GM,1899,19.315188886526332,Germany
AS,1868,16.198562709194725,Australia
SF,1865,13.008219178082191,South Africa
AG,1863,15.202739726027398,Algeria
SW,1862,12.675297225891677,Sweden
US,1862,21.325869652139144,United States
EZ,1860,14.415300546448087,Czech Republic
IT,1860,25.6140221402214,Italy
IT,1859,24.508219178082193,Italy
SW,1853,12.142465753424657,Sweden
AS,1854,8.524017467248909,Australia
UK,1854,17.222375690607734,United Kingdom
CA,1844,22.27810650887574,Canada
KZ,1955,6.56375914282048,Kazakhstan
PM,1955,66.21187214611872,Panama
HR,1946,20.193835616438356,Croatia
RP,1946,102.31865828092243,Philippines
UV,1946,27.429430819065246,Burkina Faso
UZ,1946,5.402302595850983,Uzbekistan
EZ,1837,17.394520547945206,Czech Republic
IT,1835,23.987214611872147,Italy
IT,1833,25.81917808219178,Italy
IT,1825,13.398630136986302,Italy
GM,1784,16.57650273224044,Germany
GM,1794,20.753424657534246,Germany
LG,1945,22.44927536231884,Latvia
SZ,1945,35.21213307240704,Switzerland
US,1945,27.656687254426423,United States
DR,1945,265.6,Dominican Republic
AM,1930,11.792415169660678,Armenia
BK,1930,22.27123287671233,Bosnia and Herzegovina
CA,1930,19.04862426223071,Canada
MI,1929,21.877461706783368,Malawi
TI,1929,10.8784,Tajikistan
UZ,1929,8.416208791208792,Uzbekistan
RQ,1928,50.75267349260523,Puerto Rico [United States]
RS,1928,12.786635404454865,Russia
NG,1928,115.02061855670104,Niger
EZ,1915,15.446575342465753,Czech Republic
HR,1915,37.72123287671233,Croatia
RO,1915,22.046575342465754,Romania
SY,1915,2.466666666666667,Syria
WZ,1914,28.33881163084703,Swaziland
MO,1912,9.388257575757576,Morocco
GL,1911,12.51639344262295,Greenland [Denmark]
LG,1910,16.90573012939002,Latvia
FJ,2009,88.47557603686636,Fiji
HO,2009,48.189625850340136,Honduras
ID,2009,163.48736462093862,Indonesia
TU,2009,21.040015186028853,Turkey
GV,2009,200.6875,Guinea
BU,2007,23.554476058292853,Bulgaria
CA,2007,22.20543234820399,Canada
CF,2007,92.6140350877193,Congo (Brazzaville)
FG,2007,100.1510989010989,French Guiana [France]
LU,2007,28.065753424657533,Luxembourg
PP,2007,99.85383678440925,Papua New Guinea
NI,2007,165.1,Nigeria
EC,2013,75.44933469805527,Ecuador
RI,2013,17.59360730593607,Serbia
VE,2013,60.41546304163126,Venezuela
KZ,2013,96.93103448275862,Kazakhstan
TI,2013,0.0,Tajikistan
BM,2013,0.0,Burma
CI,2021,11.695833333333333,Chile
TI,2021,71.1734693877551,Tajikistan
ET,2021,86.48218527315915,Ethiopia
IC,2002,43.32985006815084,Iceland
PP,2002,80.87628865979381,Papua New Guinea
RI,2002,15.97716894977169,Serbia
RP,2002,77.48516746411484,Philippines
WQ,2002,26.076712328767123,Wake Island [United States]
TV,2002,148.29787234042553,Tuvalu
CU,2001,38.12903225806452,Cuba
IR,2001,4.0816230242981835,Iran
MP,2001,35.339100346020764,Mauritius
GY,2001,75.62790697674419,Guyana
BN,2001,63.63250883392226,Benin
WI,2001,1.8571428571428572,Western Sahara
BO,1998,22.17120373069076,Belarus
FK,1998,12.632432432432433,Falkland Islands (Islas Malvinas) [United Kingdom]
KU,1998,2.0028985507246375,Kuwait
TS,1998,8.15483476132191,Tunisia
GV,1998,0.0,Guinea
EN,1991,18.66052185699763,Estonia
SN,1991,52.10495626822158,Singapore
UC,1991,13.228571428571428,Curacao
WI,1991,1.2745762711864406,Western Sahara
EN,1994,19.99351362139507,Estonia
GG,1994,32.58931860036832,Georgia
GP,1994,31.343963553530752,Guadeloupe [France]
LO,1994,21.727272727272727,Slovakia
MO,1994,7.603666408468887,Morocco
SF,1994,12.56765647291893,South Africa
ZI,1994,63.15384615384615,Zimbabwe
DR,1994,57.18518518518518,Dominican Republic
IV,1994,76.27510608203677,Cote D'Ivoire
AJ,1987,12.775122216186855,Azerbaijan
AL,1987,32.465,Albania
AM,1987,16.416941571149007,Armenia
AU,1987,40.37330960854093,Austria
LA,1987,152.71428571428572,Laos
AS,1975,21.54275923900758,Australia
AY,1975,2.1186666666666665,Antarctica
EI,1975,23.88050847457627,Ireland
IV,1975,42.391910739191076,Cote D'Ivoire
MY,1975,109.11529680365297,Malaysia
PP,1975,79.06867356538099,Papua New Guinea
US,1975,25.678478271568483,United States
FJ,1975,264.61538461538464,Fiji
MT,1975,20.778115501519757,Malta
AG,1978,5.810234541577826,Algeria
AJ,1978,12.099870418363569,Azerbaijan
CF,1978,37.02386070507308,Congo (Brazzaville)
GV,1978,165.0,Guinea
NL,1978,18.0999475530799,Netherlands
BE,1971,18.95068493150685,Belgium
GR,1971,21.951830443159924,Greece
LO,1971,16.546575342465754,Slovakia
NO,1971,35.945703566424086,Norway
UG,1971,34.509187279151945,Uganda
BO,1965,15.032823025107165,Belarus
EI,1958,32.96947271045328,Ireland
LO,1958,23.522540983606557,Slovakia
AY,1957,5.740033927056828,Antarctica
CY,1957,15.502739726027396,Cyprus
LG,1957,19.529039361409303,Latvia
NF,1957,42.55859375,Norfolk Island [Australia]
EG,1950,1.394188250157928,Egypt
FR,1950,22.211552759508148,France
MR,1950,4.411908396946565,Mauritania
DR,1950,262.3333333333333,Dominican Republic
CA,1949,21.637220512086287,Canada
CH,1949,62.97625329815303,China
IV,1949,47.7154304029304,Cote D'Ivoire
RS,1949,11.585978271827043,Russia
AJ,1940,13.641867864495602,Azerbaijan
SI,1940,41.532786885245905,Slovenia
UP,1940,14.30504359889021,Ukraine
UZ,1940,7.489826676714394,Uzbekistan
AM,1939,15.457920571173583,Armenia
RS,1939,11.726447213964136,Russia
SI,1939,40.59452054794521,Slovenia
VQ,1939,18.845714285714287,Virgin Islands [United States]
SP,1936,19.942877697841727,Spain
FI,1935,17.983561643835618,Finland
IS,1909,10.712328767123287,Israel
TX,1909,3.5568493150684932,Turkmenistan
EI,1908,19.84790528233151,Ireland
SZ,1908,30.917642466822794,Switzerland
KZ,1907,10.784584178498985,Kazakhstan
TI,1907,4.008605851979346,Tajikistan
FR,1906,22.458447488584476,France
RS,1906,12.714123853698261,Russia
MD,1905,13.46027397260274,Moldova
WZ,1905,32.63835616438356,Swaziland
BA,2023,23.95,Bahrain
CA,2023,21.15709606174157,Canada
MP,2023,85.14855072463769,Mauritius
RW,2023,2.0,Rwanda
VM,2023,17.770360480640853,Vietnam
BK,1904,20.5,Bosnia and Herzegovina
CA,1904,22.498872231841794,Canada
IT,1904,27.977049180327867,Italy
