Country_Code,year,avg(Value),Country_Name
AU,2011,29.634500157678964,Austria
FS,2011,33.96420581655481,French Southern and Antarctic Lands [France]
GR,2011,14.438346400570207,Greece
LE,2011,29.870967741935484,Lebanon
MF,2011,32.591160220994475,Mayotte [France]
UY,2011,74.58218232044199,Uruguay
MR,2011,54.55882352941177,Mauritania
BK,2016,45.09940357852883,Bosnia and Herzegovina
SB,2016,33.42622950819672,Saint Pierre and Miquelon [France]
KE,2016,56.473821989528794,Kenya
CT,2016,94.9846547314578,Central African Republic
BR,2017,83.11966950959489,Brazil
CJ,2017,26.64957264957265,Cayman Islands [United Kingdom]
CS,2017,101.06016597510373,Costa Rica
DA,2017,24.37535014005602,Denmark
NL,2017,25.869190682984602,Netherlands
WA,2017,45.75766016713092,Namibia
ZI,2017,61.35197368421053,Zimbabwe
SB,2017,31.104395604395606,Saint Pierre and Miquelon [France]
BD,2006,40.793956043956044,Bermuda [United Kingdom]
CQ,2006,49.28383321141185,Northern Mariana Islands [United States]
MC,2006,52.07123287671233,Macau S.A.R
TU,2006,16.429674029066426,Turkey
UK,2006,25.732341901728844,United Kingdom
BX,2006,98.28136882129277,Brunei
AJ,2006,110.68493150684931,Azerbaijan
ML,2006,64.78490028490029,Mali
CG,2006,81.47368421052632,Congo (Kinshasa)
MV,2006,85.25,Maldives
AQ,2014,87.65479452054795,American Samoa [United States]
FI,2014,15.941421101030757,Finland
GG,2014,29.889851485148515,Georgia
IN,2014,96.9227248953975,India
NH,2014,95.4917904612979,Vanuatu
NL,2014,23.157743599347643,Netherlands
PS,2014,111.5489443378119,Palau
SW,2014,18.72865896991281,Sweden
VQ,2014,29.586499446698635,Virgin Islands [United States]
KE,2014,52.075949367088604,Kenya
EU,2014,32.129629629629626,Europa Island [France]
NG,2014,57.16814159292036,Niger
JU,2014,58.68,Juan De Nova Island [France]
MP,2003,48.13333333333333,Mauritius
PO,2003,20.567372353673722,Portugal
TZ,2003,18.453463960811757,Tanzania
KT,2003,5.005952380952381,Christmas Island [Australia]
CA,1984,23.89425100922722,Canada
JO,1984,0.061855670103092786,Jordan
MI,1984,33.74992517210416,Malawi
MO,1984,8.855824986821297,Morocco
NC,1984,124.13549337260677,New Caledonia [France]
UC,1984,20.213213213213212,Curacao
BC,1992,7.771123872026251,Botswana
BO,1992,16.12860112860113,Belarus
EZ,1992,15.871537396121884,Czech Republic
GM,1992,21.888693515071406,Germany
GT,1992,28.31967213114754,Guatemala
KE,1992,21.63623545999295,Kenya
LY,1992,3.2705342607666124,Libya
MA,1992,47.74084507042254,Madagascar
CT,1992,76.34126984126983,Central African Republic
BN,1981,24.768475750577366,Benin
EG,1981,1.5683060109289617,Egypt
IN,1981,63.510449383909155,India
IT,1981,18.91218872870249,Italy
MA,1981,59.56562955760817,Madagascar
UP,1981,19.098829797900226,Ukraine
WF,1981,4.476091476091476,Wallis and Futuna [France]
CV,1981,1.8535031847133758,Cape Verde
TD,1981,180.5,Trinidad and Tobago
AL,1988,37.9748427672956,Albania
MJ,1988,24.66420664206642,Montenegro
MQ,1988,27.60327868852459,Midway Islands [United States}
NZ,1988,29.524390243902438,New Zealand
PO,1988,27.50424521513887,Portugal
SI,1988,33.705170902716915,Slovenia
WI,1988,0.9791666666666666,Western Sahara
AM,1974,15.357110736368746,Armenia
DA,1974,21.42304697638204,Denmark
FI,1974,20.383099930962278,Finland
KG,1974,11.23674096848578,Kyrgyzstan
MO,1974,9.585806056898134,Morocco
GV,1974,103.32,Guinea
DR,1974,579.0,Dominican Republic
CS,1974,1820.0,Costa Rica
AG,1980,5.763418079096045,Algeria
AQ,1980,128.14776409591704,American Samoa [United States]
AR,1980,18.674776053649225,Argentina
CF,1980,44.810993657505286,Congo (Brazzaville)
EI,1980,31.461907618476303,Ireland
ID,1980,57.2375883939637,Indonesia
JA,1980,55.37550964936124,Japan
LH,1977,18.814069690992767,Lithuania
BL,1977,20.392347028742726,Bolivia
JU,1977,13.2,Juan De Nova Island [France]
GH,1977,25.429423459244532,Ghana
BN,1969,32.70205479452055,Benin
GG,1969,26.878002868411617,Georgia
MX,1969,28.433958666928437,Mexico
MZ,1969,34.233219178082194,Mozambique
WZ,1969,29.91780821917808,Swaziland
CA,1966,22.793674851511387,Canada
HR,1966,37.22676501580611,Croatia
IT,1966,30.805768098881696,Italy
MK,1966,14.849315068493151,Macedonia
HR,1972,33.050441361916775,Croatia
AO,1960,22.753712871287128,Angola
FI,1960,15.393027160039555,Finland
KE,1960,18.627868852459017,Kenya
GP,1959,40.46448087431694,Guadeloupe [France]
SI,1959,42.6945205479452,Slovenia
UV,1959,24.126940639269407,Burkina Faso
AG,1952,7.177103718199609,Algeria
UV,1952,28.080601092896174,Burkina Faso
ZI,1952,24.40281030444965,Zimbabwe
BL,1952,37.71621621621622,Bolivia
GP,1951,59.12328767123287,Guadeloupe [France]
KR,1951,21.192307692307693,Kiribati
NL,1951,21.579379952000526,Netherlands
BP,1951,87.9423076923077,Solomon Islands
ZI,1951,20.86024844720497,Zimbabwe
NL,1944,22.085078931390406,Netherlands
TI,1944,8.623592394314196,Tajikistan
GM,1943,18.38452586565193,Germany
IV,1943,65.43956043956044,Cote D'Ivoire
SP,1943,15.565810036464663,Spain
RQ,1934,43.87896215059516,Puerto Rico [United States]
PL,1934,39.95522388059702,Poland
FR,1933,20.242808097549425,France
SI,1933,55.038356164383565,Slovenia
SY,1933,7.179209528965891,Syria
HR,1932,24.760245901639344,Croatia
SZ,1932,33.47723132969035,Switzerland
FR,1931,22.767899761336515,France
SF,1926,12.940919373163966,South Africa
DA,1925,18.54637964774951,Denmark
SZ,1925,36.970857618651124,Switzerland
HR,1924,24.22222222222222,Croatia
KG,1924,10.38577291381669,Kyrgyzstan
AJ,1903,17.60722100656455,Azerbaijan
BK,1902,29.660273972602738,Bosnia and Herzegovina
BR,1902,49.66392694063927,Brazil
HU,1902,18.413150684931505,Hungary
CA,1901,22.55280447146499,Canada
MI,1901,45.556164383561644,Malawi
GG,1900,33.262057877813504,Georgia
MI,1899,0.0,Malawi
UK,1868,19.515068493150686,United Kingdom
NL,1864,13.913934426229508,Netherlands
EZ,1862,12.8,Czech Republic
AG,1859,11.435616438356165,Algeria
SF,1857,15.778082191780822,South Africa
GM,1849,26.20050125313283,Germany
SW,1845,11.501369863013698,Sweden
SW,1844,17.759562841530055,Sweden
GM,1841,27.99103139013453,Germany
EZ,1840,10.797814207650273,Czech Republic
US,1840,0.0,United States
UK,1836,16.5,United Kingdom
UK,1833,16.161643835616438,United Kingdom
AS,1834,23.01094890510949,Australia
EZ,1817,15.01095890410959,Czech Republic
IT,1818,14.835616438356164,Italy
GM,1798,16.65753424657534,Germany
EZ,1812,16.56830601092896,Czech Republic
IT,1811,12.169863013698631,Italy
MU,2008,22.06656346749226,Oman
RI,2008,15.77959927140255,Serbia
LA,2008,114.57399103139014,Laos
CA,2022,23.955561343352144,Canada
GR,2022,13.476825396825397,Greece
TI,2022,85.16207455429497,Tajikistan
VM,2022,60.83930487019953,Vietnam
KZ,2022,87.48372093023256,Kazakhstan
CG,2022,168.8082191780822,Congo (Kinshasa)
MQ,2022,21.952380952380953,Midway Islands [United States}
CS,2015,113.49101796407186,Costa Rica
MY,2015,73.5308740978348,Malaysia
NS,2015,58.66391184573003,Suriname
SW,2015,19.521552564026535,Sweden
LA,2015,109.17553191489361,Laos
AO,2015,58.10526315789474,Angola
GG,2019,33.28232189973615,Georgia
HO,2019,24.314949201741655,Honduras
IS,2019,0.05733186328555678,Israel
JA,2019,48.970947135257006,Japan
TS,2019,10.141580756013745,Tunisia
KE,2019,68.62731707317073,Kenya
NF,2019,6.35064935064935,Norfolk Island [Australia]
BR,2010,80.77619047619048,Brazil
FG,2010,88.11150758251561,French Guiana [France]
MF,2010,29.159663865546218,Mayotte [France]
MU,2010,60.638783269961976,Oman
PL,2010,21.34891485809683,Poland
TD,2010,55.32658959537572,Trinidad and Tobago
BF,2010,39.72222222222222,"Bahamas, The"
ZI,2010,43.70357142857143,Zimbabwe
CG,2010,104.52631578947368,Congo (Kinshasa)
FS,2000,42.37931034482759,French Southern and Antarctic Lands [France]
JN,2000,17.7896174863388,Jan Mayen [Norway]
KS,2000,82.26948775055679,"Korea, South"
MO,2000,37.33719433719434,Morocco
UK,2000,33.11378810694093,United Kingdom
TO,2000,74.26141078838174,Togo
GH,2000,63.90625,Ghana
BG,2012,61.19712643678161,Bangladesh
BP,2012,104.01398601398601,Solomon Islands
BU,2012,14.891021247429746,Bulgaria
RI,2012,15.305100182149362,Serbia
BD,2018,47.74342105263158,Bermuda [United Kingdom]
CH,2018,64.91353754940711,China
CY,2018,9.554621848739496,Cyprus
MF,2018,33.80952380952381,Mayotte [France]
RM,2018,90.66539196940727,Marshall Islands
RW,2018,50.23857868020305,Rwanda
TX,2018,54.45962732919255,Turkmenistan
AS,2020,20.823836496902533,Australia
MV,2020,9.517543859649123,Maldives
PO,2020,32.00592373195113,Portugal
UZ,2020,58.071661237785015,Uzbekistan
WZ,2020,58.666666666666664,Swaziland
CA,2004,22.02189179844476,Canada
GH,2004,33.440985732814525,Ghana
GY,2004,65.45283018867924,Guyana
KU,2004,1.5178571428571428,Kuwait
MB,2004,71.90845070422536,Martinique [France]
SV,2004,11.411657559198543,Svalbard [Norway]
TO,2004,30.603630862329805,Togo
CQ,2005,55.71439509954058,Northern Mariana Islands [United States]
CS,2005,99.81132075471699,Costa Rica
GB,2005,79.65433673469387,Gabon
IN,2005,51.70478039865212,India
KS,2005,72.70579981290926,"Korea, South"
LU,2005,19.62466487935657,Luxembourg
FR,1983,22.28449839542347,France
PO,1983,28.794382852919437,Portugal
EU,1983,17.216,Europa Island [France]
LA,1983,65.07058823529412,Laos
GV,1983,124.60975609756098,Guinea
KN,1999,33.96771714066103,"Korea, North"
NH,1999,94.86564472497746,Vanuatu
RQ,1999,51.02573629361124,Puerto Rico [United States]
SF,1999,23.406104844061048,South Africa
MD,1999,24.880165289256198,Moldova
CI,1999,10.697478991596638,Chile
MY,1999,121.4968094804011,Malaysia
TH,1999,21.565393988627132,Thailand
BX,1999,124.0340909090909,Brunei
JM,1999,32.73831775700935,Jamaica
NG,1999,6.868035190615836,Niger
CM,1982,190.6840909090909,Cameroon
LH,1993,19.794278996865202,Lithuania
MY,1993,88.57543103448276,Malaysia
VM,1993,18.60280612244898,Vietnam
FK,1993,12.059006211180124,Falkland Islands (Islas Malvinas) [United Kingdom]
BF,1985,53.355555555555554,"Bahamas, The"
CS,1985,64.58018018018018,Costa Rica
PL,1985,10.435185185185185,Poland
SI,1985,39.93230287614948,Slovenia
UG,1985,34.58143939393939,Uganda
UP,1985,17.54725043782837,Ukraine
RW,1985,35.27642276422764,Rwanda
AS,1996,20.120358663968677,Australia
CE,1996,41.73837209302326,Sri Lanka
IR,1996,7.139733985629109,Iran
IT,1996,25.568950177935942,Italy
SW,1996,15.724676011637133,Sweden
TE,1996,31.45810055865922,Tromelin Island [France]
CF,1996,78.27760252365931,Congo (Brazzaville)
BL,1995,66.29357581483231,Bolivia
JO,1995,3.049689440993789,Jordan
RW,1995,47.80769230769231,Rwanda
BK,1979,25.947945205479453,Bosnia and Herzegovina
KG,1979,11.755397938790704,Kyrgyzstan
LO,1979,19.605080831408777,Slovakia
SH,1979,90.1917808219178,Saint Helena [United Kingdom]
CF,1976,43.8530585106383,Congo (Brazzaville)
GR,1976,20.90672268907563,Greece
RI,1976,17.74863387978142,Serbia
VE,1976,43.9367874386335,Venezuela
PK,1976,1.2826086956521738,Pakistan
AU,1967,34.96216003153331,Austria
BY,1967,24.343835616438355,Burundi
EC,1967,63.12071330589849,Ecuador
HO,1967,33.351485148514854,Honduras
MG,1967,7.613013698630137,Mongolia
TH,1967,39.17587416420037,Thailand
TZ,1967,33.27342465753425,Tanzania
BN,1968,45.7698087431694,Benin
CH,1968,19.453705604598646,China
RM,1968,73.80327868852459,Marshall Islands
WZ,1968,19.70771375464684,Swaziland
AS,1962,19.054864289995148,Australia
CU,1962,10.2986301369863,Cuba
EC,1962,22.53582554517134,Ecuador
HR,1962,31.034984193888302,Croatia
LO,1962,20.872229465449806,Slovakia
RM,1962,70.30021834061135,Marshall Islands
KN,1961,27.514657980456025,"Korea, North"
LU,1961,25.71706102117061,Luxembourg
PA,1961,59.65564738292011,Paraguay
SF,1961,16.145797048534874,South Africa
UG,1961,42.95513413506013,Uganda
NZ,1961,29.75115207373272,New Zealand
CA,1954,26.018771750602976,Canada
EG,1954,1.4024828487422412,Egypt
FM,1954,113.55388320288982,Federated States of Micronesia
GM,1954,24.94090066618455,Germany
GP,1954,45.945205479452056,Guadeloupe [France]
GQ,1954,57.0468085106383,Guam [United States]
LO,1954,17.514305177111716,Slovakia
UP,1954,13.012539616921593,Ukraine
CA,1953,23.70918929338547,Canada
RS,1953,12.626265688927818,Russia
TX,1953,6.146519050468781,Turkmenistan
CM,1948,103.01912568306011,Cameroon
ER,1948,5.093150684931507,Eritrea
FI,1948,14.737704918032787,Finland
RP,1948,41.08791208791209,Philippines
TS,1948,10.865588399330731,Tunisia
TX,1948,3.565478657273104,Turkmenistan
UG,1948,32.54207650273224,Uganda
GI,1990,26.341296928327644,Gibraltar [United Kingdom]
GR,1990,12.728667563930014,Greece
IO,1990,103.7041095890411,British Indian Ocean Territory [United Kingdom]
LH,1990,22.589559453114212,Lithuania
LY,1990,6.184453471196455,Libya
BN,1990,73.08142493638677,Benin
BM,1990,0.0,Burma
FI,1947,14.04109589041096,Finland
PS,1947,105.46564885496183,Palau
WA,1947,10.936986301369863,Namibia
PP,1947,221.6,Papua New Guinea
CA,1941,22.993867402344094,Canada
RI,1941,23.059101654846337,Serbia
AJ,1938,12.537379067722076,Azerbaijan
BC,1938,11.591141732283464,Botswana
IT,1938,16.97299412915851,Italy
TU,1938,78.656,Turkey
MI,1937,21.74025974025974,Malawi
RO,1922,21.375342465753423,Romania
UK,1922,21.379798978414897,United Kingdom
IT,1916,26.615144418423107,Italy
KG,1916,7.62039312039312,Kyrgyzstan
EN,1921,13.141395688710267,Estonia
TX,1921,3.2540834845735027,Turkmenistan
SG,1921,15.540983606557377,Senegal
AY,2009,27.372937293729372,Antarctica
NO,2009,33.17051779238034,Norway
NZ,2009,25.818397344713134,New Zealand
RI,2009,19.846575342465755,Serbia
ZI,2009,48.891666666666666,Zimbabwe
NP,2009,27.597560975609756,Nepal
SZ,1918,39.0958904109589,Switzerland
UZ,1918,6.324873096446701,Uzbekistan
EZ,1919,15.616438356164384,Czech Republic
LH,1898,16.45205479452055,Lithuania
NL,1898,17.81115459882583,Netherlands
SF,1897,11.46468130500489,South Africa
KG,1895,12.964383561643835,Kyrgyzstan
TI,1895,1.2100591715976332,Tajikistan
DA,1892,15.005385996409336,Denmark
EZ,1892,10.699453551912569,Czech Republic
UP,1892,10.956434316353887,Ukraine
BL,1989,56.44277417150666,Bolivia
EN,1989,17.091500637284497,Estonia
IO,1989,66.65479452054795,British Indian Ocean Territory [United Kingdom]
JO,1989,0.07130434782608695,Jordan
LO,1989,16.232271325796507,Slovakia
NZ,1989,31.295646523716698,New Zealand
PM,1989,74.85342465753425,Panama
RO,1989,13.886291486291487,Romania
LA,1989,50.142857142857146,Laos
BE,1986,25.926027397260274,Belgium
CO,1986,40.569950738916255,Colombia
GL,1986,14.84959727385378,Greenland [Denmark]
KZ,1986,6.9970670486324265,Kazakhstan
LY,1986,14.39761248852158,Libya
MA,1986,64.83096427199385,Madagascar
MU,1986,3.321305841924399,Oman
MV,1986,43.12109375,Maldives
PA,1986,40.991767764298096,Paraguay
RI,1986,14.735159817351597,Serbia
UK,1986,28.0263663160172,United Kingdom
WA,1986,7.986661410079506,Namibia
JU,1986,37.864197530864196,Juan De Nova Island [France]
AS,1890,22.729596609725522,Australia
EG,1890,1.9808219178082191,Egypt
AG,1889,16.094464075382803,Algeria
KZ,1888,4.138972809667674,Kazakhstan
CA,1885,22.36536236457347,Canada
NL,1885,17.95143212951432,Netherlands
AU,1883,24.202739726027396,Austria
IT,1882,23.25423728813559,Italy
AS,1880,14.932109856262834,Australia
GL,1879,5.701369863013698,Greenland [Denmark]
US,1879,27.380100844277674,United States
AG,1877,15.376106194690266,Algeria
SF,1873,15.772602739726027,South Africa
CA,1870,28.79530253538653,Canada
US,1870,23.975637609440426,United States
UK,1878,10.094520547945205,United Kingdom
AJ,2007,130.38297872340425,Azerbaijan
FJ,2007,88.54520037278658,Fiji
MZ,2007,94.7039603960396,Mozambique
RP,2007,127.01010928961749,Philippines
TX,2007,66.7679180887372,Turkmenistan
BD,1997,53.74603174603175,Bermuda [United Kingdom]
FM,1997,101.97382273438612,Federated States of Micronesia
WA,1997,13.215324927255093,Namibia
ZI,1997,55.76609442060086,Zimbabwe
IC,2013,27.800913242009134,Iceland
LU,2013,26.33150684931507,Luxembourg
AU,1973,27.768599882835385,Austria
LU,1973,17.50510585305106,Luxembourg
PP,1973,57.333333333333336,Papua New Guinea
TH,1973,44.384401282749444,Thailand
EU,1973,9.482758620689655,Europa Island [France]
AO,2021,100.35135135135135,Angola
BF,2021,31.236027824418326,"Bahamas, The"
BR,2021,58.26273077703388,Brazil
KS,2021,104.6861489191353,"Korea, South"
MV,2021,6.5222551928783385,Maldives
MU,2021,19.174911660777386,Oman
FG,1970,122.76712328767124,French Guiana [France]
US,1970,23.092049801635152,United States
UK,2002,30.996076218808504,United Kingdom
FG,2002,45.93804347826087,French Guiana [France]
LY,2002,11.805475504322766,Libya
TD,2002,37.87894736842105,Trinidad and Tobago
BC,2002,43.020114942528735,Botswana
ZA,2002,38.857142857142854,Zambia
UV,2002,38.1027496382055,Burkina Faso
CH,1964,22.45596079386998,China
CQ,1964,55.93761467889908,Northern Mariana Islands [United States]
KG,1964,11.240854536725877,Kyrgyzstan
MZ,1964,23.765368852459016,Mozambique
SV,1964,15.781420765027322,Svalbard [Norway]
CF,1963,47.5032021957914,Congo (Brazzaville)
IC,1963,27.989954337899544,Iceland
TZ,1963,34.2227397260274,Tanzania
ZA,1963,28.732422784417196,Zambia
CI,1963,56.827586206896555,Chile
BC,2001,49.874692874692876,Botswana
FG,2001,49.72372881355932,French Guiana [France]
KG,2001,10.034180543382998,Kyrgyzstan
LU,2001,29.157990867579908,Luxembourg
KR,2001,265.42857142857144,Kiribati
NU,2001,44.40298507462686,Nicaragua
JA,1998,124.53851348092412,Japan
KE,1998,34.57003710575139,Kenya
NC,1998,136.74370370370372,New Caledonia [France]
TZ,1998,55.52267818574514,Tanzania
LO,1956,18.381518151815182,Slovakia
PS,1956,120.99908592321755,Palau
WZ,1956,22.284153005464482,Swaziland
BM,1956,150.3877551020408,Burma
PP,1991,66.3071297989031,Papua New Guinea
RW,1991,33.626126126126124,Rwanda
UZ,1991,10.8116116851104,Uzbekistan
GI,1991,25.928057553956833,Gibraltar [United Kingdom]
IV,1991,84.92879417879418,Cote D'Ivoire
ET,1955,30.823070493173585,Ethiopia
GM,1955,22.28895707264411,Germany
KG,1955,10.770013684570646,Kyrgyzstan
IR,1955,20.5,Iran
AG,1946,7.719775070290535,Algeria
IT,1946,19.141682974559686,Italy
SW,1946,17.744314135131287,Sweden
TH,1946,84.37990196078431,Thailand
US,1946,25.437069395174294,United States
BO,1945,15.734859322842155,Belarus
GL,1930,8.867123287671232,Greenland [Denmark]
LG,1930,19.527397260273972,Latvia
BC,1929,14.096733403582718,Botswana
KS,1929,15.467032967032967,"Korea, South"
DA,1994,22.023204419889503,Denmark
PE,1994,19.8973541600255,Peru
SV,1994,10.0,Svalbard [Norway]
UP,1994,20.795220030349014,Ukraine
MX,1927,27.21388363292337,Mexico
CW,1987,39.303886925795055,Cook Islands [New Zealand]
GT,1987,28.397260273972602,Guatemala
IO,1987,99.43283582089552,British Indian Ocean Territory [United Kingdom]
KZ,1987,9.199166382966977,Kazakhstan
LH,1987,19.573917853685522,Lithuania
SE,1987,54.657534246575345,Seychelles
SI,1987,41.58877033409131,Slovenia
VM,1987,1.8763114301490889,Vietnam
FS,1987,49.832835820895525,French Southern and Antarctic Lands [France]
CQ,1987,50.901234567901234,Northern Mariana Islands [United States]
ER,1975,10.009589041095891,Eritrea
FP,1975,8.472727272727273,French Polynesia
NC,1975,295.93175853018374,New Caledonia [France]
PL,1975,18.008971704623878,Poland
SV,1975,12.821073558648111,Svalbard [Norway]
UV,1975,20.75823754789272,Burkina Faso
GH,1975,0.0,Ghana
UC,1975,75.83333333333333,Curacao
AM,1915,13.519453207150368,Armenia
UZ,1915,6.436320754716981,Uzbekistan
BK,1914,20.29041095890411,Bosnia and Herzegovina
HR,1914,29.43972602739726,Croatia
AU,1913,30.34063926940639,Austria
AQ,1978,145.6425702811245,American Samoa [United States]
BN,1978,34.75180802103879,Benin
CQ,1978,54.6,Northern Mariana Islands [United States]
HR,1978,32.341833508956796,Croatia
KS,1978,10.549492385786802,"Korea, South"
LG,1978,21.074088403133764,Latvia
TE,1978,24.346504559270517,Tromelin Island [France]
TU,1978,25.20088408644401,Turkey
VQ,1978,32.11390304610644,Virgin Islands [United States]
EG,1978,0.5833333333333334,Egypt
LY,1971,8.23391812865497,Libya
UK,1971,21.535129375951293,United Kingdom
AU,1912,33.79189435336976,Austria
BR,1912,28.068634953880856,Brazil
MX,1912,12.914226560189293,Mexico
IS,1911,24.06027397260274,Israel
WZ,1911,29.47714285714286,Swaziland
AM,1965,16.622352780434486,Armenia
AS,1965,14.851172990611953,Australia
BC,1965,5.784814164938587,Botswana
LH,1965,15.574509803921568,Lithuania
UP,1965,16.14871459556009,Ukraine
AO,1958,15.299625468164795,Angola
BC,1958,15.540900131406044,Botswana
ER,1958,6.575342465753424,Eritrea
LT,1958,22.66470588235294,Lesotho
SZ,1958,42.906932931424265,Switzerland
WA,1958,10.202878684030157,Namibia
CU,1957,9.164835164835164,Cuba
US,1957,26.628656376184654,United States
UG,1950,30.083287671232878,Uganda
BD,1949,28.548076923076923,Bermuda [United Kingdom]
CY,1949,18.524657534246575,Cyprus
FI,1949,13.273972602739725,Finland
HU,1949,14.986849315068493,Hungary
NL,1949,17.38675799086758,Netherlands
AS,1940,13.326381289487632,Australia
NG,1940,17.36697247706422,Niger
AJ,1939,16.179649787032655,Azerbaijan
PL,1939,57.45061728395062,Poland
AG,1936,15.708837453971594,Algeria
CA,1936,22.279072048831885,Canada
DA,1936,17.814597970335676,Denmark
KE,1936,19.5,Kenya
BK,1935,22.246575342465754,Bosnia and Herzegovina
TS,1935,10.992054032578466,Tunisia
WZ,1935,13.940821917808218,Swaziland
EZ,1909,12.63013698630137,Czech Republic
FI,1908,10.426229508196721,Finland
GL,1907,12.015068493150684,Greenland [Denmark]
KG,1907,13.495890410958904,Kyrgyzstan
LT,1907,27.216438356164385,Lesotho
NG,1907,245.42857142857142,Niger
EN,1905,14.151459854014599,Estonia
SP,1905,9.545205479452054,Spain
BF,2023,12.662402669632925,"Bahamas, The"
FI,2023,18.742424242424242,Finland
LH,2023,22.25506072874494,Lithuania
CJ,2023,14.018518518518519,Cayman Islands [United Kingdom]
KS,2023,79.05128205128206,"Korea, South"
