Country_Code,year,avg(Value),Country_Name
BR,2009,87.74348378893833,Brazil
CH,2009,19.58773632279692,China
CQ,2009,59.31651693158258,Northern Mariana Islands [United States]
LE,2009,36.1336032388664,Lebanon
TX,2009,54.71611253196931,Turkmenistan
NF,2009,2.8666666666666667,Norfolk Island [Australia]
BC,2007,46.992628992628994,Botswana
IC,2007,32.76712328767123,Iceland
RE,2007,47.66208791208791,Reunion [France]
NS,2007,78.4225352112676,Suriname
AM,2007,0.0,Armenia
CI,2013,13.199267143604956,Chile
CJ,2013,23.73611111111111,Cayman Islands [United Kingdom]
EN,2013,15.783018867924529,Estonia
KS,2013,105.43333333333334,"Korea, South"
RQ,2013,49.951726427622845,Puerto Rico [United States]
TH,2013,100.06667483760265,Thailand
MI,2013,73.6566265060241,Malawi
AJ,2013,112.12359550561797,Azerbaijan
UV,2013,71.96191646191646,Burkina Faso
EK,2021,83.18954248366013,Equatorial Guinea
MK,2021,15.738035264483628,Macedonia
NZ,2021,30.592211055276383,New Zealand
JQ,2002,29.013698630136986,Johnston Atoll [United States]
PL,2002,25.36727879799666,Poland
RQ,2002,39.9114795423696,Puerto Rico [United States]
MU,2002,5.374087591240876,Oman
MC,2002,203.23958333333334,Macau S.A.R
BM,2002,1.5256410256410255,Burma
GL,2001,33.72031853281853,Greenland [Denmark]
LH,2001,29.707759489418876,Lithuania
TU,2001,90.5451014242555,Turkey
GI,2001,125.48648648648648,Gibraltar [United Kingdom]
UY,2001,78.47526165556613,Uruguay
BB,2001,47.5863309352518,Barbados
MT,2001,20.94074074074074,Malta
GB,2001,96.51124903025601,Gabon
NO,1998,34.975446370389676,Norway
UP,1998,22.174947589098533,Ukraine
ZA,1998,79.8,Zambia
CA,1991,23.692480308086534,Canada
CY,1991,20.222334004024145,Cyprus
IC,1991,37.189818809318375,Iceland
IR,1991,12.824166489700573,Iran
NS,1991,54.3474025974026,Suriname
PM,1991,73.3486301369863,Panama
FP,1994,59.04351059873559,French Polynesia
HR,1994,27.751738672286617,Croatia
RI,1994,15.617351598173515,Serbia
SA,1994,143.25654801880458,Saudi Arabia
TN,1994,35.53448275862069,Tonga
IT,1987,23.853853383458645,Italy
JU,1987,40.412121212121214,Juan De Nova Island [France]
TE,1987,38.18613138686131,Tromelin Island [France]
AL,1975,28.42054794520548,Albania
BD,1975,25.876712328767123,Bermuda [United Kingdom]
MO,1975,24.884615384615383,Morocco
CY,1978,16.13355408388521,Cyprus
KE,1978,23.425388967468177,Kenya
NC,1978,112.74480712166172,New Caledonia [France]
PL,1978,18.27365101611773,Poland
VE,1978,40.44627040870772,Venezuela
NF,1978,2.020408163265306,Norfolk Island [Australia]
CF,1971,40.96024674434544,Congo (Brazzaville)
CT,1971,35.360337552742614,Central African Republic
EI,1971,23.346511627906978,Ireland
JQ,1971,16.86849315068493,Johnston Atoll [United States]
NG,1971,7.263085776925185,Niger
NL,1971,15.311847327384806,Netherlands
MT,1971,57.56,Malta
HU,1965,21.143561643835618,Hungary
PS,1965,89.10857664233576,Palau
RQ,1965,46.74140941690053,Puerto Rico [United States]
ZA,1965,23.317553934502563,Zambia
EN,1958,13.580200501253133,Estonia
GM,1958,25.252727821420823,Germany
GQ,1958,46.84403080872914,Guam [United States]
KS,1958,34.91883561643836,"Korea, South"
SV,1958,14.158904109589042,Svalbard [Norway]
EN,1957,18.44796027650667,Estonia
LO,1957,20.59410582719357,Slovakia
RP,1957,52.030507272082296,Philippines
CB,1957,79.83505154639175,Cambodia
CH,1950,78.19685039370079,China
FM,1950,103.92979127134726,Federated States of Micronesia
NO,1950,33.21566132387128,Norway
SF,1950,17.569585285948474,South Africa
SI,1950,33.8027397260274,Slovenia
UP,1950,12.953335033332118,Ukraine
AU,1949,24.766457680250785,Austria
VQ,1949,38.3013698630137,Virgin Islands [United States]
UK,1940,22.740239821528164,United Kingdom
BK,1939,27.15890410958904,Bosnia and Herzegovina
CA,1939,23.38823146276624,Canada
MD,1939,13.98076923076923,Moldova
IS,1936,9.550546448087431,Israel
US,1936,23.438865939878784,United States
AG,1935,14.394655901576316,Algeria
PO,1935,45.863013698630134,Portugal
UZ,1935,6.540639269406393,Uzbekistan
US,1908,24.76562160440631,United States
BE,1906,21.778082191780822,Belgium
EN,1906,14.434246575342465,Estonia
GG,1906,25.076589595375722,Georgia
LT,1906,21.578082191780823,Lesotho
GG,1905,24.721739130434784,Georgia
RS,1905,12.26314501468326,Russia
AR,2023,50.67406962785114,Argentina
CQ,2023,60.554307116104866,Northern Mariana Islands [United States]
NF,2023,44.828125,Norfolk Island [Australia]
UP,1904,9.368824723663433,Ukraine
EN,2011,18.58763379204893,Estonia
GL,2011,23.811442385173248,Greenland [Denmark]
IT,2011,16.525673113386425,Italy
NH,2011,102.41048387096774,Vanuatu
TZ,2011,78.72005044136192,Tanzania
GY,2011,74.58823529411765,Guyana
KN,2011,155.985835694051,"Korea, North"
CD,2011,111.40754716981132,Chad
GV,2011,106.17647058823529,Guinea
CE,2016,36.90393852065322,Sri Lanka
EZ,2016,20.320631737277512,Czech Republic
HR,2016,30.450819672131146,Croatia
JN,2016,17.456284153005466,Jan Mayen [Norway]
NE,2016,28.9,Niue [New Zealand]
PS,2016,81.21215242018538,Palau
BD,2016,63.68729641693811,Bermuda [United Kingdom]
GA,2016,100.7910447761194,"Gambia, The"
FG,2017,117.025069637883,French Guiana [France]
KU,2017,7.1371681415929205,Kuwait
PP,2017,87.72030651340997,Papua New Guinea
RE,2017,37.19553072625698,Reunion [France]
NG,2017,76.78507462686566,Niger
BL,2006,88.11666666666666,Bolivia
MU,2006,30.285242290748897,Oman
SW,2006,20.036938084555523,Sweden
KZ,2006,102.95238095238095,Kazakhstan
TX,2006,46.471471471471475,Turkmenistan
PK,2014,44.336236274138585,Pakistan
SY,2014,38.655913978494624,Syria
TO,2014,81.76363636363637,Togo
GB,2003,71.12883435582822,Gabon
AJ,2003,157.4351851851852,Azerbaijan
BK,1984,24.26502732240437,Bosnia and Herzegovina
HU,1984,16.32250803858521,Hungary
ML,1984,79.7030303030303,Mali
MP,1984,33.319604612850085,Mauritius
NH,1984,35.68300653594771,Vanuatu
SN,1984,78.90847457627119,Singapore
GA,1984,51.7027027027027,"Gambia, The"
QA,1984,1.5,Qatar
AL,1992,47.74590163934426,Albania
AU,1992,33.39246525237747,Austria
WI,1992,0.5718954248366013,Western Sahara
SG,1992,85.70913461538461,Senegal
BF,1981,12.077562326869806,"Bahamas, The"
EC,1981,34.65342729019859,Ecuador
ET,1981,25.996867658574786,Ethiopia
GR,1981,20.609255850644228,Greece
MK,1981,17.54385964912281,Macedonia
RW,1981,13.166666666666666,Rwanda
TE,1981,58.90251572327044,Tromelin Island [France]
TI,1981,14.810056677808458,Tajikistan
TU,1981,26.43856846141556,Turkey
NZ,1981,28.233870967741936,New Zealand
CM,1981,39.90700636942675,Cameroon
AQ,1988,103.84852216748769,American Samoa [United States]
ES,1988,56.76734693877551,El Salvador
FP,1988,51.81975655430712,French Polynesia
LU,1988,29.58842523596622,Luxembourg
VM,1988,1.0527027027027027,Vietnam
AY,1974,4.143897996357013,Antarctica
GQ,1974,80.26384976525821,Guam [United States]
HU,1974,19.6013986013986,Hungary
MP,1974,30.963815789473685,Mauritius
ES,1980,100.32627646326276,El Salvador
HO,1980,81.44887118193891,Honduras
KS,1980,34.906306306306305,"Korea, South"
TE,1980,47.06997084548105,Tromelin Island [France]
TN,1980,16.88364779874214,Tonga
WF,1980,3.815,Wallis and Futuna [France]
RI,1977,20.300456621004567,Serbia
SW,1977,19.140529260700635,Sweden
BC,1969,11.42042042042042,Botswana
BO,1969,17.56726572528883,Belarus
EC,1969,65.78219178082192,Ecuador
PA,1969,42.03846153846154,Paraguay
SG,1969,17.60456621004566,Senegal
UZ,1969,14.530020920502093,Uzbekistan
BD,1966,40.8027397260274,Bermuda [United Kingdom]
BU,1966,75.77697841726619,Bulgaria
SU,1966,12.18818565400844,Sudan
UK,1966,27.290886853632173,United Kingdom
UP,1966,19.65550055932697,Ukraine
CU,1972,19.956284153005466,Cuba
HU,1972,17.7448087431694,Hungary
ID,1960,107.97901533494753,Indonesia
KZ,1960,9.59564832647962,Kazakhstan
AM,1959,16.7390216991541,Armenia
FI,1959,12.504231647014073,Finland
FM,1959,122.58195211786372,Federated States of Micronesia
LG,1959,14.534085845833951,Latvia
RI,1959,16.140639269406392,Serbia
TS,1959,17.929159802306426,Tunisia
LA,1959,184.35714285714286,Laos
BC,1952,13.553977272727273,Botswana
LH,1952,18.780057251908396,Lithuania
MR,1952,4.5403103133556435,Mauritania
NO,1952,27.51489634233123,Norway
SZ,1952,42.05659640905542,Switzerland
TH,1952,47.50671004473363,Thailand
DA,1951,21.145346534653466,Denmark
JQ,1951,21.78082191780822,Johnston Atoll [United States]
TO,1951,35.88545953360768,Togo
LH,1944,12.40639698965193,Lithuania
PK,1944,21.286496350364963,Pakistan
SP,1944,13.767380096859865,Spain
IS,1943,16.026027397260275,Israel
EN,1934,15.331963470319634,Estonia
TU,1933,75.87743732590529,Turkey
AS,1932,15.617056600293052,Australia
LG,1932,13.95068493150685,Latvia
WA,1932,6.14207650273224,Namibia
LT,1931,22.575729068673564,Lesotho
BC,1926,11.259067357512953,Botswana
SI,1926,50.28493150684932,Slovenia
IS,1925,5.658904109589041,Israel
IT,1925,19.36399217221135,Italy
JN,1925,12.580821917808219,Jan Mayen [Norway]
AJ,1924,18.53349573690621,Azerbaijan
AM,1924,9.394353369763206,Armenia
LH,1924,19.422429906542057,Lithuania
NL,1924,19.12909836065574,Netherlands
TS,1924,7.984447900466563,Tunisia
TX,1924,7.561475409836065,Turkmenistan
WZ,1924,26.66985428051002,Swaziland
DA,1923,21.254358161648177,Denmark
HU,1923,15.946849315068492,Hungary
WZ,1923,23.41004566210046,Swaziland
DA,1917,17.301761252446184,Denmark
LT,1917,17.225865209471767,Lesotho
AS,1903,18.124773850554384,Australia
MI,1903,21.30126582278481,Malawi
KG,1900,15.820833333333333,Kyrgyzstan
CY,1899,9.158904109589042,Cyprus
UK,1869,19.09041095890411,United Kingdom
IT,1861,15.763698630136986,Italy
CA,1860,19.60928961748634,Canada
SG,1858,8.685344827586206,Senegal
SG,1857,0.0,Senegal
IT,1855,24.273287671232875,Italy
CA,1854,23.15068493150685,Canada
AG,1852,11.301369863013699,Algeria
CA,1851,21.523287671232875,Canada
SF,1851,14.178082191780822,South Africa
EZ,1835,9.726027397260275,Czech Republic
AS,1832,24.32967032967033,Australia
UK,1830,18.873972602739727,United Kingdom
KR,2010,48.7704280155642,Kiribati
MA,2010,77.81435257410297,Madagascar
VM,2010,54.79443339960238,Vietnam
JU,2010,23.706521739130434,Juan De Nova Island [France]
EG,2010,37.45333333333333,Egypt
CS,2012,89.51336898395722,Costa Rica
PO,2012,74.6606409202958,Portugal
RS,2012,15.726281223279422,Russia
LG,2018,22.58785942492013,Latvia
LO,2018,17.539571694599626,Slovakia
NS,2018,58.92351274787536,Suriname
EK,2018,90.0,Equatorial Guinea
CH,2020,25.94895364490556,China
DA,2020,21.452454940957118,Denmark
EI,2020,40.468245020668924,Ireland
GY,2020,54.24390243902439,Guyana
NH,2020,119.10805860805861,Vanuatu
AY,2004,63.26372963186481,Antarctica
BC,2004,63.05990783410138,Botswana
CG,2004,89.44444444444444,Congo (Kinshasa)
IS,2004,10.790508764429243,Israel
MF,2004,33.40909090909091,Mayotte [France]
PA,2004,30.301518438177876,Paraguay
NI,2004,120.6923076923077,Nigeria
CI,2005,33.22098454904779,Chile
HU,2005,21.24567699836868,Hungary
JM,2005,57.93760539629005,Jamaica
PP,2005,90.49298813376484,Papua New Guinea
GV,2005,40.85054945054945,Guinea
SG,2005,42.16604576902608,Senegal
AY,1983,2.9138920780711826,Antarctica
BD,1983,51.99452054794521,Bermuda [United Kingdom]
PM,1983,62.31369863013698,Panama
JU,1983,45.03448275862069,Juan De Nova Island [France]
AM,1982,16.278123504068933,Armenia
CA,1982,23.44806971546149,Canada
MI,1982,30.43367655966081,Malawi
SE,1982,59.45205479452055,Seychelles
TX,1982,5.204279852490521,Turkmenistan
VE,1982,42.48271005000352,Venezuela
TS,1982,15.831995058678196,Tunisia
JM,1982,52.89007092198582,Jamaica
LA,1982,70.05263157894737,Laos
BK,1993,21.572602739726026,Bosnia and Herzegovina
GG,1993,39.916936353829556,Georgia
GR,1993,14.846793667829353,Greece
KG,1993,20.524603174603175,Kyrgyzstan
SG,1993,87.02797202797203,Senegal
TS,1993,10.382966051220965,Tunisia
ZI,1993,69.34796238244515,Zimbabwe
LA,1993,27.5,Laos
CA,1985,21.05182831059193,Canada
EC,1985,41.5513698630137,Ecuador
FM,1985,114.01675126903554,Federated States of Micronesia
KS,1985,95.06216696269982,"Korea, South"
MP,1985,46.24383561643835,Mauritius
MX,1985,23.6323646953518,Mexico
TX,1985,3.9634679159867345,Turkmenistan
WZ,1985,22.72626728110599,Swaziland
MT,1985,12.681660899653979,Malta
BP,1985,78.2593659942363,Solomon Islands
BN,1985,75.8780487804878,Benin
BH,1985,47.1055900621118,Belize
BM,1985,206.2,Burma
AR,1996,28.350382987300947,Argentina
FG,1996,84.96,French Guiana [France]
IN,1996,35.56152092008725,India
MZ,1996,52.82290664100096,Mozambique
HR,1995,34.58946259220232,Croatia
IO,1995,72.45205479452055,British Indian Ocean Territory [United Kingdom]
VQ,1995,25.46128596254103,Virgin Islands [United States]
TN,1995,10.0,Tonga
ZA,1995,89.01408450704226,Zambia
NU,1995,28.533333333333335,Nicaragua
AL,1979,51.50701186623517,Albania
BN,1979,38.44230769230769,Benin
RQ,1979,59.97497171945702,Puerto Rico [United States]
SP,1979,19.595668076351583,Spain
SW,1979,18.671610953103677,Sweden
TO,1979,31.831077928138125,Togo
TU,1979,28.09446196985629,Turkey
TZ,1979,31.827709978463748,Tanzania
UZ,1979,8.255842727522683,Uzbekistan
GH,1979,28.489833641404807,Ghana
JM,1979,116.56441717791411,Jamaica
BD,1976,33.297814207650276,Bermuda [United Kingdom]
BK,1976,27.489071038251367,Bosnia and Herzegovina
BO,1976,14.216778968297803,Belarus
ET,1976,32.13670374115268,Ethiopia
KS,1976,11.423689449236894,"Korea, South"
LH,1976,14.016247700797058,Lithuania
SP,1976,17.79661931818182,Spain
TO,1976,22.5177304964539,Togo
BL,1976,24.524163568773233,Bolivia
BE,1967,19.38082191780822,Belgium
LH,1967,19.654378551653796,Lithuania
MO,1967,10.159881569207995,Morocco
AS,1968,19.318236149636174,Australia
CA,1968,24.063663193560235,Canada
IN,1968,27.487193925836262,India
IV,1968,51.48756490844493,Cote D'Ivoire
LA,1968,39.412109375,Laos
NO,1968,27.67343319444312,Norway
TU,1968,27.183815729656008,Turkey
WA,1968,8.156267899951207,Namibia
BG,1962,52.91304347826087,Bangladesh
BK,1962,33.531598513011154,Bosnia and Herzegovina
FR,1962,19.612969989651603,France
GB,1962,60.4543852779953,Gabon
GI,1962,55.546875,Gibraltar [United Kingdom]
AQ,1961,122.46616102683781,American Samoa [United States]
HO,1961,29.458536585365852,Honduras
IT,1961,18.888935721812434,Italy
FG,1954,115.47945205479452,French Guiana [France]
GB,1954,63.09987546699875,Gabon
LY,1954,9.119760479041917,Libya
SV,1954,10.504109589041096,Svalbard [Norway]
TH,1954,43.66600752695031,Thailand
UG,1954,34.054794520547944,Uganda
EZ,1953,11.445497630331754,Czech Republic
FM,1953,111.23105022831051,Federated States of Micronesia
FR,1953,16.6174365647365,France
GQ,1953,77.80438756855575,Guam [United States]
IS,1953,15.642759250799452,Israel
LY,1953,8.330643301821535,Libya
SA,1953,3.334246575342466,Saudi Arabia
SP,1953,14.311678832116788,Spain
AL,1948,21.483606557377048,Albania
CU,1948,32.84109589041096,Cuba
LY,1948,10.738440303657695,Libya
NG,1948,10.370885357548241,Niger
SP,1948,15.479107779279833,Spain
MR,1947,4.538179393131044,Mauritania
CI,1947,64.925,Chile
TI,1942,12.294707777266451,Tajikistan
AS,1941,16.2429969828601,Australia
MX,1941,23.47872340425532,Mexico
NG,1938,17.553691275167786,Niger
JN,1937,16.964383561643835,Jan Mayen [Norway]
RS,1937,11.647701520313367,Russia
TU,1937,77.14545454545454,Turkey
NL,1922,18.18068493150685,Netherlands
UZ,1922,6.3218884120171674,Uzbekistan
FI,1916,14.846994535519126,Finland
US,1921,24.749730456588367,United States
NO,1918,28.81578671877726,Norway
PK,1920,16.425318761384336,Pakistan
AM,1898,8.435616438356165,Armenia
NL,1897,18.65283757338552,Netherlands
AG,1895,10.399678234888531,Algeria
GL,1895,4.931506849315069,Greenland [Denmark]
UK,1895,19.734246575342464,United Kingdom
CA,1894,20.572647850429625,Canada
SW,1893,14.108198259238026,Sweden
GL,1892,4.8469945355191255,Greenland [Denmark]
SW,1892,12.625611874309174,Sweden
AS,1891,19.2765522648372,Australia
GG,1891,44.70779220779221,Georgia
GM,1891,19.561522898657348,Germany
AG,1890,20.379606601853947,Algeria
AJ,1890,5.570815450643777,Azerbaijan
FR,1890,17.827097505668934,France
GL,1887,5.019178082191781,Greenland [Denmark]
DA,1886,13.24344422700587,Denmark
LT,1886,18.868852459016395,Lesotho
AM,1885,7.182242990654205,Armenia
CA,1883,24.108543316038613,Canada
US,1881,29.26089130917982,United States
BO,1880,13.289617486338798,Belarus
IT,1878,24.52054794520548,Italy
SW,1877,15.757402707275803,Sweden
GL,1873,6.8,Greenland [Denmark]
CH,2008,21.663775326938683,China
LY,2008,60.11295180722892,Libya
MV,2008,8.64,Maldives
PK,2008,14.690865384615385,Pakistan
LE,2008,21.71631205673759,Lebanon
SY,2008,84.50549450549451,Syria
MR,2008,51.62780269058296,Mauritania
NS,2008,67.21495327102804,Suriname
KZ,2008,76.0,Kazakhstan
BF,2022,48.82464846980976,"Bahamas, The"
HO,2022,42.772535804549285,Honduras
JM,2022,22.175925925925927,Jamaica
TH,2022,103.96496045694201,Thailand
AU,2022,55.811435523114355,Austria
LA,2022,109.28317373461012,Laos
SL,2022,1195.0,Sierra Leone
SE,2015,57.6044776119403,Seychelles
WQ,2015,29.680628272251308,Wake Island [United States]
BN,2015,72.1811145510836,Benin
AS,2019,12.8559999225754,Australia
EC,2019,57.82599580712788,Ecuador
GM,2019,20.295791912699006,Germany
IN,2019,119.80963715903242,India
KG,2019,108.26666666666667,Kyrgyzstan
PP,2000,90.18608227604767,Papua New Guinea
SH,2000,36.14008941877794,Saint Helena [United Kingdom]
IR,2000,5.106896102203103,Iran
VE,2000,58.031543624161074,Venezuela
CE,2000,49.40909090909091,Sri Lanka
CU,1999,58.30327868852459,Cuba
NC,1999,408.324942791762,New Caledonia [France]
ET,1999,60.1744966442953,Ethiopia
JO,1999,0.0,Jordan
GA,1990,62.13422818791946,"Gambia, The"
GB,1990,106.92779291553134,Gabon
IR,1990,10.191092861655084,Iran
CF,1990,115.55727923627686,Congo (Brazzaville)
GP,1989,33.124489795918365,Guadeloupe [France]
LU,1989,22.817932752179328,Luxembourg
RM,1989,72.47045951859957,Marshall Islands
IZ,1989,0.0,Iraq
IS,1986,13.37988362427265,Israel
US,1986,25.45183844047118,United States
CF,1986,109.34913294797688,Congo (Brazzaville)
LE,1986,0.0,Lebanon
CG,1997,68.88983050847457,Congo (Kinshasa)
CH,1997,20.258946605210006,China
FP,1997,49.06145038167939,French Polynesia
GH,1997,70.74509803921569,Ghana
LH,1997,19.240822320117474,Lithuania
NH,1997,54.05048766494549,Vanuatu
RM,1997,99.44165535956581,Marshall Islands
RS,1997,15.626555230722909,Russia
SV,1997,11.351198871650212,Svalbard [Norway]
TS,1997,11.152407932011332,Tunisia
VQ,1997,20.90403165965867,Virgin Islands [United States]
NP,1997,4.103448275862069,Nepal
CV,1973,6.092274678111588,Cape Verde
DO,1973,107.08839779005525,Dominica
EZ,1973,15.459696969696969,Czech Republic
IT,1973,16.961798888327436,Italy
JA,1973,42.35541284720424,Japan
UG,1973,31.23122187608169,Uganda
FP,1973,4.745441795231416,French Polynesia
FM,1970,91.12526168876482,Federated States of Micronesia
HR,1970,30.44762908324552,Croatia
LG,1970,17.170042643923242,Latvia
MQ,1970,41.769340974212035,Midway Islands [United States}
MR,1970,3.1601494396014944,Mauritania
NG,1970,9.456289394354618,Niger
TH,1970,52.4609264724753,Thailand
BD,1970,42.46195652173913,Bermuda [United Kingdom]
ET,1964,35.85973140055425,Ethiopia
GG,1964,29.5752740885997,Georgia
KZ,1964,8.32040800925693,Kazakhstan
MI,1964,24.93007694881231,Malawi
TH,1964,45.01995921646172,Thailand
UY,1964,22.87532098932288,Uruguay
BY,1963,30.17882689556509,Burundi
IV,1963,55.443835616438356,Cote D'Ivoire
MO,1963,23.75579744439186,Morocco
EN,1956,16.237485101311083,Estonia
HR,1956,26.87630402384501,Croatia
PL,1956,42.94613583138173,Poland
SG,1956,11.525547445255475,Senegal
TS,1956,12.318510283490829,Tunisia
UY,1956,33.20309653916211,Uruguay
AY,1956,7.60828025477707,Antarctica
BU,1955,64.66666666666667,Bulgaria
EI,1955,24.691739732348868,Ireland
PL,1955,43.195467422096314,Poland
SA,1955,4.068493150684931,Saudi Arabia
SF,1946,14.704892146045692,South Africa
EG,1945,1.6633105114780506,Egypt
FR,1945,16.508775137111517,France
LE,1945,19.979423868312757,Lebanon
NL,1945,19.73173515981735,Netherlands
PK,1945,18.08804051421893,Pakistan
KS,1930,37.28767123287671,"Korea, South"
PK,1930,17.894615738610216,Pakistan
CA,1929,18.892697639348064,Canada
SW,1929,16.67202365646696,Sweden
LG,1928,21.639097744360903,Latvia
BR,1927,22.680480232493508,Brazil
MO,1927,12.357627118644068,Morocco
EI,1915,21.485902255639097,Ireland
LH,1915,12.037735849056604,Lithuania
NG,1915,121.87878787878788,Niger
LG,1914,16.306285714285714,Latvia
NO,1913,28.594587928543746,Norway
AS,1912,14.838888152081823,Australia
NO,1912,27.612362939569213,Norway
UP,1912,15.699069491189864,Ukraine
DA,1911,16.912720156555775,Denmark
NL,1911,16.608565737051794,Netherlands
GG,1910,25.51028806584362,Georgia
SW,1910,16.473666978484566,Sweden
