Country_Code,year,avg(Value),Country_Name
CE,2011,46.99020979020979,Sri Lanka
WZ,2011,51.711409395973156,Swaziland
BE,2011,21.565597667638485,Belgium
BO,2016,31.6412265758092,Belarus
GG,2016,47.65873015873016,Georgia
NL,2016,23.162341495666958,Netherlands
CM,2016,114.8,Cameroon
KZ,2016,76.38461538461539,Kazakhstan
BP,2017,91.24450951683748,Solomon Islands
MF,2017,35.07799442896936,Mayotte [France]
NH,2006,96.22813688212928,Vanuatu
TE,2006,87.66666666666667,Tromelin Island [France]
VQ,2006,29.981234866828085,Virgin Islands [United States]
BA,2006,127.45454545454545,Bahrain
BM,2006,1152.0,Burma
AE,2014,2.503861003861004,United Arab Emirates
CE,2014,54.041171088746566,Sri Lanka
FJ,2014,58.04441360166551,Fiji
JA,2014,53.27229951316888,Japan
SF,2014,44.101170252925634,South Africa
FJ,2003,44.330206378986865,Fiji
LH,2003,17.438282042610755,Lithuania
LO,2003,13.993959107806692,Slovakia
SB,2003,615.6666666666666,Saint Pierre and Miquelon [France]
BC,1984,7.447799827437446,Botswana
GL,1984,16.224464748397654,Greenland [Denmark]
HO,1984,56.66481012658228,Honduras
HR,1984,33.59520807061791,Croatia
JQ,1984,13.072727272727272,Johnston Atoll [United States]
MB,1984,6.069637883008356,Martinique [France]
SF,1984,13.547357842256558,South Africa
LA,1984,80.875,Laos
EI,1992,30.44136579904842,Ireland
NN,1992,38.493197278911566,Sint Maarten
PK,1992,0.7602203537257176,Pakistan
TH,1992,37.91292569659443,Thailand
UP,1992,15.347776128692487,Ukraine
EZ,1981,24.112949229891615,Czech Republic
FM,1981,111.62731333758775,Federated States of Micronesia
MZ,1981,31.005700712589075,Mozambique
PE,1981,22.56417664052827,Peru
RQ,1981,55.428229009724696,Puerto Rico [United States]
SP,1981,13.485582201675816,Spain
UG,1981,34.45911654135338,Uganda
CH,1988,18.666779321729862,China
CU,1988,39.46255060728745,Cuba
FR,1988,23.47259397586195,France
GQ,1988,60.81953150775322,Guam [United States]
IO,1988,86.0,British Indian Ocean Territory [United Kingdom]
NG,1988,60.8094688221709,Niger
AG,1974,6.038732394366197,Algeria
BC,1974,18.473793307669528,Botswana
GG,1974,27.050760098450848,Georgia
IN,1974,26.11897731364782,India
MD,1974,13.726664809139036,Moldova
SZ,1974,36.0027397260274,Switzerland
WQ,1974,23.515068493150686,Wake Island [United States]
HO,1974,467.625,Honduras
BE,1980,25.02185792349727,Belgium
BU,1980,19.247778874629812,Bulgaria
CW,1980,18.876160990712073,Cook Islands [New Zealand]
ER,1980,11.806010928961749,Eritrea
EU,1980,15.31578947368421,Europa Island [France]
NP,1980,31.32075471698113,Nepal
TU,1980,26.956744742691058,Turkey
UZ,1980,8.70735367683842,Uzbekistan
AO,1980,0.0,Angola
AL,1977,33.25819672131148,Albania
BD,1977,42.93972602739726,Bermuda [United Kingdom]
GB,1977,57.454835847382434,Gabon
BR,1969,30.338939637763474,Brazil
CO,1969,73.67247639796659,Colombia
GR,1969,19.608645753634278,Greece
IS,1969,12.453424657534246,Israel
LU,1969,20.119053549190536,Luxembourg
RM,1969,64.29327453142227,Marshall Islands
SU,1969,11.1569289179498,Sudan
ET,1966,30.60347129506008,Ethiopia
MX,1966,28.91463668288719,Mexico
TU,1966,22.384561599776255,Turkey
AL,1972,41.27322404371585,Albania
KS,1972,42.131147540983605,"Korea, South"
LH,1972,19.544188773266892,Lithuania
SU,1972,10.738301926741478,Sudan
SY,1972,9.594262295081966,Syria
UG,1972,38.98564102564102,Uganda
UV,1972,21.537080405932866,Burkina Faso
LT,1960,20.4953125,Lesotho
KN,1960,31.194520547945206,"Korea, North"
CO,1960,27.04809286898839,Colombia
VM,1960,78.08767772511848,Vietnam
CH,1959,22.49804540250747,China
EI,1959,26.56221198156682,Ireland
SP,1959,20.335344173225202,Spain
BU,1959,41.266666666666666,Bulgaria
CB,1959,42.77,Cambodia
GQ,1952,53.81147540983606,Guam [United States]
HO,1952,42.005464480874316,Honduras
NL,1952,21.987020139301332,Netherlands
MC,1952,86.66190476190476,Macau S.A.R
IS,1951,12.636363636363637,Israel
PM,1951,68.03150684931506,Panama
RS,1951,11.791864137526712,Russia
KE,1944,19.524590163934427,Kenya
TU,1944,61.857585139318886,Turkey
US,1944,25.106474286611018,United States
BA,1944,99.0,Bahrain
SY,1944,24.850136239782017,Syria
KG,1943,10.623738635228294,Kyrgyzstan
AG,1934,15.891242937853107,Algeria
LY,1934,9.106004901960784,Libya
MI,1934,32.53150684931507,Malawi
SV,1934,10.84272997032641,Svalbard [Norway]
AU,1933,31.41780821917808,Austria
LT,1933,20.556164383561644,Lesotho
PK,1933,22.32121491026231,Pakistan
JN,1932,13.021857923497267,Jan Mayen [Norway]
MO,1932,4.390374331550802,Morocco
UG,1932,33.47459807073955,Uganda
IS,1926,7.221917808219178,Israel
KZ,1926,9.6088876991032,Kazakhstan
RQ,1926,41.32797619047619,Puerto Rico [United States]
EZ,1925,16.28767123287671,Czech Republic
GM,1925,20.49444877873132,Germany
CA,1923,20.536018545067527,Canada
EG,1923,1.1358695652173914,Egypt
SF,1917,20.144100994942455,South Africa
SZ,1917,34.037181996086105,Switzerland
RQ,1902,51.67831449126413,Puerto Rico [United States]
EZ,1900,14.076712328767123,Czech Republic
AM,1899,6.43956043956044,Armenia
IT,1899,21.94406808129444,Italy
RQ,1899,43.12703962703963,Puerto Rico [United States]
AS,1869,18.57315490673155,Australia
HR,1868,22.39071038251366,Croatia
IT,1866,19.36931506849315,Italy
EI,1865,34.12328767123287,Ireland
IT,1857,21.412785388127855,Italy
GM,1845,30.86605080831409,Germany
NL,1848,21.128415300546447,Netherlands
EZ,1826,8.493150684931507,Czech Republic
IT,1824,10.669398907103826,Italy
BD,2010,31.074585635359117,Bermuda [United Kingdom]
BP,2010,87.3874425727412,Solomon Islands
BU,2010,24.710034602076124,Bulgaria
HU,2010,30.449405833633417,Hungary
JA,2010,54.40836966340678,Japan
LO,2010,29.151398793198027,Slovakia
MD,2010,79.87096774193549,Moldova
MY,2010,80.90898414562537,Malaysia
TE,2010,32.83045977011494,Tromelin Island [France]
UP,2010,34.779339006530776,Ukraine
ZA,2010,73.85185185185185,Zambia
AQ,2012,106.12431444241317,American Samoa [United States]
BC,2012,47.387387387387385,Botswana
BD,2012,35.57534246575342,Bermuda [United Kingdom]
BK,2012,27.204103671706264,Bosnia and Herzegovina
HR,2012,27.97697111631538,Croatia
JN,2012,14.631147540983607,Jan Mayen [Norway]
LE,2012,39.93975903614458,Lebanon
MT,2012,14.142076502732241,Malta
RE,2012,41.306629834254146,Reunion [France]
AE,2018,2.9859154929577465,United Arab Emirates
PP,2018,86.69047619047619,Papua New Guinea
SI,2018,34.847790013576706,Slovenia
SN,2018,47.59228650137741,Singapore
BC,2018,35.20600858369099,Botswana
ZA,2018,230.0,Zambia
CE,2020,39.56309794988611,Sri Lanka
FP,2020,43.44557665585919,French Polynesia
IS,2020,10.59849300322928,Israel
LH,2020,28.36574585635359,Lithuania
MF,2020,30.177777777777777,Mayotte [France]
RI,2020,19.75227502527806,Serbia
RO,2020,15.65551959726717,Romania
SI,2020,37.71842744383728,Slovenia
UP,2020,38.61471547662197,Ukraine
GB,2004,77.27005076142132,Gabon
LG,2004,33.553872053872055,Latvia
MJ,2004,67.29942418426104,Montenegro
NG,2004,10.901453957996768,Niger
RI,2004,22.07650273224044,Serbia
SG,2004,30.963733075435204,Senegal
LI,2004,0.0,Liberia
CM,2005,89.56656346749226,Cameroon
CO,2005,62.35420144685587,Colombia
EG,2005,1.0749267475931352,Egypt
FR,2005,17.178946136744802,France
FS,2005,45.57232704402516,French Southern and Antarctic Lands [France]
JU,2005,3.282178217821782,Juan De Nova Island [France]
SU,2005,268.0354889589905,Sudan
US,2005,22.940248947514856,United States
ML,2005,33.39342188488298,Mali
CY,1983,16.820721178263078,Cyprus
FP,1983,65.19367991845056,French Polynesia
PL,1983,7.938133874239351,Poland
UZ,1983,5.565964761495488,Uzbekistan
SA,1983,56.9,Saudi Arabia
CH,1982,20.013100436681224,China
EI,1982,34.20790216368768,Ireland
ES,1982,48.390129259694476,El Salvador
MD,1982,11.173333333333334,Moldova
RO,1982,14.420171339563863,Romania
SP,1982,16.60927536231884,Spain
SV,1982,9.008450704225352,Svalbard [Norway]
MC,1982,0.0,Macau S.A.R
AG,1993,9.958850497595884,Algeria
BB,1993,36.01238390092879,Barbados
CQ,1993,46.10197368421053,Northern Mariana Islands [United States]
LT,1993,16.378082191780823,Lesotho
RO,1993,14.39559597893729,Romania
SI,1993,32.724137931034484,Slovenia
AU,1985,35.42474079370754,Austria
BD,1985,44.07671232876712,Bermuda [United Kingdom]
RI,1985,17.677625570776257,Serbia
VQ,1985,27.328064173646336,Virgin Islands [United States]
NH,1985,76.74979625101875,Vanuatu
BX,1996,82.84276729559748,Brunei
EZ,1996,17.07487922705314,Czech Republic
CS,1996,86.2905982905983,Costa Rica
MJ,1996,74.6431718061674,Montenegro
CT,1995,87.90445344129554,Central African Republic
FP,1995,59.20232896652111,French Polynesia
IT,1995,20.085758883481773,Italy
AJ,1995,115.0,Azerbaijan
CD,1995,111.95652173913044,Chad
CD,1979,1.5192307692307692,Chad
GR,1979,20.22438063063063,Greece
MP,1979,45.833424657534245,Mauritius
NG,1979,9.486871116456204,Niger
FM,1976,116.29732408325074,Federated States of Micronesia
MY,1976,67.62737127371274,Malaysia
LA,1967,59.1773607748184,Laos
MR,1967,5.098479182248815,Mauritania
NC,1967,454.4931506849315,New Caledonia [France]
VM,1967,53.28983857615894,Vietnam
EZ,1968,13.674863387978142,Czech Republic
PA,1968,38.4344262295082,Paraguay
RS,1968,13.853970354963074,Russia
MQ,1962,38.851851851851855,Midway Islands [United States}
SU,1962,12.155211726384366,Sudan
BD,1961,37.52739726027397,Bermuda [United Kingdom]
FM,1961,115.5981757081133,Federated States of Micronesia
MG,1961,5.219178082191781,Mongolia
SI,1961,42.84080794248545,Slovenia
UZ,1961,6.068912373403787,Uzbekistan
WA,1961,8.529109589041095,Namibia
BK,1954,29.45697896749522,Bosnia and Herzegovina
BN,1954,32.584657534246574,Benin
CQ,1954,46.22571428571428,Northern Mariana Islands [United States]
GG,1954,26.66958060151941,Georgia
IS,1954,13.396071265418,Israel
CB,1954,76.28104575163398,Cambodia
CI,1954,73.66666666666667,Chile
BO,1953,13.461221688400824,Belarus
CT,1953,37.9350506988216,Central African Republic
GL,1953,12.127397260273973,Greenland [Denmark]
NG,1953,14.165021929824562,Niger
PO,1953,19.639586410635154,Portugal
UY,1953,34.92653810835629,Uruguay
WZ,1953,15.039190897597978,Swaziland
GM,1948,21.448434864364128,Germany
LT,1948,22.388621022179365,Lesotho
AU,1947,20.85388127853881,Austria
LE,1947,20.856945404284726,Lebanon
RI,1947,15.571875,Serbia
GM,1942,19.412702119510897,Germany
RQ,1942,53.670757683335026,Puerto Rico [United States]
LH,1938,13.854314002828854,Lithuania
GM,1937,22.51627378385978,Germany
TX,1937,3.8931459136708546,Turkmenistan
WZ,1937,28.28316032295271,Swaziland
KZ,1922,12.912871287128713,Kazakhstan
SI,1922,48.26027397260274,Slovenia
TX,1922,5.494077834179357,Turkmenistan
RO,1916,16.24863387978142,Romania
BE,1921,11.153424657534247,Belgium
CA,1921,21.082566414157224,Canada
DA,1921,16.56095890410959,Denmark
JN,1921,3.0,Jan Mayen [Norway]
EZ,1918,12.312328767123288,Czech Republic
KG,1918,6.7105263157894735,Kyrgyzstan
SF,1918,17.464902405077122,South Africa
TX,1918,5.812371134020618,Turkmenistan
GM,1920,18.278187757077184,Germany
AJ,1920,36.96739130434783,Azerbaijan
GG,1898,26.588401697312587,Georgia
BE,1897,19.084931506849315,Belgium
UK,1897,19.723972602739725,United Kingdom
KG,1896,12.608219178082193,Kyrgyzstan
EZ,1895,13.775342465753425,Czech Republic
NL,1894,22.04559686888454,Netherlands
UK,1891,20.233561643835618,United Kingdom
CA,1888,21.921619293712318,Canada
LT,1888,20.5114006514658,Lesotho
AG,1887,14.587654320987655,Algeria
US,1887,31.55058061031596,United States
IT,1886,27.56751467710372,Italy
FR,1885,20.00639853747715,France
UK,1885,18.856164383561644,United Kingdom
UZ,1883,5.3273972602739725,Uzbekistan
UZ,1882,6.2,Uzbekistan
SF,1875,17.838023335621138,South Africa
IT,1872,31.462659380692166,Italy
US,1871,25.13423526311166,United States
BH,2009,35.988679245283016,Belize
CI,2009,14.74540624308169,Chile
GH,2009,73.88137356919876,Ghana
HR,2009,31.419765166340508,Croatia
KR,2009,61.2,Kiribati
CH,2007,20.02547924285657,China
PL,2007,18.775799721835885,Poland
RI,2007,20.450228310502283,Serbia
MO,2007,35.317927170868344,Morocco
RW,2007,133.11864406779662,Rwanda
BA,2007,30.6,Bahrain
GY,2007,59.44615384615385,Guyana
ID,2013,182.518779342723,Indonesia
PA,2013,99.55628272251309,Paraguay
WF,2013,101.1559220389805,Wallis and Futuna [France]
IV,2013,73.23517382413088,Cote D'Ivoire
GH,2013,87.17819148936171,Ghana
ZA,2013,59.5625,Zambia
AG,2021,10.549363605091159,Algeria
AR,2021,60.61295856426498,Argentina
DR,2021,50.036842105263155,Dominican Republic
GB,2021,92.87150837988827,Gabon
IS,2021,22.964227642276423,Israel
US,2021,28.75099777516597,United States
BC,2021,48.610951008645536,Botswana
EZ,2002,20.727397636713384,Czech Republic
JM,2002,81.32786885245902,Jamaica
HU,2001,23.495098039215687,Hungary
JN,2001,16.704109589041096,Jan Mayen [Norway]
RE,2001,48.625,Reunion [France]
EU,2001,53.21176470588235,Europa Island [France]
CD,2001,69.63793103448276,Chad
CD,1998,27.66417910447761,Chad
CQ,1998,36.360064153969525,Northern Mariana Islands [United States]
LH,1998,24.14949345193971,Lithuania
MI,1998,34.83216783216783,Malawi
CV,1998,1.8004587155963303,Cape Verde
AM,1991,14.169405815423515,Armenia
MX,1991,24.93566126989254,Mexico
NU,1991,21.831889081455806,Nicaragua
NZ,1991,27.570522979397783,New Zealand
BF,1991,77.71895424836602,"Bahamas, The"
GV,1991,82.61686746987952,Guinea
TO,1991,71.6378466557912,Togo
AQ,1994,164.91026827012027,American Samoa [United States]
AS,1994,13.575585250142723,Australia
NS,1994,74.51791530944625,Suriname
VQ,1994,16.06939346268135,Virgin Islands [United States]
CJ,1987,36.616279069767444,Cayman Islands [United Kingdom]
FM,1987,105.35636129585926,Federated States of Micronesia
KE,1987,20.215562565720294,Kenya
GR,1975,15.69641185647426,Greece
NO,1975,37.788756046820566,Norway
GA,1975,0.0,"Gambia, The"
MA,1975,55.610169491525426,Madagascar
CA,1978,21.983150365228987,Canada
TI,1978,12.572901397439656,Tajikistan
BP,1978,0.0,Solomon Islands
AS,1971,21.11757173617721,Australia
ER,1971,5.901369863013699,Eritrea
FR,1971,20.99663348242197,France
MD,2008,55.43283582089552,Moldova
NZ,2008,28.932510885341074,New Zealand
TH,2008,92.0014889474287,Thailand
SA,2008,155.46153846153845,Saudi Arabia
WZ,2008,77.32456140350877,Swaziland
TE,2008,25.833333333333332,Tromelin Island [France]
FI,2022,16.254450195682363,Finland
JA,2022,48.78435861773831,Japan
NP,2022,37.82448377581121,Nepal
TZ,2022,87.19500594530321,Tanzania
VQ,2022,32.79589566077389,Virgin Islands [United States]
MI,2022,91.36764705882354,Malawi
BO,2015,33.064990202482036,Belarus
DA,2015,25.47031539888683,Denmark
KN,2015,143.57198443579767,"Korea, North"
NH,2015,82.84767707539984,Vanuatu
KE,2015,54.99449541284404,Kenya
AF,2019,43.11368909512761,Afghanistan
AY,2019,15.528136531365314,Antarctica
IZ,2019,5.255813953488372,Iraq
SI,2019,41.31085271317829,Slovenia
SW,2019,19.621091357820045,Sweden
KU,2019,15.907894736842104,Kuwait
MD,2019,52.12250712250712,Moldova
CU,2019,57.720588235294116,Cuba
AJ,1965,13.040477121626907,Azerbaijan
AU,1965,39.87815996684625,Austria
BE,1965,29.421917808219177,Belgium
KN,1965,31.359171143514967,"Korea, North"
MT,1965,82.20270270270271,Malta
RO,1965,15.171790969051242,Romania
TI,1965,11.725407055630937,Tajikistan
TH,1958,39.73039215686274,Thailand
UY,1958,29.608534322820038,Uruguay
GP,1957,48.602739726027394,Guadeloupe [France]
BM,1957,188.14285714285714,Burma
LY,2000,30.72212389380531,Libya
RO,2000,10.370922060211896,Romania
HO,2000,33.11648351648352,Honduras
RW,2000,34.857142857142854,Rwanda
LG,1950,19.399046646237657,Latvia
NF,1950,48.053003533568905,Norfolk Island [Australia]
RI,1950,13.158904109589042,Serbia
RS,1950,12.22853138779277,Russia
TU,1950,47.959445037353255,Turkey
EN,1949,16.215960875847504,Estonia
GQ,1949,44.27035175879397,Guam [United States]
TI,1949,13.20495477782147,Tajikistan
CY,1999,9.002002002002001,Cyprus
MV,1999,26.633333333333333,Maldives
ZI,1999,51.15923566878981,Zimbabwe
BL,1999,71.23201621073962,Bolivia
MU,1999,2.148802017654477,Oman
EN,1940,13.063378262116432,Estonia
PL,1940,41.16129032258065,Poland
SZ,1940,44.578064012490245,Switzerland
WA,1940,9.48119575699132,Namibia
SY,1939,8.994280266920876,Syria
DA,1990,22.85818824123139,Denmark
PL,1990,17.706396686608375,Poland
SV,1990,9.360056258790436,Svalbard [Norway]
UK,1990,26.56845254136797,United Kingdom
AQ,1989,98.09307604994325,American Samoa [United States]
BE,1989,17.52054794520548,Belgium
HO,1989,46.65270588235294,Honduras
KE,1989,26.773970231914156,Kenya
KZ,1989,7.807961792828293,Kazakhstan
LG,1989,18.058377239199157,Latvia
SF,1989,17.121217275764568,South Africa
CU,1986,31.532760472610097,Cuba
HO,1986,44.37152209492635,Honduras
MX,1986,22.61004417493635,Mexico
NH,1986,68.20474262579526,Vanuatu
ML,1986,90.08829174664108,Mali
BC,1997,27.910287081339714,Botswana
IC,1997,33.46886446886447,Iceland
NO,1997,34.58571897230472,Norway
TD,1997,32.66420664206642,Trinidad and Tobago
WF,1997,96.97262479871175,Wallis and Futuna [France]
MV,1997,1.4,Maldives
AJ,1936,12.561170772794272,Azerbaijan
SZ,1936,40.49063231850117,Switzerland
EG,1935,0.696551724137931,Egypt
EN,1935,17.97884322678843,Estonia
KE,1935,19.126027397260273,Kenya
SW,1935,19.315569674471732,Sweden
HU,1973,12.703290414878397,Hungary
JM,1973,6.872509960159363,Jamaica
MG,1973,5.686453576864536,Mongolia
MK,1973,18.32894736842105,Macedonia
RM,1973,54.546052631578945,Marshall Islands
NZ,1973,0.0,New Zealand
GB,1970,60.11991087705084,Gabon
IV,1970,42.910336239103366,Cote D'Ivoire
NL,1970,21.383217587049188,Netherlands
VE,1970,47.347558007463896,Venezuela
CF,1964,45.43458266268107,Congo (Brazzaville)
CY,1964,13.652322404371585,Cyprus
GR,1964,17.14694508894045,Greece
SH,1964,31.76437847866419,Saint Helena [United Kingdom]
SI,1964,42.57431693989071,Slovenia
TX,1964,4.514388677077349,Turkmenistan
LG,1909,16.02035152636448,Latvia
MX,1909,13.312166580622957,Mexico
TS,1909,7.493612672457844,Tunisia
UP,1909,14.21636615811373,Ukraine
KG,1908,13.699453551912569,Kyrgyzstan
EN,1907,12.917301038062284,Estonia
IN,1907,31.323723028427043,India
AG,1905,13.364221364221365,Algeria
FR,1905,23.266666666666666,France
RO,1905,16.326027397260273,Romania
TS,1905,7.3498920086393085,Tunisia
AE,2023,11.985507246376812,United Arab Emirates
FP,2023,60.25853658536585,French Polynesia
JM,2023,4.083333333333333,Jamaica
LU,2023,32.903225806451616,Luxembourg
MG,2023,8.611940298507463,Mongolia
FG,1963,104.82191780821918,French Guiana [France]
FI,1963,13.855608789030233,Finland
BP,1956,69.83582089552239,Solomon Islands
BR,1956,31.081840806649584,Brazil
BY,1956,27.51775956284153,Burundi
LE,1956,25.520833333333332,Lebanon
VE,1956,34.00282485875706,Venezuela
TS,1955,12.172240802675585,Tunisia
AQ,1955,67.34276475343573,American Samoa [United States]
GL,1945,18.624657534246577,Greenland [Denmark]
LH,1945,18.72850189291509,Lithuania
LY,1945,14.197478991596638,Libya
WZ,1945,16.97205479452055,Swaziland
BD,1945,31.547445255474454,Bermuda [United Kingdom]
FI,1945,12.195652173913043,Finland
MI,1930,19.426695842450766,Malawi
KZ,1929,7.503703703703704,Kazakhstan
LE,1928,16.547131147540984,Lebanon
MX,1928,24.572924522203788,Mexico
US,1928,24.62951543766543,United States
WA,1928,9.553734061930783,Namibia
EN,1927,18.714257307615828,Estonia
WZ,1927,19.086150995831403,Swaziland
BE,1915,24.183561643835617,Belgium
CA,1915,20.30397676836846,Canada
KG,1914,8.817045454545454,Kyrgyzstan
BC,1913,5.997260273972603,Botswana
GL,1913,15.012328767123288,Greenland [Denmark]
CY,1910,12.573972602739726,Cyprus
LT,1910,15.505988023952096,Lesotho
SF,1910,16.333627206228943,South Africa
TS,1910,7.334891876095851,Tunisia
US,1910,20.92235702048815,United States
