Country_Code,year,avg(Value),Country_Name
DA,2008,20.563718564566262,Denmark
FM,2008,92.51733591356233,Federated States of Micronesia
SW,2008,19.86040286471634,Sweden
TZ,2008,64.8475,Tanzania
GH,2008,93.36111111111111,Ghana
BG,2022,60.45981308411215,Bangladesh
MD,2022,45.06211180124224,Moldova
SY,2022,46.38053097345133,Syria
WA,2022,43.75609756097561,Namibia
CU,2022,96.42857142857143,Cuba
CF,2015,77.01497005988024,Congo (Brazzaville)
CJ,2015,29.497076023391813,Cayman Islands [United Kingdom]
MZ,2015,66.6544,Mozambique
RO,2015,15.530543225533714,Romania
RP,2015,110.26551126516465,Philippines
SZ,2015,30.011703110563598,Switzerland
BM,2015,202.38333333333333,Burma
AQ,2019,96.54385964912281,American Samoa [United States]
BF,2019,43.58437730287399,"Bahamas, The"
CI,2019,11.549539356715695,Chile
CQ,2019,60.81581485053037,Northern Mariana Islands [United States]
PK,2019,56.70525910229243,Pakistan
WF,2019,108.28531855955679,Wallis and Futuna [France]
CW,2019,35.64795918367347,Cook Islands [New Zealand]
LA,2019,99.49676025917927,Laos
TO,2019,76.9369894982497,Togo
BU,2000,34.93055555555556,Bulgaria
CH,2000,20.65528552258834,China
CY,2000,21.541694462975318,Cyprus
SN,2000,77.4103448275862,Singapore
CM,2000,133.1581920903955,Cameroon
JN,1999,18.345205479452055,Jan Mayen [Norway]
RS,1999,14.046498137632044,Russia
SV,1999,8.495132127955493,Svalbard [Norway]
FJ,1999,62.76011560693642,Fiji
MC,1999,202.84615384615384,Macau S.A.R
CQ,1990,55.9,Northern Mariana Islands [United States]
MJ,1990,37.403669724770644,Montenegro
GH,1990,57.49234693877551,Ghana
BP,1989,58.7020202020202,Solomon Islands
CF,1989,89.2,Congo (Brazzaville)
TD,1989,43.96734693877551,Trinidad and Tobago
LT,1989,18.24590163934426,Lesotho
BB,1986,32.32905982905983,Barbados
GB,1986,128.9169457468185,Gabon
GI,1986,9.475836431226766,Gibraltar [United Kingdom]
SF,1986,14.699539290424456,South Africa
SI,1986,35.20708546384222,Slovenia
NP,1986,39.58490566037736,Nepal
BO,1997,18.299211678832116,Belarus
TH,1997,38.364754629030166,Thailand
SB,1997,12.5,Saint Pierre and Miquelon [France]
IC,1973,32.02158894645941,Iceland
JN,1973,23.106849315068494,Jan Mayen [Norway]
NG,1973,7.126980316850696,Niger
WZ,1973,28.224200913242008,Swaziland
ZA,1973,27.12519415967692,Zambia
VM,1973,83.0,Vietnam
PU,1973,50.28395061728395,Guinea-Bissau
JQ,1970,16.0986301369863,Johnston Atoll [United States]
SF,1970,13.446242439840432,South Africa
UV,1970,22.955755677368835,Burkina Faso
BO,1964,14.661413699890723,Belarus
CA,1964,23.241531231642842,Canada
EC,1964,54.154117647058825,Ecuador
FG,1964,65.95628415300547,French Guiana [France]
UK,1964,20.51917494696885,United Kingdom
ZI,1964,17.99275078369906,Zimbabwe
CE,1964,97.76,Sri Lanka
AQ,1963,115.94402769763416,American Samoa [United States]
CD,1956,18.794373910878765,Chad
KR,1956,11.45983379501385,Kiribati
MZ,1956,31.40951953300404,Mozambique
RO,1956,18.496,Romania
AM,1955,14.630848061785237,Armenia
BO,1955,15.591997454458674,Belarus
ER,1955,6.512328767123288,Eritrea
MX,1955,32.10813386933284,Mexico
PO,1955,34.29551000488043,Portugal
RQ,1955,41.50061706908009,Puerto Rico [United States]
AJ,1946,15.303692395763763,Azerbaijan
JA,1946,32.34172661870504,Japan
JQ,1946,23.517808219178082,Johnston Atoll [United States]
RO,1946,14.67054794520548,Romania
JN,1945,12.241095890410959,Jan Mayen [Norway]
UP,1945,12.337028727288725,Ukraine
NO,1930,30.904082708528584,Norway
SW,1930,16.138513642071615,Sweden
BR,1929,27.302288776179243,Brazil
SI,1928,38.47267759562842,Slovenia
TI,1928,10.986937590711175,Tajikistan
EN,1915,14.345070422535212,Estonia
NO,1915,22.396996601234655,Norway
GG,1914,16.323287671232876,Georgia
KG,1912,7.412568306010929,Kyrgyzstan
KZ,1912,8.37594410876133,Kazakhstan
BE,1911,19.813698630136987,Belgium
IT,1911,28.80665057656208,Italy
PK,1911,18.85505882352941,Pakistan
CA,1910,21.158041768112287,Canada
HU,1910,20.168767123287672,Hungary
DA,2011,25.53003194888179,Denmark
GG,2011,33.70243204577969,Georgia
KS,2011,149.5490533562823,"Korea, South"
PS,2011,150.2219178082192,Palau
UP,2011,25.371280724450195,Ukraine
QA,2011,37.166666666666664,Qatar
IT,2016,18.424451250638082,Italy
NO,2016,32.118184710612326,Norway
CY,2017,5.643646408839779,Cyprus
MG,2017,41.85095137420719,Mongolia
NH,2017,88.41434262948208,Vanuatu
PK,2017,40.5046410304982,Pakistan
TX,2017,63.161184210526315,Turkmenistan
ML,2017,69.38400789733466,Mali
FG,2006,102.22980659840728,French Guiana [France]
LH,2006,19.788651315789473,Lithuania
NC,2006,19.388418079096045,New Caledonia [France]
UY,2006,81.25288092189501,Uruguay
BF,2006,57.911764705882355,"Bahamas, The"
ID,2006,139.5664739884393,Indonesia
ET,2006,62.987096774193546,Ethiopia
UP,2014,45.31090866619949,Ukraine
EC,2014,68.48127035830619,Ecuador
BB,2003,30.365079365079364,Barbados
BH,2003,58.821114369501466,Belize
LG,2003,31.665554628857382,Latvia
MB,2003,49.94900849858357,Martinique [France]
MO,2003,9.71767115272089,Morocco
PE,2003,24.165502522312767,Peru
TE,2003,29.864779874213838,Tromelin Island [France]
US,2003,24.306291761430447,United States
CJ,1984,34.97267759562842,Cayman Islands [United Kingdom]
IN,1984,52.533854166666664,India
LU,1984,27.86736214605067,Luxembourg
RO,1984,17.163030775223998,Romania
SW,1984,18.614935910359932,Sweden
NF,1984,42.145833333333336,Norfolk Island [Australia]
MR,1984,39.2046783625731,Mauritania
BN,1984,67.37653478854024,Benin
AM,1992,9.526245670130562,Armenia
JA,1992,100.25052055446487,Japan
JQ,1992,30.024590163934427,Johnston Atoll [United States]
MG,1992,1.8088181485547017,Mongolia
TO,1992,79.64766081871345,Togo
AU,1981,29.9881221719457,Austria
BD,1981,38.295890410958904,Bermuda [United Kingdom]
MX,1981,29.89836736979354,Mexico
GA,1981,13.53225806451613,"Gambia, The"
RI,1988,14.37431693989071,Serbia
TI,1988,12.766851473592062,Tajikistan
EU,1988,30.67132867132867,Europa Island [France]
LI,1988,25.0,Liberia
CF,1974,40.46205733558179,Congo (Brazzaville)
CT,1974,38.11510340505536,Central African Republic
HR,1974,35.69926238145416,Croatia
IV,1974,43.68493150684932,Cote D'Ivoire
KN,1974,0.12093553907586994,"Korea, North"
WA,1974,16.161512680944117,Namibia
UC,1974,43.0,Curacao
TN,1974,414.5,Tonga
BC,1980,11.82804674457429,Botswana
CH,1980,20.44603901247164,China
KE,1980,14.439319470699433,Kenya
SU,1980,11.181360752570553,Sudan
CK,1980,2.0,Cocos (Keeling) Islands [Australia]
LI,1980,110.6923076923077,Liberia
LY,1980,178.0,Libya
BN,1977,21.915003219575016,Benin
JQ,1977,22.136986301369863,Johnston Atoll [United States]
PP,1977,77.68526989935955,Papua New Guinea
RO,1977,16.718674290144392,Romania
WA,1977,10.620906551498702,Namibia
CK,1977,0.0,Cocos (Keeling) Islands [Australia]
KZ,1966,8.851516368274364,Kazakhstan
SZ,1966,39.65519360786724,Switzerland
WZ,1966,24.303790412486066,Swaziland
CI,1966,83.18487394957984,Chile
IT,1972,24.89012003693444,Italy
RI,1972,18.937158469945356,Serbia
UP,1972,14.45735239093018,Ukraine
WZ,1972,28.627620783956246,Swaziland
AC,1960,23.39071038251366,Antigua and Barbuda
EI,1960,33.74184657785944,Ireland
MX,1960,26.069169694210345,Mexico
BK,1959,41.81146025878004,Bosnia and Herzegovina
MC,1959,91.6,Macau S.A.R
UG,1959,32.33704735376045,Uganda
AL,1952,51.58196721311475,Albania
AS,1952,19.106582082689908,Australia
BK,1952,36.635849056603774,Bosnia and Herzegovina
CU,1952,14.068306010928962,Cuba
FG,1952,83.06010928961749,French Guiana [France]
MI,1952,30.642924676961865,Malawi
SW,1952,17.213043217080873,Sweden
TS,1952,12.156830601092896,Tunisia
GM,1951,21.488376461509564,Germany
MZ,1951,25.333333333333332,Mozambique
SP,1951,20.77229331708308,Spain
IT,1944,17.923154701718907,Italy
IV,1944,60.760330578512395,Cote D'Ivoire
PL,1943,35.87741935483871,Poland
RI,1943,12.574759945130316,Serbia
FI,1934,16.167123287671235,Finland
AG,1933,13.42495784148398,Algeria
LH,1933,19.664796633941094,Lithuania
RQ,1933,49.602360248447205,Puerto Rico [United States]
VQ,1933,48.34757834757835,Virgin Islands [United States]
BK,1932,22.28688524590164,Bosnia and Herzegovina
DA,1932,17.325892857142858,Denmark
IS,1932,3.3128415300546448,Israel
SY,1932,8.309148264984227,Syria
LG,1931,18.611517367458866,Latvia
LH,1931,17.164301717699775,Lithuania
PL,1931,49.20754716981132,Poland
DA,1926,19.071624266144813,Denmark
SG,1926,8.146520146520146,Senegal
LE,1925,10.032876712328767,Lebanon
FI,1924,13.314207650273223,Finland
AU,1923,29.139269406392692,Austria
RQ,1923,40.2421959095802,Puerto Rico [United States]
TX,1923,6.355618776671408,Turkmenistan
UZ,1917,3.879120879120879,Uzbekistan
MI,1917,0.0,Malawi
SI,1902,39.391780821917806,Slovenia
EZ,1901,12.901369863013699,Czech Republic
LT,1901,20.517808219178082,Lesotho
UZ,1901,8.476712328767123,Uzbekistan
UK,1900,20.01214257735997,United Kingdom
EZ,1899,15.668493150684931,Czech Republic
RO,1899,14.264383561643836,Romania
EI,1867,23.100689655172413,Ireland
SF,1864,13.12568306010929,South Africa
UK,1864,7.125517241379311,United Kingdom
AS,1861,24.201193520886616,Australia
GM,1852,28.051344743276285,Germany
IT,1852,23.249544626593806,Italy
EZ,1850,13.882191780821918,Czech Republic
AS,1845,26.821596244131456,Australia
IT,1842,26.333333333333332,Italy
SW,1841,16.832876712328765,Sweden
UK,1841,21.742112482853223,United Kingdom
GM,1840,29.367303609341825,Germany
UK,1839,22.245205479452054,United Kingdom
SW,1837,13.638356164383561,Sweden
EZ,1833,16.523287671232875,Czech Republic
GM,1833,26.173640167364017,Germany
EZ,1834,8.501369863013698,Czech Republic
GM,1831,27.46058091286307,Germany
GM,1827,27.389294403892944,Germany
IT,1826,17.845205479452055,Italy
EZ,1825,9.67945205479452,Czech Republic
IT,1813,17.002739726027396,Italy
GY,2009,61.0516717325228,Guyana
JN,2009,17.523287671232875,Jan Mayen [Norway]
MG,2009,48.733193277310924,Mongolia
SB,2009,31.06741573033708,Saint Pierre and Miquelon [France]
GR,2007,15.019373018668546,Greece
MT,2007,18.47222222222222,Malta
NH,2007,114.70886075949367,Vanuatu
NL,2007,26.566130872457176,Netherlands
CU,2007,44.19141914191419,Cuba
NF,2007,13.307692307692308,Norfolk Island [Australia]
BO,2010,43.734547461368656,Belarus
CW,2010,40.462151394422314,Cook Islands [New Zealand]
MX,2010,28.049035772281254,Mexico
UY,2010,92.67017774851877,Uruguay
DR,2010,76.82458386683739,Dominican Republic
NG,2010,57.41095890410959,Niger
CD,2010,90.99085365853658,Chad
CO,2013,75.62088974854932,Colombia
EZ,2013,20.90256665836033,Czech Republic
FS,2013,44.15068493150685,French Southern and Antarctic Lands [France]
MA,2013,79.25714285714285,Madagascar
NO,2013,34.066454733932275,Norway
SP,2013,19.274202228694442,Spain
TS,2013,10.218181818181819,Tunisia
PP,2013,104.45958795562599,Papua New Guinea
IZ,2012,1.8105263157894738,Iraq
MP,2012,34.97909790979098,Mauritius
SZ,2012,39.77206628339533,Switzerland
UY,2012,84.38441039307129,Uruguay
SA,2012,86.68115942028986,Saudi Arabia
NI,2012,118.4322033898305,Nigeria
GA,2012,128.92857142857142,"Gambia, The"
GV,2012,191.3111111111111,Guinea
CQ,2021,64.95433789954338,Northern Mariana Islands [United States]
DA,2021,21.926102502979738,Denmark
KR,2021,26.11614730878187,Kiribati
MC,2021,53.41193181818182,Macau S.A.R
NO,2021,30.518944360396706,Norway
RQ,2021,41.45082130413141,Puerto Rico [United States]
TS,2021,5.638713745271122,Tunisia
TV,2021,77.60643564356435,Tuvalu
WQ,2021,0.0,Wake Island [United States]
BP,2018,108.3717277486911,Solomon Islands
FR,2018,22.68495613404286,France
MV,2018,8.971326164874553,Maldives
PO,2018,32.237918215613384,Portugal
FK,2018,16.09090909090909,Falkland Islands (Islas Malvinas) [United Kingdom]
AO,2018,70.32608695652173,Angola
TO,2018,79.5308176100629,Togo
BN,2018,77.06437125748504,Benin
FP,2002,41.035351089588374,French Polynesia
GQ,2002,74.47713498622589,Guam [United States]
IR,2002,6.907993099482461,Iran
CE,2002,69.34343434343434,Sri Lanka
UY,2002,82.55496564647096,Uruguay
AM,2020,34.30875576036866,Armenia
GG,2020,19.638805970149253,Georgia
US,2020,28.85011656809454,United States
MI,2020,58.666666666666664,Malawi
KE,2020,64.27281746031746,Kenya
PP,2020,124.66165413533835,Papua New Guinea
BP,2020,74.49396135265701,Solomon Islands
BH,2001,57.50508474576271,Belize
GG,2001,73.65525114155251,Georgia
SZ,2001,43.71472602739726,Switzerland
HR,2004,32.24652981427175,Croatia
MT,2004,11.3109243697479,Malta
RP,2004,53.05006310475389,Philippines
UY,2004,38.200723830734965,Uruguay
PL,2005,14.629400168966487,Poland
SI,2005,37.19841384282624,Slovenia
SW,2005,17.562457324567394,Sweden
GH,2005,54.01331719128329,Ghana
BE,2005,23.589887640449437,Belgium
CG,2005,51.333333333333336,Congo (Kinshasa)
CF,1983,155.84036939313984,Congo (Brazzaville)
JN,1983,17.134246575342466,Jan Mayen [Norway]
RQ,1983,41.78423250375814,Puerto Rico [United States]
CM,1983,166.68217054263565,Cameroon
NS,1983,52.802083333333336,Suriname
BK,1982,17.123287671232877,Bosnia and Herzegovina
BL,1982,72.58467908902692,Bolivia
EC,1982,45.941097724230254,Ecuador
FI,1982,15.014677290229118,Finland
MF,1982,44.34057971014493,Mayotte [France]
SF,1982,12.719736546378472,South Africa
TH,1982,41.56440082394281,Thailand
DR,1982,49.376068376068375,Dominican Republic
BE,1998,25.972602739726028,Belgium
HO,1998,54.00371747211896,Honduras
MR,1998,21.486614173228347,Mauritania
NZ,1998,16.49466484268126,New Zealand
WA,1998,7.073443008225617,Namibia
NF,1998,49.87557603686636,Norfolk Island [Australia]
BP,1993,51.4051724137931,Solomon Islands
EG,1993,2.4757929883138563,Egypt
EN,1993,19.23819259865058,Estonia
HR,1993,29.066385669125395,Croatia
ML,1993,67.33169774288518,Mali
PM,1993,73.29318651066758,Panama
JM,1993,58.020316027088036,Jamaica
AQ,1985,107.4156378600823,American Samoa [United States]
BC,1985,8.053064167267484,Botswana
BE,1985,20.76986301369863,Belgium
BR,1985,42.364060775068424,Brazil
HU,1985,15.6405292029687,Hungary
IT,1985,20.27517162471396,Italy
MO,1985,6.946374162096283,Morocco
RO,1985,14.410547785547786,Romania
TO,1985,76.55887521968366,Togo
BC,1996,30.398666666666667,Botswana
CH,1996,20.348682765481865,China
IO,1996,59.07377049180328,British Indian Ocean Territory [United Kingdom]
VE,1996,43.007777372706286,Venezuela
AQ,1991,104.25360230547551,American Samoa [United States]
DA,1991,19.186987569426076,Denmark
LT,1991,21.876712328767123,Lesotho
PL,1991,16.02700228832952,Poland
SH,1991,78.4981684981685,Saint Helena [United Kingdom]
WF,1991,97.48366013071896,Wallis and Futuna [France]
ZA,1991,82.82191780821918,Zambia
CI,1995,23.355320304017372,Chile
DA,1995,18.18743372216331,Denmark
IR,1995,4.968977761166137,Iran
IS,1995,6.288022479803302,Israel
MA,1995,72.85892461197339,Madagascar
IC,1979,27.31232768806617,Iceland
MO,1979,11.48158844765343,Morocco
RS,1979,13.842396204569486,Russia
DR,1979,21.116057233704293,Dominican Republic
BB,1979,131.06711409395973,Barbados
KT,1979,0.0,Christmas Island [Australia]
AL,1976,49.20736698499318,Albania
RP,1976,78.8421433743664,Philippines
SZ,1976,31.393101092896174,Switzerland
WA,1976,13.567760398677652,Namibia
CS,1976,685.0,Costa Rica
HU,1967,14.700273972602739,Hungary
JA,1967,42.750845798485294,Japan
RM,1967,70.33307210031347,Marshall Islands
BR,1994,40.099546099614585,Brazil
CO,1994,53.961974492205954,Colombia
LE,1994,23.214484679665738,Lebanon
MI,1994,19.986425339366516,Malawi
AL,1968,52.92486338797814,Albania
AY,1968,2.0652304009575104,Antarctica
HR,1968,28.386717108028584,Croatia
LU,1968,23.79185295578738,Luxembourg
MK,1968,14.33879781420765,Macedonia
GP,1962,53.264305177111716,Guadeloupe [France]
CE,1962,57.0,Sri Lanka
AR,1961,65.31067961165049,Argentina
GB,1961,60.50039138943249,Gabon
BU,1961,56.164556962025316,Bulgaria
BD,1954,30.720164609053498,Bermuda [United Kingdom]
ET,1954,28.46082949308756,Ethiopia
UV,1954,28.29634703196347,Burkina Faso
FR,1987,23.030648411981375,France
GA,1987,13.2,"Gambia, The"
LO,1987,17.992742353551062,Slovakia
MD,1987,13.47124183006536,Moldova
MX,1987,20.875687230520132,Mexico
NL,1987,23.203301407953393,Netherlands
RP,1987,28.267159884915742,Philippines
SZ,1987,37.77945205479452,Switzerland
TI,1987,16.96907163705259,Tajikistan
ZI,1987,14.580177276390009,Zimbabwe
GG,1953,35.13353839626644,Georgia
IT,1953,21.120298879202988,Italy
PM,1953,66.08403361344538,Panama
CQ,1953,52.383116883116884,Northern Mariana Islands [United States]
JQ,1948,8.19767441860465,Johnston Atoll [United States]
MD,1948,12.142219743446738,Moldova
HU,1975,16.3851976450799,Hungary
RP,1975,72.15795167688424,Philippines
JU,1975,0.0,Juan De Nova Island [France]
BE,1978,21.03287671232877,Belgium
BR,1978,34.78304976418374,Brazil
CV,1978,0.556420233463035,Cape Verde
ID,1978,2.557081738347219,Indonesia
SP,1978,16.7831987533645,Spain
UV,1978,22.36848924591863,Burkina Faso
SX,1978,28.229885057471265,South Georgia and the South Sandwich Islands [United Kingdom]
BN,1947,38.904657534246574,Benin
GV,1947,59.456387362637365,Guinea
HU,1947,12.912876712328767,Hungary
WZ,1947,27.030684931506848,Swaziland
DR,1947,600.5,Dominican Republic
BC,1942,12.576320939334638,Botswana
KZ,1942,8.689687573408504,Kazakhstan
BE,1941,19.745205479452054,Belgium
US,1941,25.707497900268656,United States
BK,1937,36.227397260273975,Bosnia and Herzegovina
CA,1937,23.15495785558099,Canada
IS,1971,14.99634703196347,Israel
KG,1971,9.520888109845165,Kyrgyzstan
LG,1971,15.641702586206897,Latvia
US,1971,23.28046413792772,United States
UZ,1971,5.021950735001987,Uzbekistan
HU,1922,18.385205479452054,Hungary
GG,1916,23.103649635036497,Georgia
KG,1920,19.20980392156863,Kyrgyzstan
WA,1920,7.60619872379216,Namibia
EI,1919,19.435661764705884,Ireland
IT,1965,23.536095159967186,Italy
JN,1965,14.578082191780823,Jan Mayen [Norway]
LG,1965,14.478299876640126,Latvia
MK,1965,14.186301369863013,Macedonia
SH,1965,31.634703196347033,Saint Helena [United Kingdom]
SZ,1965,43.60182648401827,Switzerland
ML,1965,17.07242339832869,Mali
BU,1965,61.34065934065934,Bulgaria
CA,1897,23.335147907365343,Canada
TI,1897,2.411242603550296,Tajikistan
CA,1895,21.798059903273913,Canada
US,1895,25.068011159288762,United States
KG,1894,8.091412742382271,Kyrgyzstan
RO,1894,15.789041095890411,Romania
US,1892,30.88564937217519,United States
UZ,1891,8.37945205479452,Uzbekistan
RO,1890,15.61917808219178,Romania
KZ,1889,3.5008880994671405,Kazakhstan
UZ,1887,6.989041095890411,Uzbekistan
BE,1886,20.216438356164385,Belgium
CA,1886,21.756371839332008,Canada
EZ,1884,12.579234972677595,Czech Republic
KG,1884,5.892857142857143,Kyrgyzstan
FR,1883,17.141873278236915,France
NL,1883,18.234086242299796,Netherlands
FR,1882,19.089285714285715,France
HR,1880,29.49203373945642,Croatia
SF,1879,11.856313914742042,South Africa
AU,1877,32.868493150684934,Austria
SW,1875,10.98232812678144,Sweden
SW,1873,15.011038881393352,Sweden
BY,1958,20.73835616438356,Burundi
MP,1958,58.084931506849315,Mauritius
MQ,1958,22.026760563380282,Midway Islands [United States}
PL,1958,37.22518159806295,Poland
UK,1958,23.242191913485595,United Kingdom
IT,1957,21.688335220838052,Italy
LU,1957,20.842341220423414,Luxembourg
MI,1957,26.14608622854751,Malawi
MZ,1957,24.46027397260274,Mozambique
PA,1957,50.56712328767123,Paraguay
IR,1957,41.25966850828729,Iran
IN,1950,32.93321265558697,India
KE,1950,17.389041095890413,Kenya
NG,1950,14.663163716814159,Niger
US,1950,25.13049698348695,United States
UY,1950,31.996292863762744,Uruguay
UZ,1950,5.449995053912355,Uzbekistan
CB,1950,28.666666666666668,Cambodia
AJ,1949,13.154919030234952,Azerbaijan
TO,1949,42.345205479452055,Togo
TX,1949,4.998546360710207,Turkmenistan
LY,1940,6.717092337917485,Libya
EZ,1939,34.36181818181818,Czech Republic
KE,1939,17.221917808219178,Kenya
EG,1936,0.9626584446728331,Egypt
WZ,1936,28.55697609783213,Swaziland
AM,1935,10.221004566210045,Armenia
FR,1935,26.107470210815766,France
KZ,1935,7.179738984364905,Kazakhstan
EG,1909,1.3940648723257418,Egypt
IN,1909,34.42255392208535,India
KG,1909,13.084931506849315,Kyrgyzstan
NL,1909,21.34563806777217,Netherlands
NG,1908,117.02941176470588,Niger
AM,1907,15.63103448275862,Armenia
FR,1907,27.550380517503804,France
AU,1906,32.382648401826486,Austria
AM,1905,12.346739130434782,Armenia
LH,1905,16.54794520547945,Lithuania
JA,2023,23.50384401114206,Japan
NO,2023,50.57764856048787,Norway
NZ,2023,43.618272841051315,New Zealand
SF,2023,50.28730964467005,South Africa
UY,2023,8.130434782608695,Uruguay
VE,2023,3.5238095238095237,Venezuela
DA,1904,14.186182669789227,Denmark
HR,1904,26.75409836065574,Croatia
