Country_Code,year,avg(Value),Country_Name
BF,2008,46.034602076124564,"Bahamas, The"
GY,2008,100.2286432160804,Guyana
NP,2008,37.233183856502244,Nepal
RQ,2008,48.57067431850789,Puerto Rico [United States]
UP,2008,31.948165760869564,Ukraine
WA,2008,54.503787878787875,Namibia
VE,2008,58.88568173186479,Venezuela
MI,2008,30.0,Malawi
TI,2008,61.0,Tajikistan
ID,2022,173.32986111111111,Indonesia
PK,2022,25.232912561576356,Pakistan
RQ,2022,58.0997599759976,Puerto Rico [United States]
RS,2022,15.266408444457586,Russia
ET,2022,75.17914438502673,Ethiopia
UV,2022,77.3627844712182,Burkina Faso
CD,2022,81.2852233676976,Chad
HU,2015,15.965841429019116,Hungary
IN,2015,100.1360831809872,India
MX,2015,19.98020076791414,Mexico
VE,2015,57.63990825688074,Venezuela
KZ,2015,0.0,Kazakhstan
GH,2015,75.96983408748115,Ghana
BA,2015,57.5,Bahrain
BC,2019,10.204918032786885,Botswana
CY,2019,18.462395543175486,Cyprus
EI,2019,36.186184210526314,Ireland
FG,2019,81.39385474860335,French Guiana [France]
HU,2019,19.169651579290132,Hungary
SY,2019,81.51190476190476,Syria
SG,2019,94.26964769647697,Senegal
EK,2019,62.30769230769231,Equatorial Guinea
IS,2000,15.70656543099598,Israel
KU,2000,59.26086956521739,Kuwait
UP,2000,32.90484322699638,Ukraine
UY,2000,51.857223238148826,Uruguay
BP,2000,66.18151815181518,Solomon Islands
AJ,2000,164.61111111111111,Azerbaijan
ET,2000,7.090909090909091,Ethiopia
IN,1999,54.33209930313589,India
LH,1999,18.256992639327024,Lithuania
UP,1999,17.438998073217725,Ukraine
TI,1999,0.38461538461538464,Tajikistan
CG,1999,57.36507936507937,Congo (Kinshasa)
LY,1999,3.4942683749157113,Libya
SU,1999,12.38971807628524,Sudan
BG,1999,4.765258215962441,Bangladesh
MF,1999,14.771428571428572,Mayotte [France]
FS,1990,57.00627615062761,French Southern and Antarctic Lands [France]
IV,1990,69.80019733596448,Cote D'Ivoire
KU,1990,1.3865979381443299,Kuwait
KZ,1990,9.256490500134792,Kazakhstan
NL,1990,20.614718614718615,Netherlands
NN,1990,28.97966101694915,Sint Maarten
SW,1990,19.385450477583685,Sweden
CW,1990,45.42413793103448,Cook Islands [New Zealand]
CY,1989,9.30886075949367,Cyprus
EI,1989,28.949298195359496,Ireland
LH,1989,19.815068493150687,Lithuania
MV,1989,31.964285714285715,Maldives
MZ,1989,35.29242329367564,Mozambique
AR,1986,26.87360801781737,Argentina
AU,1986,32.420446364290854,Austria
GR,1986,17.584446819882416,Greece
NC,1986,159.82326283987916,New Caledonia [France]
TH,1986,46.550569800569804,Thailand
JO,1986,0.2384937238493724,Jordan
EG,1986,26.258426966292134,Egypt
AY,1997,46.004876066639575,Antarctica
BG,1997,62.47099930118798,Bangladesh
BL,1997,63.244311077769446,Bolivia
GQ,1997,80.7792249047014,Guam [United States]
JN,1997,19.068493150684933,Jan Mayen [Norway]
RO,1997,18.133591024794946,Romania
RP,1997,45.64397305432134,Philippines
SG,1997,48.15627996164909,Senegal
AY,1973,4.869436201780416,Antarctica
EI,1973,27.0571791613723,Ireland
KS,1973,12.557442865966646,"Korea, South"
LA,1973,39.25,Laos
PE,1973,26.151270553064276,Peru
SG,1973,16.74910714285714,Senegal
UY,1973,35.153754073285896,Uruguay
BL,1973,17.28915018706574,Bolivia
KN,1973,9.826666666666666,"Korea, North"
TD,1973,0.0,Trinidad and Tobago
CB,1973,68.29347826086956,Cambodia
AU,1970,31.394977168949772,Austria
SP,1970,15.253778953855077,Spain
UZ,1970,6.664607372613091,Uzbekistan
MP,1964,44.49589939857846,Mauritius
AM,1963,21.519559977751683,Armenia
EC,1963,20.802395209580837,Ecuador
FM,1963,128.69124911785462,Federated States of Micronesia
GL,1963,16.890904193229776,Greenland [Denmark]
MD,1963,13.371401604530439,Moldova
CU,1956,19.77747252747253,Cuba
FR,1956,19.839776171601773,France
TI,1956,10.44271176513654,Tajikistan
AO,1956,0.8602620087336245,Angola
HO,1956,33.46478873239437,Honduras
CU,1955,23.723287671232878,Cuba
EN,1955,13.816356370016571,Estonia
FR,1955,21.259871751603104,France
MI,1955,27.36675590167924,Malawi
MO,1955,15.004807692307692,Morocco
UP,1955,17.383523901363823,Ukraine
AU,1946,22.121461187214614,Austria
WA,1946,4.31324200913242,Namibia
EC,1946,0.0,Ecuador
RS,1945,11.628902066516925,Russia
EG,1930,2.120373573158077,Egypt
MX,1930,22.31115760969906,Mexico
RS,1930,12.340428589022538,Russia
UP,1930,11.763607378729219,Ukraine
CY,1929,20.05,Cyprus
HR,1929,22.871917808219177,Croatia
UK,1929,20.81325743665075,United Kingdom
IS,1928,8.844262295081966,Israel
KZ,1928,11.802397476340694,Kazakhstan
UZ,1928,9.300546448087431,Uzbekistan
RO,1927,15.56986301369863,Romania
SZ,1927,41.05296803652968,Switzerland
SG,1927,15.648026315789474,Senegal
BR,1915,13.137920660608325,Brazil
TS,1915,8.642752562225477,Tunisia
AU,1914,29.169406392694064,Austria
BR,1914,29.145794490967504,Brazil
FI,1913,8.887671232876713,Finland
IT,1913,24.83363498153913,Italy
MO,1913,12.475849731663684,Morocco
US,1913,24.085048627008888,United States
GL,1912,18.76366120218579,Greenland [Denmark]
AM,1911,9.622504537205081,Armenia
BK,1911,22.273972602739725,Bosnia and Herzegovina
NL,1910,20.769430425378516,Netherlands
UK,1910,21.731505284204513,United Kingdom
CJ,2009,33.79090909090909,Cayman Islands [United Kingdom]
EZ,2009,20.125657071339173,Czech Republic
SN,2009,52.76986301369863,Singapore
UY,2009,88.6987951807229,Uruguay
BN,2009,87.12125748502994,Benin
MI,2009,75.4,Malawi
BL,2010,98.86061801446417,Bolivia
CO,2010,82.56992660186471,Colombia
LG,2010,41.5611253196931,Latvia
NH,2010,91.17832167832168,Vanuatu
ET,2010,78.22740963855422,Ethiopia
ER,2010,48.5,Eritrea
PP,2012,104.23508137432188,Papua New Guinea
SP,2012,14.416805021899657,Spain
UZ,2012,55.90879478827362,Uzbekistan
KG,2012,17.555555555555557,Kyrgyzstan
RW,2012,62.52459016393443,Rwanda
AM,2012,74.5,Armenia
BM,2018,138.41747572815535,Burma
DA,2018,17.69539514623522,Denmark
ET,2018,56.98468271334792,Ethiopia
GV,2018,201.80645161290323,Guinea
BD,2020,40.71895424836601,Bermuda [United Kingdom]
EN,2020,18.565393455182225,Estonia
GM,2020,19.35676997554524,Germany
TU,2020,27.328770975907002,Turkey
UK,2020,29.792682574114245,United Kingdom
EC,2020,60.90534979423868,Ecuador
JO,2020,19.797619047619047,Jordan
CU,2020,58.89855072463768,Cuba
CI,2004,22.98537069179271,Chile
MU,2004,1.4782056707575117,Oman
NL,2004,24.824015356399016,Netherlands
BH,2005,41.01034482758621,Belize
FP,2005,52.25758241758242,French Polynesia
LY,2005,8.042783799201368,Libya
KE,2005,47.52215189873418,Kenya
IO,1983,94.68493150684931,British Indian Ocean Territory [United Kingdom]
KE,1983,19.478727634194833,Kenya
LU,1983,25.119053549190536,Luxembourg
TD,1983,45.73303167420814,Trinidad and Tobago
UC,1983,10.722054380664652,Curacao
KN,1983,112.47407407407407,"Korea, North"
SB,1983,134.044776119403,Saint Pierre and Miquelon [France]
GQ,1982,80.74372384937239,Guam [United States]
ID,1982,30.76536731634183,Indonesia
LG,1982,14.735662672642459,Latvia
TV,1982,108.40259740259741,Tuvalu
AU,1993,35.06616126809097,Austria
BU,1993,18.812941176470588,Bulgaria
CJ,1993,9.425742574257425,Cayman Islands [United Kingdom]
HU,1993,18.027438115120788,Hungary
JQ,1993,13.239010989010989,Johnston Atoll [United States]
TE,1993,33.74528301886792,Tromelin Island [France]
MR,1993,78.47257383966245,Mauritania
MJ,1993,67.73799126637554,Montenegro
EN,1985,18.71130933418286,Estonia
JA,1985,50.73177213660759,Japan
SE,1985,60.49315068493151,Seychelles
GP,1996,37.36050156739812,Guadeloupe [France]
IS,1996,10.029401346085724,Israel
LG,1996,33.8345521023766,Latvia
PE,1996,24.641812865497077,Peru
UC,1996,24.742537313432837,Curacao
WI,1996,1.167123287671233,Western Sahara
RW,1996,55.82517482517483,Rwanda
ZA,1996,90.79069767441861,Zambia
NO,1995,35.069606326285026,Norway
RE,1995,47.79943502824859,Reunion [France]
RQ,1995,43.13545762711865,Puerto Rico [United States]
TH,1995,44.48848167539267,Thailand
GA,1979,21.185185185185187,"Gambia, The"
AY,1976,3.0804911323328787,Antarctica
CT,1976,40.9188679245283,Central African Republic
ER,1976,7.2650273224043715,Eritrea
MQ,1976,22.21443736730361,Midway Islands [United States}
UC,1976,113.625,Curacao
MA,1976,44.67664670658683,Madagascar
EU,1976,17.52112676056338,Europa Island [France]
GH,1976,36.91089108910891,Ghana
MX,1967,29.119713925234304,Mexico
BF,1968,33.437562437562434,"Bahamas, The"
HO,1968,39.77948717948718,Honduras
JN,1968,14.989071038251366,Jan Mayen [Norway]
SP,1968,17.045025224746805,Spain
SU,1968,11.97979797979798,Sudan
EN,1962,18.256412000816383,Estonia
IN,1962,31.28091570054863,India
SA,1962,0.027932960893854747,Saudi Arabia
UZ,1962,7.580173202087031,Uzbekistan
BL,1961,35.87984496124031,Bolivia
FG,1961,79.3972602739726,French Guiana [France]
IS,1961,11.086027397260274,Israel
PM,1961,48.320547945205476,Panama
BC,1954,14.972886421861658,Botswana
BY,1954,29.762517882689558,Burundi
IC,1954,30.73444347063979,Iceland
IT,1954,19.587297633872975,Italy
PA,1954,70.36712328767123,Paraguay
BE,1953,15.224657534246575,Belgium
CF,1953,38.90844298245614,Congo (Brazzaville)
ST,1948,0.6,Saint Lucia
JN,1947,22.216438356164385,Jan Mayen [Norway]
LH,1947,14.679675620881905,Lithuania
SP,1947,17.55231518589309,Spain
UP,1947,15.035428866055316,Ukraine
JN,1942,14.554098360655738,Jan Mayen [Norway]
RO,1942,16.613698630136987,Romania
US,1942,26.466489169957136,United States
TX,1941,5.019902120717782,Turkmenistan
EG,2007,38.037974683544306,Egypt
GG,2007,51.05990783410138,Georgia
HO,2007,49.144404332129966,Honduras
MV,2007,8.709923664122137,Maldives
RQ,2007,48.115683732987684,Puerto Rico [United States]
MG,2007,51.74821852731591,Mongolia
TH,2007,97.80385604113111,Thailand
NE,2007,82.69082125603865,Niue [New Zealand]
AQ,2013,90.11232876712329,American Samoa [United States]
BE,2013,21.67966573816156,Belgium
GL,2013,24.50242954324587,Greenland [Denmark]
PL,2013,18.536752605595172,Poland
UY,2013,73.0837336993823,Uruguay
VQ,2013,35.9914703493095,Virgin Islands [United States]
EU,2013,27.903508771929825,Europa Island [France]
BO,2021,38.510803324099726,Belarus
ID,2021,166.64684014869889,Indonesia
MZ,2021,67.33044846577498,Mozambique
RS,2021,15.64044099958341,Russia
BH,2002,52.186119873817034,Belize
GM,2002,27.60299435647362,Germany
IS,2002,14.552200172562554,Israel
NC,2002,64.80299785867237,New Caledonia [France]
SP,2002,17.849368702197403,Spain
CS,2002,123.12966601178782,Costa Rica
RW,2002,17.25,Rwanda
EZ,1938,16.326027397260273,Czech Republic
FR,1938,20.329667812142038,France
LT,1938,23.281278538812785,Lesotho
PK,1938,20.825426070935052,Pakistan
TS,1937,6.315975286849073,Tunisia
UY,1937,23.835164835164836,Uruguay
SF,1916,12.775090778480825,South Africa
IT,1921,14.17573385518591,Italy
MO,1918,53.25714285714286,Morocco
LG,1898,18.865753424657534,Latvia
SF,1898,14.616654965534847,South Africa
FR,1897,28.452739726027396,France
CY,1895,6.912328767123288,Cyprus
LG,1895,27.287735849056602,Latvia
SW,1895,15.215634699352938,Sweden
AG,1894,10.754205607476635,Algeria
AG,1892,14.033258057893656,Algeria
AJ,1892,4.622950819672131,Azerbaijan
AM,1892,9.191256830601093,Armenia
AU,1892,33.25136612021858,Austria
EN,1892,14.54808743169399,Estonia
GM,1892,16.10370957793638,Germany
BK,2001,48.77540983606557,Bosnia and Herzegovina
BL,2001,73.57868171021377,Bolivia
CO,2001,59.21802518223989,Colombia
FR,2001,22.50022810218978,France
MI,2001,59.24,Malawi
CF,2001,71.041928721174,Congo (Brazzaville)
GV,2001,200.56756756756758,Guinea
LH,1889,12.115068493150686,Lithuania
UK,1888,19.862704918032787,United Kingdom
CA,1887,21.112862440997976,Canada
GM,1885,18.858938266639854,Germany
HR,1885,26.84931506849315,Croatia
AJ,1882,6.3191780821917805,Azerbaijan
KG,1882,12.76986301369863,Kyrgyzstan
RO,1882,20.34246575342466,Romania
AS,1881,13.53968194963831,Australia
HR,1881,28.885844748858446,Croatia
AS,1878,16.299234185939653,Australia
AQ,1998,68.03426791277259,American Samoa [United States]
AU,1998,35.684753661784285,Austria
EI,1998,35.90870588235294,Ireland
IC,1998,30.079908675799086,Iceland
MT,1998,9.355685131195335,Malta
SU,1998,28.224152910512597,Sudan
UV,1998,33.831460674157306,Burkina Faso
WQ,1998,19.827397260273973,Wake Island [United States]
BX,1998,75.4325259515571,Brunei
AJ,1991,11.957728046067269,Azerbaijan
EZ,1991,16.54532001479837,Czech Republic
MF,1991,78.27450980392157,Mayotte [France]
NO,1991,33.04141906043011,Norway
NF,1991,31.98828125,Norfolk Island [Australia]
MJ,1991,52.30801687763713,Montenegro
AU,1994,28.465978716543052,Austria
HU,1994,17.270528515974917,Hungary
PK,1994,11.039477977161502,Pakistan
PS,1994,85.77768795472919,Palau
SE,1994,76.73972602739725,Seychelles
SW,1994,17.286073294006673,Sweden
TU,1994,28.336106708927627,Turkey
CH,1987,20.228430502635838,China
IC,1987,30.61191928671985,Iceland
MI,1987,23.202801283921797,Malawi
RO,1987,14.573590763558746,Romania
SP,1987,18.630462308143663,Spain
KN,1987,120.36180904522612,"Korea, North"
BP,2011,78.30420168067226,Solomon Islands
GQ,2011,85.16400491400492,Guam [United States]
IR,2011,9.995108382888931,Iran
SE,2011,64.3546511627907,Seychelles
MG,2011,51.325185972369816,Mongolia
NG,2011,58.39418416801293,Niger
AE,2016,7.486754966887418,United Arab Emirates
BG,2016,63.409794628751975,Bangladesh
CW,2016,29.013100436681224,Cook Islands [New Zealand]
EC,2016,77.19821542383684,Ecuador
FM,2016,79.10662909684117,Federated States of Micronesia
SV,2016,18.657708628005658,Svalbard [Norway]
WQ,2016,52.62937062937063,Wake Island [United States]
MI,2016,49.9,Malawi
KG,2016,22.0,Kyrgyzstan
FM,2006,102.37543966967426,Federated States of Micronesia
PP,2006,93.87760199833473,Papua New Guinea
TD,2006,54.702312138728324,Trinidad and Tobago
UZ,2006,7.978651685393259,Uzbekistan
CD,2006,90.72448979591837,Chad
AG,2014,8.680506607929516,Algeria
BG,2014,57.982315648982315,Bangladesh
CY,2014,5.8245125348189415,Cyprus
GI,2014,15.767955801104973,Gibraltar [United Kingdom]
KN,2014,106.4375,"Korea, North"
MP,2014,36.66186252771619,Mauritius
RI,2014,26.130593607305936,Serbia
RM,2014,81.92394655704008,Marshall Islands
KZ,2014,94.8125,Kazakhstan
FR,2003,18.517164087447803,France
SG,2003,34.20275277924828,Senegal
SV,2003,9.89875173370319,Svalbard [Norway]
UY,2003,48.93886907794192,Uruguay
NN,2003,40.36624203821656,Sint Maarten
GA,2003,0.0,"Gambia, The"
RW,2003,0.0,Rwanda
AM,1984,13.159050279329609,Armenia
DR,1984,44.044600938967136,Dominican Republic
TX,1984,4.723960206160854,Turkmenistan
WF,1984,84.35321821036106,Wallis and Futuna [France]
TD,1984,33.52272727272727,Trinidad and Tobago
MD,1992,10.992822502424831,Moldova
VE,1992,37.151039965153,Venezuela
CS,1992,94.8987012987013,Costa Rica
AL,1981,39.07757805108798,Albania
SX,1981,26.44736842105263,South Georgia and the South Sandwich Islands [United Kingdom]
AJ,1988,14.742497108419066,Azerbaijan
AU,1988,35.484413309982486,Austria
CO,1988,41.404478976234,Colombia
KG,1988,12.272771945499219,Kyrgyzstan
MK,1988,9.563685636856368,Macedonia
FS,1988,50.75648414985591,French Southern and Antarctic Lands [France]
CM,1988,104.34848484848484,Cameroon
TO,1988,73.90931989924434,Togo
CI,1974,91.70719381688465,Chile
GL,1974,22.889374866652442,Greenland [Denmark]
LO,1974,23.713617220402433,Slovakia
LT,1974,21.71917808219178,Lesotho
MK,1974,16.45026178010471,Macedonia
MZ,1974,35.4035029742234,Mozambique
SI,1974,39.884184308841846,Slovenia
TI,1974,11.176094416138088,Tajikistan
LI,1974,26.1,Liberia
CJ,1980,39.64109589041096,Cayman Islands [United Kingdom]
PO,1980,23.072564207093354,Portugal
SF,1980,14.004591066918767,South Africa
ER,1977,11.094520547945205,Eritrea
GM,1977,23.26075974680903,Germany
GR,1977,11.986274509803922,Greece
IO,1977,85.1134328358209,British Indian Ocean Territory [United Kingdom]
MT,1977,19.444444444444443,Malta
MZ,1977,31.58050089445438,Mozambique
NL,1977,20.445538645180545,Netherlands
PO,1977,37.409852498925964,Portugal
TZ,1977,29.501787842669845,Tanzania
JQ,1969,11.95068493150685,Johnston Atoll [United States]
KE,1969,14.346301369863014,Kenya
KG,1969,19.043528954527787,Kyrgyzstan
DR,1966,34.955465587044536,Dominican Republic
MD,1966,17.236861584011844,Moldova
MG,1966,5.455479452054795,Mongolia
MY,1966,80.26052471018915,Malaysia
SI,1966,44.43761412051126,Slovenia
DA,1972,15.575171553337492,Denmark
EC,1972,81.83230240549828,Ecuador
EN,1972,16.366571761356283,Estonia
FI,1972,15.0379763073847,Finland
GR,1972,19.77673692427791,Greece
LG,1972,17.34781818181818,Latvia
MK,1972,16.784153005464482,Macedonia
TO,1972,26.84691088026244,Togo
WA,1972,8.773411716171617,Namibia
CT,1960,43.76237396883593,Central African Republic
DA,1960,21.503703703703703,Denmark
FR,1960,26.876138018936636,France
UK,1960,25.92358803986711,United Kingdom
UV,1960,24.88888888888889,Burkina Faso
ER,1959,10.29041095890411,Eritrea
LE,1959,17.08065843621399,Lebanon
LU,1959,18.2640099626401,Luxembourg
PL,1959,39.184375,Poland
US,1959,24.700672979851632,United States
UY,1959,45.39269406392694,Uruguay
KR,1952,14.412568306010929,Kiribati
LG,1952,19.96919691969197,Latvia
LU,1952,27.53551912568306,Luxembourg
MX,1952,27.966943031671963,Mexico
PP,1952,104.77981651376147,Papua New Guinea
VE,1952,31.51779359430605,Venezuela
CH,1951,24.9507145367225,China
ET,1951,10.793413173652695,Ethiopia
LO,1951,20.02063273727648,Slovakia
SY,1951,4.083333333333333,Syria
WZ,1951,21.035776110790536,Swaziland
LG,1944,14.069660861594867,Latvia
AG,1943,8.388616290480863,Algeria
KZ,1943,6.95372598990042,Kazakhstan
FR,1934,21.525067512034752,France
NG,1934,29.5,Niger
SG,1934,6.035616438356165,Senegal
TU,1934,66.98581560283688,Turkey
CA,1933,24.098159344761964,Canada
GM,1933,17.966472491909386,Germany
US,1932,24.98693061025337,United States
UY,1932,26.018284106891702,Uruguay
AJ,1931,13.89041095890411,Azerbaijan
IT,1931,20.137769080234833,Italy
KS,1931,37.342465753424655,"Korea, South"
TX,1931,8.145384367963976,Turkmenistan
EZ,1926,16.63013698630137,Czech Republic
HU,1925,18.675616438356165,Hungary
KZ,1924,9.06232132647227,Kazakhstan
US,1924,22.81127993512589,United States
WZ,1917,35.234671125975474,Swaziland
GL,1903,14.794520547945206,Greenland [Denmark]
SW,1903,15.472262282472839,Sweden
GG,1902,29.887884267631105,Georgia
SF,1902,15.245254069015314,South Africa
TI,1902,3.6327769347496206,Tajikistan
KZ,1900,12.670258620689655,Kazakhstan
GM,1868,15.363247863247864,Germany
IT,1868,26.567213114754097,Italy
UK,1867,20.6510989010989,United Kingdom
AS,1865,10.662742899850523,Australia
CA,1863,22.997260273972604,Canada
EZ,1859,13.317808219178081,Czech Republic
UK,1855,16.488210818307905,United Kingdom
NL,1849,19.493150684931507,Netherlands
IT,1846,29.771689497716896,Italy
AS,1840,16.833333333333332,Australia
IT,1797,12.446575342465753,Italy
GM,1802,12.334246575342465,Germany
CV,1975,0.0,Cape Verde
GP,1975,44.3013698630137,Guadeloupe [France]
KE,1975,13.626833242802824,Kenya
NG,1975,6.143576080521019,Niger
MI,1978,38.282800608828005,Malawi
NO,1978,30.324961910439853,Norway
RQ,1978,44.87395707052699,Puerto Rico [United States]
WQ,1978,27.073972602739726,Wake Island [United States]
ZA,1978,35.35652583634365,Zambia
TN,1978,542.375,Tonga
CS,1978,848.0188679245283,Costa Rica
GL,1971,21.54817642921732,Greenland [Denmark]
MG,1971,5.101978691019787,Mongolia
PL,1971,15.123287671232877,Poland
RQ,1971,42.22980106869246,Puerto Rico [United States]
CE,1971,83.55405405405405,Sri Lanka
DO,1971,124.39673913043478,Dominica
LA,1971,0.0,Laos
NG,1965,23.024507192328183,Niger
RP,1965,57.42915333139366,Philippines
SU,1965,11.76266891891892,Sudan
SV,1965,11.956164383561644,Svalbard [Norway]
NZ,1965,26.72830188679245,New Zealand
AL,1958,44.66164383561644,Albania
IN,1958,33.71190172128075,India
MK,1958,16.389041095890413,Macedonia
SF,1958,15.968573828423546,South Africa
CO,1957,21.671232876712327,Colombia
HU,1957,13.816438356164383,Hungary
MQ,1957,27.08450704225352,Midway Islands [United States}
AO,1957,10.573221757322175,Angola
MT,1957,89.61904761904762,Malta
KN,1957,82.52873563218391,"Korea, North"
BR,1950,31.734409268352508,Brazil
GQ,1950,65.00685871056241,Guam [United States]
HO,1950,32.295890410958904,Honduras
MX,1950,22.29127667540247,Mexico
AS,1949,19.28380798951208,Australia
CU,1949,16.87123287671233,Cuba
JA,1949,42.72512038523274,Japan
LE,1949,28.912167606768733,Lebanon
RQ,1949,47.264289353031074,Puerto Rico [United States]
SA,1949,2.734246575342466,Saudi Arabia
GV,1940,95.6969696969697,Guinea
SP,1939,15.519378018612322,Spain
UZ,1939,6.9799698470816285,Uzbekistan
FR,1936,22.99966487935657,France
RI,1936,17.94808743169399,Serbia
DA,1909,17.531898238747555,Denmark
HR,1909,29.84794520547945,Croatia
SI,1909,37.71232876712329,Slovenia
CA,1908,20.652643708148535,Canada
LG,1908,15.410091743119265,Latvia
NL,1908,16.718291630716134,Netherlands
AG,1907,14.210932184168746,Algeria
LG,1907,16.26091081593928,Latvia
RQ,1907,42.099037784557616,Puerto Rico [United States]
TX,1907,6.298524404086265,Turkmenistan
UK,1907,21.05771567436209,United Kingdom
AG,1906,16.766926755600302,Algeria
SF,1906,16.4223629366879,South Africa
WZ,1906,25.394520547945206,Swaziland
EG,1905,0.6986301369863014,Egypt
GM,1905,21.287727286711995,Germany
IN,1905,28.865448934329436,India
NP,2023,0.37398373983739835,Nepal
TV,2023,82.6987951807229,Tuvalu
GL,1904,12.46311475409836,Greenland [Denmark]
PK,1904,15.868260144524736,Pakistan
