Country_Code,year,avg(Value),Country_Name
SE,2010,60.595238095238095,Seychelles
WZ,2010,70.976,Swaziland
CT,2010,79.707779886148,Central African Republic
SA,2010,129.45882352941177,Saudi Arabia
NF,2010,12.666666666666666,Norfolk Island [Australia]
AG,2012,10.087366653496641,Algeria
BH,2012,51.76086956521739,Belize
BO,2012,42.37732132808104,Belarus
CV,2012,110.17948717948718,Cape Verde
ET,2012,60.320689655172416,Ethiopia
EI,2018,33.77264381884945,Ireland
EN,2018,13.848251594457885,Estonia
KR,2018,27.68713450292398,Kiribati
MJ,2018,45.02084184715979,Montenegro
KE,2018,68.93804213135068,Kenya
UV,2018,77.30128205128206,Burkina Faso
BU,2020,15.961699164345404,Bulgaria
LE,2020,35.202666666666666,Lebanon
RE,2020,21.5014164305949,Reunion [France]
SP,2020,19.41382975445947,Spain
RW,2020,84.98039215686275,Rwanda
SA,2020,103.49397590361446,Saudi Arabia
CT,2020,93.39709443099274,Central African Republic
CO,2004,40.48947159316647,Colombia
AE,2005,1.7483660130718954,United Arab Emirates
AU,2005,32.24007386888273,Austria
BX,2005,95.63859649122807,Brunei
CD,2005,70.09265175718849,Chad
CV,2005,2.7571801566579635,Cape Verde
EU,2005,9.43939393939394,Europa Island [France]
MU,2005,4.846445098864114,Oman
WA,2005,20.256276150627617,Namibia
AF,2005,36.53061224489796,Afghanistan
BC,1983,9.339293439077144,Botswana
BY,1983,24.852054794520548,Burundi
FS,1983,56.9023746701847,French Southern and Antarctic Lands [France]
GG,1983,36.19234345939244,Georgia
KR,1983,47.48943661971831,Kiribati
MY,1983,82.01622418879056,Malaysia
NZ,1983,28.089485458612977,New Zealand
TV,1983,123.09124767225326,Tuvalu
NI,1983,0.0,Nigeria
GP,1982,30.43431221020093,Guadeloupe [France]
MZ,1982,28.209328782707622,Mozambique
SB,1982,44.63333333333333,Saint Pierre and Miquelon [France]
SA,1982,333.29411764705884,Saudi Arabia
MU,1982,2.975862068965517,Oman
LE,1982,4.512195121951219,Lebanon
MT,1993,23.690140845070424,Malta
PS,1993,92.99462778204145,Palau
MF,1993,62.984771573604064,Mayotte [France]
MC,1993,195.5,Macau S.A.R
IN,1985,29.810707118403965,India
JM,1985,19.848684210526315,Jamaica
NU,1985,42.696452036793694,Nicaragua
RP,1985,39.677990235964195,Philippines
TH,1985,42.938457825509836,Thailand
TN,1985,56.84403669724771,Tonga
CM,1985,118.06130268199233,Cameroon
AU,1996,34.54587155963303,Austria
BD,1996,46.275956284153004,Bermuda [United Kingdom]
BK,1996,29.183060109289617,Bosnia and Herzegovina
CI,1996,18.236689376734798,Chile
CY,1996,13.347,Cyprus
NO,1996,25.80308572017309,Norway
SP,1996,20.947461560777487,Spain
IV,1996,77.97450424929178,Cote D'Ivoire
AE,1996,17.704545454545453,United Arab Emirates
EK,1996,576.1111111111111,Equatorial Guinea
SF,1995,16.63648004156847,South Africa
VM,1995,41.17212588310854,Vietnam
SU,1995,29.46315789473684,Sudan
QA,1995,849.5,Qatar
AS,1979,16.543395513154508,Australia
BD,1979,31.326923076923077,Bermuda [United Kingdom]
HU,1979,16.469217970049918,Hungary
UP,1979,15.60833379493713,Ukraine
NZ,1979,33.51165803108808,New Zealand
AM,1976,16.739943405648336,Armenia
AS,1976,20.335726324744783,Australia
AU,1976,28.193703913783324,Austria
ZI,1976,24.220668595306975,Zimbabwe
IR,1976,0.0,Iran
PL,1967,19.136986301369863,Poland
CI,1967,67.9082774049217,Chile
JA,1968,44.79390560073872,Japan
KS,1968,25.04553734061931,"Korea, South"
VM,1968,60.30567477348593,Vietnam
AL,1962,49.07671232876712,Albania
BO,1962,18.75344091124822,Belarus
JA,1962,47.87221882373503,Japan
SF,1962,14.549266402413773,South Africa
TI,1962,11.672617680826637,Tajikistan
TZ,1962,28.190189092902166,Tanzania
UV,1962,26.76986301369863,Burkina Faso
FI,1961,17.025943303237,Finland
LG,1961,16.110093924622518,Latvia
WZ,1961,18.32704402515723,Swaziland
BE,1954,20.279452054794522,Belgium
RM,1954,68.4192439862543,Marshall Islands
SA,1954,2.8876712328767122,Saudi Arabia
BK,1953,25.985943775100402,Bosnia and Herzegovina
DA,1953,16.932681017612524,Denmark
EG,1953,2.5621019108280256,Egypt
EN,1953,14.953024984513732,Estonia
GP,1953,55.50684931506849,Guadeloupe [France]
JA,1953,54.46594894094543,Japan
TD,1953,43.821917808219176,Trinidad and Tobago
EN,1948,17.2294413809638,Estonia
LG,1948,17.202768166089964,Latvia
MO,1948,8.364022662889518,Morocco
NF,1948,41.901041666666664,Norfolk Island [Australia]
VQ,1948,50.52717391304348,Virgin Islands [United States]
EN,1947,12.24798200344052,Estonia
FR,1947,19.40824534942182,France
IN,1947,33.5367356713078,India
IS,1947,9.128767123287671,Israel
KE,1947,16.605479452054794,Kenya
RQ,1947,37.93044551908633,Puerto Rico [United States]
TD,1947,31.202739726027396,Trinidad and Tobago
TU,1947,71.78451178451178,Turkey
KG,1942,12.165491208900368,Kyrgyzstan
FI,1941,10.002739726027396,Finland
KS,1941,31.34246575342466,"Korea, South"
MR,1941,0.9407616361071932,Mauritania
SW,1941,13.592216397262268,Sweden
IS,1938,12.902739726027397,Israel
SZ,1938,34.6774951076321,Switzerland
AS,1937,15.452331103920034,Australia
BR,1937,26.5538814496101,Brazil
GL,1937,10.258941344778254,Greenland [Denmark]
US,1937,26.307779615562634,United States
CY,1922,16.406575342465754,Cyprus
LE,1922,17.778082191780822,Lebanon
NO,1922,27.344393777691536,Norway
CA,1916,21.059318152458573,Canada
PK,1916,24.769020501138954,Pakistan
BO,1921,15.304109589041095,Belarus
EZ,1921,9.210958904109589,Czech Republic
LT,1921,21.742465753424657,Lesotho
RS,1921,11.5079757871093,Russia
RO,1918,15.017808219178082,Romania
BE,1920,20.1775956284153,Belgium
EZ,1920,14.904371584699453,Czech Republic
HU,1920,16.38087431693989,Hungary
LT,1920,30.883636363636363,Lesotho
NL,1920,16.775,Netherlands
SI,1920,25.133879781420767,Slovenia
BE,1919,26.101369863013698,Belgium
AU,1898,21.13150684931507,Austria
UP,1898,11.106870229007633,Ukraine
KZ,1897,4.362486248624863,Kazakhstan
US,1896,27.570861393492873,United States
TS,1896,20.0,Tunisia
AU,1894,28.487671232876714,Austria
GM,1894,20.21051978149313,Germany
SW,1894,14.930175346767863,Sweden
AS,1893,19.80267228642252,Australia
FR,1893,16.76109589041096,France
GL,1893,6.9150684931506845,Greenland [Denmark]
LH,1893,19.21917808219178,Lithuania
KG,1892,11.301369863013699,Kyrgyzstan
BE,1891,18.4986301369863,Belgium
GL,1891,3.758904109589041,Greenland [Denmark]
UP,1891,13.361233480176212,Ukraine
AM,1889,10.397260273972602,Armenia
NO,1889,23.0013698630137,Norway
GM,1888,20.501616960114983,Germany
KG,1888,11.947658402203857,Kyrgyzstan
LH,1888,8.76775956284153,Lithuania
AU,1887,26.46027397260274,Austria
NO,1887,23.804109589041097,Norway
GM,1884,17.86543865126444,Germany
RS,1884,12.890006067435209,Russia
EZ,1883,13.115068493150686,Czech Republic
KZ,1882,3.7233626588465296,Kazakhstan
LH,1882,10.608219178082193,Lithuania
GG,1881,12.835616438356164,Georgia
AU,1879,26.506849315068493,Austria
BO,1878,20.473972602739725,Belarus
AS,1876,15.395564607377235,Australia
HR,1873,30.43013698630137,Croatia
US,1880,29.918432444748234,United States
NL,1871,15.833789954337899,Netherlands
CH,2011,18.527647315821092,China
CQ,2011,70.35771180304127,Northern Mariana Islands [United States]
CY,2011,16.053704429635438,Cyprus
PA,2011,99.83918406072107,Paraguay
RW,2011,59.0,Rwanda
WF,2011,84.50153374233129,Wallis and Futuna [France]
TX,2011,52.39294710327456,Turkmenistan
BL,2016,93.94217130387344,Bolivia
JA,2016,54.3429893924783,Japan
LH,2016,39.472536348949916,Lithuania
TS,2016,10.438700147710488,Tunisia
VQ,2016,30.08953373015873,Virgin Islands [United States]
SA,2016,142.75,Saudi Arabia
BM,2016,147.05454545454546,Burma
BK,2017,48.16890756302521,Bosnia and Herzegovina
NO,2017,39.99164906611642,Norway
UK,2017,26.1330971099546,United Kingdom
AO,2017,87.61428571428571,Angola
BC,2017,33.822975517890775,Botswana
LY,2017,41.2312925170068,Libya
EK,2017,100.0909090909091,Equatorial Guinea
AG,2006,8.360087743967602,Algeria
FS,2006,52.910554561717355,French Southern and Antarctic Lands [France]
IR,2006,9.332101426958218,Iran
IS,2006,10.52925045703839,Israel
TH,2006,97.38917364670584,Thailand
KE,2006,72.71942446043165,Kenya
SA,2006,107.875,Saudi Arabia
JO,2006,49.24242424242424,Jordan
AF,2006,17.333333333333332,Afghanistan
UV,2006,75.18074656188605,Burkina Faso
GR,2014,24.0210605490786,Greece
BE,2003,21.2,Belgium
CQ,2003,65.58996415770609,Northern Mariana Islands [United States]
FP,2003,45.31222056631893,French Polynesia
HR,2003,20.591069330199765,Croatia
PK,2003,10.335436382754995,Pakistan
RO,2003,13.54711137581894,Romania
AL,1984,35.90816326530612,Albania
CF,1984,120.89714285714285,Congo (Brazzaville)
ES,1984,48.2724795640327,El Salvador
FJ,1984,64.44308445532435,Fiji
SV,1984,12.556338028169014,Svalbard [Norway]
TU,1984,19.91351888667992,Turkey
UP,1984,14.871763703175867,Ukraine
EU,1984,23.316666666666666,Europa Island [France]
UV,1984,63.2233918128655,Burkina Faso
FK,1992,12.613293051359516,Falkland Islands (Islas Malvinas) [United Kingdom]
LU,1992,22.588922006954792,Luxembourg
PM,1992,70.49521857923497,Panama
SE,1992,80.27322404371584,Seychelles
TI,1992,10.923489278752436,Tajikistan
GA,1992,50.76923076923077,"Gambia, The"
ML,1992,79.30933333333333,Mali
AG,1981,3.519148936170213,Algeria
EI,1981,29.795855242808535,Ireland
JN,1981,16.876712328767123,Jan Mayen [Norway]
KG,1981,14.195303326810176,Kyrgyzstan
KS,1981,36.65370705244123,"Korea, South"
SG,1981,17.25939457202505,Senegal
ZA,1981,26.19193212742116,Zambia
GI,1981,10.441260744985673,Gibraltar [United Kingdom]
UC,1981,954.9473684210526,Curacao
AY,1988,14.522639691714836,Antarctica
EC,1988,61.92544268406338,Ecuador
LT,1988,30.907894736842106,Lesotho
MA,1988,63.08958333333333,Madagascar
NL,1988,24.801449632314135,Netherlands
NU,1988,59.08474576271186,Nicaragua
SF,1988,19.1676200660443,South Africa
UZ,1988,7.93697803897309,Uzbekistan
SL,1988,99.1,Sierra Leone
CU,1974,11.654794520547945,Cuba
IT,1974,18.120924598768546,Italy
UK,1974,26.558405609891125,United Kingdom
BR,1980,35.58866235967737,Brazil
NU,1980,66.72082527401676,Nicaragua
PS,1980,117.36612021857924,Palau
RP,1980,60.81919526214945,Philippines
DR,1980,19.956672443674176,Dominican Republic
SB,1980,353.7391304347826,Saint Pierre and Miquelon [France]
BH,1980,598.1470588235294,Belize
MJ,1977,23.392344497607656,Montenegro
RS,1977,14.717981558059096,Russia
LI,1977,65.34210526315789,Liberia
NI,1977,0.0,Nigeria
AL,1969,56.8986301369863,Albania
FI,1969,13.163775752625313,Finland
KN,1969,33.20302821748108,"Korea, North"
RS,1969,13.91020707062838,Russia
SH,1969,29.608519269776878,Saint Helena [United Kingdom]
WQ,1969,17.054794520547944,Wake Island [United States]
JQ,1966,17.38082191780822,Johnston Atoll [United States]
ZI,1966,19.43456229250393,Zimbabwe
AQ,1972,106.16362359550561,American Samoa [United States]
ER,1972,5.228454172366621,Eritrea
FG,1972,106.88524590163935,French Guiana [France]
FR,1972,22.347075743048897,France
RO,1972,20.245193280712407,Romania
RS,1972,13.561835577131163,Russia
SV,1972,22.382513661202186,Svalbard [Norway]
BR,1960,36.01824460510838,Brazil
CU,1960,18.665753424657535,Cuba
GG,1960,31.209952628432138,Georgia
GL,1960,18.270202472675148,Greenland [Denmark]
KR,1960,13.495786516853933,Kiribati
LY,1960,5.208907741251325,Libya
MI,1960,25.25903257650543,Malawi
SU,1960,8.098821218074656,Sudan
US,1960,23.07298255637592,United States
WA,1960,7.540730337078652,Namibia
CD,1960,26.90984251968504,Chad
CF,1959,56.78048780487805,Congo (Brazzaville)
SA,1959,2.637241379310345,Saudi Arabia
AU,1952,27.395285935085006,Austria
GV,1952,61.393101092896174,Guinea
LY,1952,6.32117620241623,Libya
GQ,1951,58.08093278463649,Guam [United States]
UG,1951,39.264657534246574,Uganda
VE,1951,35.427991886409735,Venezuela
BE,1944,20.475409836065573,Belgium
LT,1944,18.069216757741348,Lesotho
SZ,1944,40.704137392661984,Switzerland
LH,1943,17.04525758305248,Lithuania
NL,1943,17.750152207001523,Netherlands
TH,1943,67.04555808656036,Thailand
WZ,1943,29.36622073578595,Swaziland
BO,1934,14.341409691629956,Belarus
JN,1934,15.027397260273972,Jan Mayen [Norway]
KS,1934,38.794520547945204,"Korea, South"
SI,1934,48.9013698630137,Slovenia
US,1934,21.79364389965351,United States
VQ,1934,33.74033149171271,Virgin Islands [United States]
CY,1933,9.343835616438357,Cyprus
HR,1933,31.65205479452055,Croatia
UZ,1933,7.952519379844961,Uzbekistan
RQ,1932,51.841683638832315,Puerto Rico [United States]
SP,1932,21.10441411097323,Spain
SG,1932,8.259701492537314,Senegal
LE,1931,17.614121510673236,Lebanon
PK,1931,18.394327538883807,Pakistan
FI,1926,12.561643835616438,Finland
LE,1926,23.638356164383563,Lebanon
EI,1925,23.866666666666667,Ireland
LH,1925,20.806340454858717,Lithuania
NL,1925,22.537534246575344,Netherlands
CY,1923,17.188356164383563,Cyprus
HR,1923,34.48858447488585,Croatia
BC,1917,12.689119170984457,Botswana
IT,1917,22.774559686888455,Italy
UK,1917,20.36931473620376,United Kingdom
HR,1903,23.650104968509446,Croatia
SZ,1903,34.935420743639924,Switzerland
EI,1902,21.337899543378995,Ireland
BK,1901,29.15890410958904,Bosnia and Herzegovina
LT,1900,15.153424657534247,Lesotho
RQ,1900,49.67214428857715,Puerto Rico [United States]
SF,1900,13.227095444845096,South Africa
AS,1867,24.46150178784267,Australia
NL,1863,17.745205479452054,Netherlands
EZ,1861,11.471232876712328,Czech Republic
SF,1862,21.95068493150685,South Africa
SG,1860,0.0,Senegal
US,1859,26.188913202042304,United States
SF,1858,16.895890410958906,South Africa
EZ,1855,12.197260273972603,Czech Republic
US,1854,20.625896246309573,United States
UK,1851,16.9739010989011,United Kingdom
CA,1850,24.775342465753425,Canada
UK,1845,19.554794520547944,United Kingdom
IT,1841,19.598173515981735,Italy
GM,1834,22.910064239828692,Germany
GM,1810,15.823691460055096,Germany
GM,1782,13.712328767123287,Germany
GM,1790,15.501369863013698,Germany
GM,1791,17.4756446991404,Germany
BG,2009,60.29417879417879,Bangladesh
EN,2009,21.258977568113988,Estonia
FM,2009,96.01059322033899,Federated States of Micronesia
NS,2009,50.14641744548287,Suriname
SG,2009,88.99465811965813,Senegal
AY,2007,48.83496441281139,Antarctica
CO,2007,65.77563739376771,Colombia
DA,2007,22.179759575062903,Denmark
EZ,2007,20.38521498617048,Czech Republic
IT,2007,18.9355824395111,Italy
UZ,2007,62.02547770700637,Uzbekistan
CM,2007,123.91275167785236,Cameroon
SL,2007,376.8888888888889,Sierra Leone
GQ,2013,84.9980694980695,Guam [United States]
JU,2013,84.64615384615385,Juan De Nova Island [France]
BF,2013,39.012,"Bahamas, The"
KU,2013,115.9245283018868,Kuwait
GI,2021,18.21921921921922,Gibraltar [United Kingdom]
MJ,2021,47.7738572574178,Montenegro
RW,2021,88.45086705202313,Rwanda
WI,2021,12.121212121212121,Western Sahara
LY,2021,37.23841059602649,Libya
MI,2021,47.98039215686274,Malawi
CA,2002,21.10969468877138,Canada
KG,2002,9.845483359746435,Kyrgyzstan
RE,2002,45.30827067669173,Reunion [France]
ET,2002,27.904761904761905,Ethiopia
GA,2002,69.3157894736842,"Gambia, The"
BE,2002,62.266666666666666,Belgium
ID,2002,18.754841997961265,Indonesia
BR,2001,74.06951135581555,Brazil
FK,2001,14.929054054054054,Falkland Islands (Islas Malvinas) [United Kingdom]
LG,2001,43.90506329113924,Latvia
TZ,2001,54.27388535031847,Tanzania
ZI,2001,81.79205607476635,Zimbabwe
SB,2001,0.0,Saint Pierre and Miquelon [France]
BL,1998,51.14224137931034,Bolivia
BN,1998,40.25304465493911,Benin
CI,1998,14.16362763915547,Chile
GM,1998,25.01705452589199,Germany
UC,1998,23.947852760736197,Curacao
GT,1991,31.449035812672175,Guatemala
PO,1991,25.52670429874077,Portugal
TN,1991,47.52238805970149,Tonga
WQ,1991,18.14246575342466,Wake Island [United States]
MI,1991,51.66326530612245,Malawi
GA,1991,53.17213114754098,"Gambia, The"
CD,1991,82.63636363636364,Chad
LA,1991,42.1,Laos
MX,2008,26.824663670232965,Mexico
CO,2008,71.77906976744185,Colombia
AR,1994,32.066725005469266,Argentina
BD,1994,45.04657534246575,Bermuda [United Kingdom]
CY,1994,22.233532934131738,Cyprus
RM,1994,76.94470625196355,Marshall Islands
BF,1994,56.27208480565371,"Bahamas, The"
SU,1994,60.56555269922879,Sudan
TL,1994,172.5,Tokelau [New Zealand]
MC,2022,56.96022727272727,Macau S.A.R
MV,2022,9.463190184049079,Maldives
SE,2022,58.84593837535014,Seychelles
UP,2022,33.74518860662048,Ukraine
KG,2022,166.1963746223565,Kyrgyzstan
PP,2022,46.26943005181347,Papua New Guinea
BO,1987,17.02579956157608,Belarus
IN,1987,28.35651546143665,India
BH,1987,93.03088803088804,Belize
GB,1987,106.52052672347018,Gabon
UV,1987,71.40301974448316,Burkina Faso
GG,1975,33.35819264287152,Georgia
GL,1975,30.359339665309815,Greenland [Denmark]
IS,1975,11.373364485981309,Israel
PE,1975,50.785714285714285,Peru
UP,1975,12.828497441657307,Ukraine
DR,1975,3414.0,Dominican Republic
FR,2015,17.810114777618363,France
FS,2015,39.10339943342776,French Southern and Antarctic Lands [France]
GM,2015,19.040793927982595,Germany
MO,2015,16.24300559552358,Morocco
SI,2015,30.784765036306343,Slovenia
TI,2015,70.10885341074021,Tajikistan
PP,2015,77.48581560283688,Papua New Guinea
UZ,2015,56.88972431077694,Uzbekistan
CM,2015,94.04597701149426,Cameroon
QA,2015,100.25,Qatar
FP,1978,1.3255705635770842,French Polynesia
MA,1978,37.481898330519606,Madagascar
NS,1978,141.0909090909091,Suriname
EN,2019,18.543192282394212,Estonia
IR,2019,10.897367670816307,Iran
RQ,2019,42.71258145890267,Puerto Rico [United States]
ZI,2019,33.15625,Zimbabwe
CI,2000,49.835809806835066,Chile
GB,2000,101.60071620411817,Gabon
IV,2000,75.33022636484687,Cote D'Ivoire
SW,2000,22.916523254706963,Sweden
AG,1971,5.465703971119134,Algeria
BY,1971,27.184931506849313,Burundi
EN,1971,15.761209195986282,Estonia
EZ,1971,12.205479452054794,Czech Republic
GG,1971,33.24349016456864,Georgia
SZ,1971,30.65650684931507,Switzerland
CQ,1999,55.419285714285714,Northern Mariana Islands [United States]
DA,1999,24.579752953813106,Denmark
LU,1999,25.137096774193548,Luxembourg
PO,1999,25.63146314631463,Portugal
SY,1999,6.005128205128205,Syria
UZ,1999,8.285605289928789,Uzbekistan
MJ,1999,37.440140845070424,Montenegro
GY,1999,84.47008547008546,Guyana
CW,1999,32.0625,Cook Islands [New Zealand]
PE,1990,22.16961965509095,Peru
DR,1990,95.26923076923077,Dominican Republic
ID,1990,21.562717770034844,Indonesia
EI,1965,30.52314606741573,Ireland
HR,1965,32.534878819810324,Croatia
KR,1965,39.29041095890411,Kiribati
MP,1965,47.197808219178086,Mauritius
MY,1965,97.80094100615273,Malaysia
PM,1965,74.77464788732394,Panama
SG,1965,12.247488584474885,Senegal
UZ,1965,7.41562633213568,Uzbekistan
CH,1958,19.808638455869062,China
GR,1958,19.519507186858316,Greece
RM,1958,57.83306144643828,Marshall Islands
UG,1958,32.88082191780822,Uganda
IN,1989,27.204138735062664,India
TZ,1989,29.773307163886162,Tanzania
BR,1957,35.72758228291317,Brazil
GM,1957,22.457522913148257,Germany
KE,1957,21.803424657534247,Kenya
GG,1986,28.2977165864234,Georgia
HR,1986,27.76691253951528,Croatia
WQ,1986,26.50958904109589,Wake Island [United States]
ZA,1986,29.97419653893696,Zambia
BN,1986,72.14880201765448,Benin
IV,1950,40.12148892441196,Cote D'Ivoire
PS,1950,103.97222222222223,Palau
CQ,1997,57.571010248901906,Northern Mariana Islands [United States]
MT,1997,25.85674157303371,Malta
TI,1997,15.87948717948718,Tajikistan
UP,1997,26.98572593800979,Ukraine
GV,1997,1.225974025974026,Guinea
MD,1997,70.44067796610169,Moldova
ML,1997,54.93244873341375,Mali
DA,1949,17.569471624266146,Denmark
HR,1949,20.76,Croatia
IZ,1949,0.0,Iraq
CI,1973,76.55087611435597,Chile
CT,1973,36.03184059161873,Central African Republic
FR,1973,19.30442158837875,France
RO,1973,15.32936067063933,Romania
CG,1973,29.26086956521739,Congo (Kinshasa)
EG,1940,0.7611267605633802,Egypt
RO,1940,19.26775956284153,Romania
SY,1940,14.487090020935101,Syria
EN,1939,10.964660691421255,Estonia
KG,1939,9.044301730706433,Kyrgyzstan
PO,1939,51.84931506849315,Portugal
AG,1970,5.668323863636363,Algeria
PO,1970,29.044618395303328,Portugal
UY,1970,32.50597156398104,Uruguay
JN,1936,15.431693989071038,Jan Mayen [Norway]
LG,1936,16.410420475319928,Latvia
TI,1935,8.611670020120725,Tajikistan
AC,1964,23.202185792349727,Antigua and Barbuda
AS,1964,19.265739062088706,Australia
BD,1964,35.677154582763336,Bermuda [United Kingdom]
GP,1964,52.677595628415304,Guadeloupe [France]
AG,1963,6.495145631067961,Algeria
CA,1963,22.4320187314584,Canada
NO,1963,29.10912554812891,Norway
PS,1963,82.89733542319749,Palau
RS,1963,13.040249439162483,Russia
SZ,1963,37.566095890410956,Switzerland
AJ,1908,16.904667328699105,Azerbaijan
AU,1908,22.90072859744991,Austria
SW,1908,12.933210784313726,Sweden
UK,1908,17.390673575129533,United Kingdom
MC,1956,58.21465968586387,Macau S.A.R
BY,1955,22.28219178082192,Burundi
GR,1955,19.625257378174332,Greece
JN,1955,18.38082191780822,Jan Mayen [Norway]
SV,1955,8.734246575342466,Svalbard [Norway]
SI,1906,37.45205479452055,Slovenia
AU,1905,31.22283105022831,Austria
HO,2023,12.432558139534883,Honduras
IT,2023,17.388121546961326,Italy
TS,2023,4.854984894259819,Tunisia
UZ,2023,63.24175824175824,Uzbekistan
LY,2023,53.745098039215684,Libya
KN,2023,27.56756756756757,"Korea, North"
NG,2023,9.333333333333334,Niger
BE,1904,17.549180327868854,Belgium
KG,1904,11.418032786885245,Kyrgyzstan
AS,1946,16.80992250482853,Australia
EI,1946,30.32254995242626,Ireland
FM,1946,74.55555555555556,Federated States of Micronesia
BN,1945,29.018038331454342,Benin
EI,1945,26.931903485254693,Ireland
MI,1945,30.345047923322685,Malawi
MO,1945,6.897777777777778,Morocco
TO,1945,26.131725417439704,Togo
JA,1945,45.05714285714286,Japan
FR,1930,27.72667876588022,France
IT,1930,23.235225048923677,Italy
SY,1930,9.245283018867925,Syria
UZ,1930,7.204577968526467,Uzbekistan
WZ,1929,23.72643789270179,Swaziland
AG,1928,15.175257731958762,Algeria
AG,1927,12.464316057774,Algeria
AU,1927,29.092237442922375,Austria
LY,1927,5.272954924874791,Libya
AJ,1915,12.953296703296703,Azerbaijan
MD,1915,19.742465753424657,Moldova
RS,1915,14.242290748898679,Russia
KZ,1914,10.577003776751994,Kazakhstan
SP,1914,17.0,Spain
TI,1914,3.2146974063400577,Tajikistan
BR,1913,27.38012407114007,Brazil
CA,1913,20.249363499153873,Canada
BC,1912,10.65,Botswana
LG,1912,21.258715596330276,Latvia
MD,1912,23.30054644808743,Moldova
KG,1910,12.763020833333334,Kyrgyzstan
SI,1910,44.21369863013699,Slovenia
NG,1910,120.83333333333333,Niger
