Country_Code,year,avg(Value),Country_Name
BO,2011,28.944399350649352,Belarus
RO,2011,12.571530673019655,Romania
BP,2016,99.33888888888889,Solomon Islands
CA,2016,24.870918717621198,Canada
NH,2016,71.30178069353327,Vanuatu
SY,2016,84.64893617021276,Syria
VM,2016,66.47944181410416,Vietnam
WF,2016,74.2703448275862,Wallis and Futuna [France]
TV,2016,76.71473354231975,Tuvalu
EU,2016,63.43396226415094,Europa Island [France]
CB,2016,100.5,Cambodia
MT,2017,11.541436464088397,Malta
NI,2017,85.0875,Nigeria
AY,2006,46.24245283018868,Antarctica
BR,2006,84.2234290147401,Brazil
SV,2006,10.120689655172415,Svalbard [Norway]
PA,2006,110.0865998176846,Paraguay
SY,2006,49.831460674157306,Syria
SB,2006,102.0,Saint Pierre and Miquelon [France]
AS,2014,18.60504179142325,Australia
FS,2014,41.2722371967655,French Southern and Antarctic Lands [France]
GM,2014,20.240565026790062,Germany
GY,2014,59.254208754208754,Guyana
US,2014,28.05226234738999,United States
BR,2003,21.683551847437425,Brazil
KG,2003,3.310943396226415,Kyrgyzstan
MG,2003,4.619425935417734,Mongolia
MX,2003,24.689762409350216,Mexico
RM,2003,66.27546549835706,Marshall Islands
RQ,2003,52.84168138834043,Puerto Rico [United States]
WZ,2003,32.43689320388349,Swaziland
EZ,1984,18.119329012581016,Czech Republic
IV,1984,86.55801959773079,Cote D'Ivoire
TS,1984,9.496022727272727,Tunisia
US,1984,24.90249114182417,United States
EN,1992,17.511188811188813,Estonia
KZ,1992,9.55840586349061,Kazakhstan
PA,1992,45.616279069767444,Paraguay
PS,1992,87.94895591647332,Palau
SI,1992,38.592635212888375,Slovenia
ZA,1992,101.76712328767124,Zambia
GB,1981,46.489533011272144,Gabon
MR,1981,3.3924990716672854,Mauritania
PL,1981,20.55242619613166,Poland
TL,1981,21.508982035928145,Tokelau [New Zealand]
WA,1981,3.8276019847887093,Namibia
NH,1981,2.275453277545328,Vanuatu
AG,1988,8.93742125157497,Algeria
JM,1988,21.678983833718245,Jamaica
UC,1988,36.28059701492537,Curacao
CW,1988,59.38205980066445,Cook Islands [New Zealand]
JO,1988,0.1417004048582996,Jordan
AQ,1974,82.22214435879468,American Samoa [United States]
AR,1974,18.901574101574102,Argentina
VE,1974,35.26728151465437,Venezuela
FJ,1974,361.7181818181818,Fiji
CK,1974,0.0,Cocos (Keeling) Islands [Australia]
FI,1980,15.34992547741034,Finland
IN,1980,59.72885373060822,India
MI,1980,31.166211293260474,Malawi
NL,1980,20.631327047288472,Netherlands
PE,1980,21.116072458751585,Peru
PK,1980,9.752527472527472,Pakistan
RO,1980,19.255958549222797,Romania
RW,1980,30.0,Rwanda
CG,1977,22.125954198473284,Congo (Kinshasa)
FG,1977,89.15567282321899,French Guiana [France]
ID,1977,1.8589531680440772,Indonesia
NH,1977,2.884990253411306,Vanuatu
AE,1977,0.0,United Arab Emirates
BP,1977,0.0,Solomon Islands
LY,1977,3.3333333333333335,Libya
SB,1977,75.8125,Saint Pierre and Miquelon [France]
BF,1969,30.373303167420815,"Bahamas, The"
EZ,1969,10.827397260273973,Czech Republic
FR,1969,22.763232536897263,France
LA,1969,50.4238310708899,Laos
MO,1969,32.33701657458563,Morocco
SW,1969,14.85625603057678,Sweden
UK,1969,23.457463884430176,United Kingdom
UY,1969,23.610081861266696,Uruguay
TU,1969,85.17146776406035,Turkey
AC,1966,15.716049382716049,Antigua and Barbuda
FM,1966,84.01116312567518,Federated States of Micronesia
MO,1966,8.871602082128398,Morocco
NG,1966,18.863502729945402,Niger
ES,1966,92.65693430656934,El Salvador
AY,1972,3.2564102564102564,Antarctica
BY,1972,29.102710413694723,Burundi
PM,1960,54.169398907103826,Panama
AU,1959,30.714408973252805,Austria
BC,1959,9.818501529051987,Botswana
IN,1959,35.58672992411231,India
KZ,1959,8.76170802756148,Kazakhstan
RP,1959,60.28949858088931,Philippines
WQ,1959,17.32054794520548,Wake Island [United States]
JA,1952,49.85709460093456,Japan
WA,1952,6.222677595628415,Namibia
WZ,1952,20.023333333333333,Swaziland
VM,1952,63.18181818181818,Vietnam
PA,1951,43.81369863013698,Paraguay
IS,1944,20.38866120218579,Israel
NG,1944,8.6016713091922,Niger
EN,1943,16.56342991386061,Estonia
SG,1943,21.90972222222222,Senegal
UG,1943,26.525479452054796,Uganda
AM,1934,9.045662100456621,Armenia
EI,1934,25.629223744292236,Ireland
EG,1933,0.9846994535519126,Egypt
WZ,1933,19.72185061315496,Swaziland
AJ,1932,16.36736554238833,Azerbaijan
LE,1932,9.2144,Lebanon
WA,1931,10.29771689497717,Namibia
KS,1926,36.84931506849315,"Korea, South"
WZ,1926,19.73013698630137,Swaziland
MO,1925,12.385714285714286,Morocco
AS,1924,18.162388699055494,Australia
AU,1924,26.16985428051002,Austria
FR,1924,20.857047249364207,France
GM,1924,20.220918923698093,Germany
JN,1924,11.142076502732241,Jan Mayen [Norway]
LG,1924,9.00396432111001,Latvia
NL,1923,21.55301369863014,Netherlands
SF,1923,15.231746068787945,South Africa
SW,1923,16.21152848189693,Sweden
BE,1917,23.04931506849315,Belgium
HR,1917,30.01027397260274,Croatia
AG,1903,10.344052170002248,Algeria
BE,1903,22.586301369863012,Belgium
EG,1903,1.0721461187214611,Egypt
AJ,1902,18.652468538238143,Azerbaijan
AS,1902,10.23762024271184,Australia
CA,1902,23.766062841233683,Canada
GG,1901,33.075630252100844,Georgia
KZ,1901,12.515230071289695,Kazakhstan
LH,1901,17.972602739726028,Lithuania
TS,1901,6.2565622353937345,Tunisia
EN,1899,12.483823529411765,Estonia
EN,1866,17.54794520547945,Estonia
EZ,1866,12.69041095890411,Czech Republic
HR,1859,17.389041095890413,Croatia
AG,1856,34.45161290322581,Algeria
EZ,1853,13.246575342465754,Czech Republic
US,1853,18.00174621653085,United States
SW,1852,15.109289617486338,Sweden
AS,1851,21.545205479452054,Australia
SW,1851,18.673972602739727,Sweden
CA,1845,25.02173913043478,Canada
US,1847,26.325068870523417,United States
US,1848,28.471774193548388,United States
IT,1844,22.805100182149364,Italy
SW,1840,15.721311475409836,Sweden
EZ,1822,11.046575342465754,Czech Republic
GM,1815,86.9625,Germany
EZ,1808,12.010928961748634,Czech Republic
MO,2010,36.10739191073919,Morocco
NP,2010,41.532467532467535,Nepal
ES,2010,137.29007633587787,El Salvador
SG,2010,103.35190918472652,Senegal
BX,2012,101.12949640287769,Brunei
FS,2012,53.39574468085107,French Southern and Antarctic Lands [France]
PK,2012,10.695752009184845,Pakistan
TU,2012,20.31049004594181,Turkey
KR,2012,33.78169014084507,Kiribati
CB,2012,42.5,Cambodia
AU,2018,33.523396880415945,Austria
CJ,2018,20.392156862745097,Cayman Islands [United Kingdom]
MP,2018,56.99141876430206,Mauritius
MZ,2018,77.56721782890007,Mozambique
SF,2018,39.98992692079795,South Africa
WF,2018,99.59438775510205,Wallis and Futuna [France]
CI,2020,15.863998749413788,Chile
DR,2020,49.030581039755354,Dominican Republic
UY,2020,28.01843467011643,Uruguay
CY,2004,15.550319096710849,Cyprus
IN,2004,26.845321421993,India
LO,2004,20.076042143838755,Slovakia
MO,2004,8.234025343758425,Morocco
SF,2004,22.844647143542968,South Africa
WZ,2004,59.75555555555555,Swaziland
AS,2005,17.42244700889448,Australia
GR,2005,28.04709748083242,Greece
GP,1983,22.425688073394497,Guadeloupe [France]
GQ,1983,43.53749191984486,Guam [United States]
NU,1983,43.62623762376238,Nicaragua
PP,1983,64.62522851919562,Papua New Guinea
TU,1983,23.295481927710842,Turkey
WA,1983,6.74427024371489,Namibia
ZA,1983,25.926420366345855,Zambia
CJ,1982,30.734246575342464,Cayman Islands [United Kingdom]
MG,1982,4.268402482053778,Mongolia
PU,1982,71.0,Guinea-Bissau
BH,1993,71.70042194092827,Belize
BM,1993,55.35353535353536,Burma
CW,1993,48.75692307692308,Cook Islands [New Zealand]
PE,1993,18.963143631436314,Peru
SY,1993,6.741095890410959,Syria
ER,1985,10.878923766816143,Eritrea
EU,1985,30.84027777777778,Europa Island [France]
FI,1985,16.13897888286038,Finland
FP,1985,62.212602212602214,French Polynesia
LI,1985,3.820689655172414,Liberia
MV,1985,45.244,Maldives
ML,1985,98.96385542168674,Mali
PU,1985,51.0,Guinea-Bissau
BP,1996,76.08660624370594,Solomon Islands
LY,1996,3.962350457424349,Libya
MG,1996,1.2768342951360263,Mongolia
US,1996,27.44767081337887,United States
HO,1996,56.22400756143667,Honduras
BN,1996,78.69685039370079,Benin
CO,1995,48.20267465990316,Colombia
CW,1995,50.051987767584095,Cook Islands [New Zealand]
JQ,1995,12.123287671232877,Johnston Atoll [United States]
TS,1995,12.207903780068728,Tunisia
VE,1995,35.94565345716422,Venezuela
ET,1995,52.61360347322721,Ethiopia
CK,1995,3.1,Cocos (Keeling) Islands [Australia]
SB,1995,19.8,Saint Pierre and Miquelon [France]
CM,1979,46.80884265279584,Cameroon
EG,1979,2.4294330518697227,Egypt
IO,1979,55.28700906344411,British Indian Ocean Territory [United Kingdom]
RO,1979,18.923011684885036,Romania
SE,1979,54.054794520547944,Seychelles
UY,1979,23.404140928849234,Uruguay
RE,1979,65.57317073170732,Reunion [France]
MD,1976,18.016167870657036,Moldova
SY,1976,20.46448087431694,Syria
TZ,1976,23.69455252918288,Tanzania
BB,1976,91.85714285714286,Barbados
BO,1967,18.45446271118949,Belarus
CH,1967,19.672124167296204,China
GL,1967,25.705012325390303,Greenland [Denmark]
GQ,1967,82.95504840940525,Guam [United States]
IS,1967,13.934246575342465,Israel
SF,1967,18.404008339797336,South Africa
BO,1968,16.58754352914312,Belarus
CD,1968,18.246994535519125,Chad
MP,1968,42.479234972677595,Mauritius
MQ,1968,38.55677154582764,Midway Islands [United States}
SG,1968,7.755697356426618,Senegal
TI,1968,14.548870932034536,Tajikistan
US,1968,23.68812881733761,United States
ZI,1968,14.718711494455201,Zimbabwe
RQ,1962,41.61870355785364,Puerto Rico [United States]
TO,1962,39.502990430622006,Togo
TX,1962,4.334398125964968,Turkmenistan
CB,1962,37.57142857142857,Cambodia
AS,1961,17.503658268781138,Australia
BE,1961,24.75068493150685,Belgium
MR,1961,4.051058530510585,Mauritania
VE,1961,27.64155370177268,Venezuela
ZI,1961,22.729444009397024,Zimbabwe
MT,1961,45.98,Malta
FI,1954,26.74877878576413,Finland
JQ,1954,20.272047832585947,Johnston Atoll [United States]
LG,1954,17.757337883959046,Latvia
MQ,1954,17.692307692307693,Midway Islands [United States}
PP,1954,120.95608108108108,Papua New Guinea
MY,1954,92.67142857142858,Malaysia
ET,1953,25.576169405815424,Ethiopia
KS,1953,36.302633040773244,"Korea, South"
UK,1953,17.11588785046729,United Kingdom
EI,1947,30.817204301075268,Ireland
KZ,1947,9.418465902694914,Kazakhstan
MO,1947,16.713884992987378,Morocco
MX,1947,22.841267128165683,Mexico
SY,1947,3.3333333333333335,Syria
TS,1947,7.535234899328859,Tunisia
US,1947,24.77717744174734,United States
BD,1947,39.760655737704916,Bermuda [United Kingdom]
HU,1942,15.443835616438356,Hungary
UY,1941,29.273972602739725,Uruguay
EN,1937,15.86560421633831,Estonia
NL,1937,21.378395303326812,Netherlands
TI,1937,9.271257172665623,Tajikistan
NG,2008,61.024570024570025,Niger
RW,2008,204.32142857142858,Rwanda
KZ,1916,8.406127538297115,Kazakhstan
TS,1916,7.729805013927576,Tunisia
UK,1916,23.876286537669824,United Kingdom
NL,1918,20.994657534246574,Netherlands
EG,1920,2.1645796064400717,Egypt
US,2022,26.18479056762403,United States
UY,2022,33.1023048928427,Uruguay
ZA,2022,59.86666666666667,Zambia
CQ,2015,62.906066536203525,Northern Mariana Islands [United States]
LG,2015,33.28659476117103,Latvia
SV,2015,13.06786703601108,Svalbard [Norway]
ID,2019,147.4437751004016,Indonesia
LE,2019,54.375,Lebanon
UK,2019,28.830174505951693,United Kingdom
GH,2019,72.37514060742407,Ghana
BE,1898,14.69041095890411,Belgium
AJ,1896,6.441256830601093,Azerbaijan
EI,1896,24.70985401459854,Ireland
RS,1896,13.788836793927215,Russia
SF,1896,14.334171566866456,South Africa
BE,1893,16.065753424657533,Belgium
AS,1892,17.570814351815432,Australia
AU,1891,26.873972602739727,Austria
RO,1891,14.424657534246576,Romania
EZ,1888,14.98360655737705,Czech Republic
KZ,1887,3.160730593607306,Kazakhstan
LT,1887,21.30958904109589,Lesotho
AG,1886,16.776850605652758,Algeria
AG,1885,13.067003083823941,Algeria
EN,1885,17.07945205479452,Estonia
RS,1885,12.480385693093787,Russia
NO,1884,22.618169398907103,Norway
UP,1883,10.166111573688593,Ukraine
UK,1882,23.9324200913242,United Kingdom
SW,1879,13.453112957095144,Sweden
DA,1877,19.45205479452055,Denmark
BO,1876,18.313432835820894,Belarus
EI,1874,20.03835616438356,Ireland
JQ,2000,12.20983606557377,Johnston Atoll [United States]
PL,2000,44.02102376599635,Poland
PS,2000,114.42931483087598,Palau
RE,2000,49.527638190954775,Reunion [France]
SG,2000,71.76655052264809,Senegal
GA,2000,98.88888888888889,"Gambia, The"
AL,1999,50.342465753424655,Albania
NL,1999,24.53339477436176,Netherlands
IR,1999,11.225304465493911,Iran
TV,1999,32.214285714285715,Tuvalu
TD,1999,23.428571428571427,Trinidad and Tobago
BO,1990,19.95570776255708,Belarus
IS,1990,7.148313693620479,Israel
KE,1990,25.384155455904335,Kenya
MB,1990,7.460431654676259,Martinique [France]
TS,1990,14.79581447963801,Tunisia
LI,1990,13.787878787878787,Liberia
CQ,1989,63.843835616438355,Northern Mariana Islands [United States]
EZ,1989,16.56262904335857,Czech Republic
RI,1989,15.61187214611872,Serbia
VQ,1989,27.58461093433613,Virgin Islands [United States]
CH,1986,18.284421704941938,China
DR,1986,61.63265306122449,Dominican Republic
FG,1986,83.86043689320388,French Guiana [France]
FI,1986,16.95340101422485,Finland
SE,1986,45.50684931506849,Seychelles
SL,1986,0.0,Sierra Leone
SB,1986,445.0,Saint Pierre and Miquelon [France]
AM,1997,10.260631001371742,Armenia
CW,1997,27.684375,Cook Islands [New Zealand]
ID,1997,19.6689054274823,Indonesia
MA,1997,73.01371951219512,Madagascar
SY,1997,7.393348115299335,Syria
TE,1997,61.88857142857143,Tromelin Island [France]
US,1997,25.368461795837874,United States
NG,1997,25.57610474631751,Niger
JQ,1973,17.53972602739726,Johnston Atoll [United States]
PS,1973,104.40369088811995,Palau
GA,1973,57.0,"Gambia, The"
CK,1973,0.0,Cocos (Keeling) Islands [Australia]
TN,1973,241.33333333333334,Tonga
MD,1970,18.333168724279837,Moldova
NC,1970,274.2739726027397,New Caledonia [France]
NO,1970,28.242572800353194,Norway
RP,1970,69.08608815426997,Philippines
BE,1964,21.4672131147541,Belgium
IT,1964,22.578326414682106,Italy
NC,1964,264.20765027322403,New Caledonia [France]
WZ,1964,18.277155655095186,Swaziland
AO,1963,24.824074074074073,Angola
CQ,1963,60.82014388489208,Northern Mariana Islands [United States]
LO,1963,19.935504885993485,Slovakia
MG,1963,5.178082191780822,Mongolia
SW,1963,16.00021023342093,Sweden
US,1963,20.10963993943762,United States
UY,1963,39.10879848628193,Uruguay
ML,1963,50.25,Mali
DA,1956,15.666146036704413,Denmark
SA,1956,0.9207650273224044,Saudi Arabia
SI,1956,47.10382513661202,Slovenia
SW,1956,14.432996279653294,Sweden
HR,1955,35.17036114570361,Croatia
LQ,1955,104.99447513812154,Palmyra Atoll [United States]
WZ,1955,29.02191780821918,Swaziland
JO,1955,19.8,Jordan
GG,1946,30.458096441356076,Georgia
KE,1946,13.578082191780823,Kenya
NO,1946,31.363967671558907,Norway
EZ,1945,15.473972602739726,Czech Republic
NC,1945,49.4,New Caledonia [France]
AS,2009,20.009263538903774,Australia
CA,2009,22.21124211054932,Canada
CY,2009,19.305732484076433,Cyprus
GM,2009,21.83789345545186,Germany
PK,2009,9.4755859375,Pakistan
JU,2009,18.01010101010101,Juan De Nova Island [France]
BR,1930,20.22216555661275,Brazil
CY,1930,18.872602739726027,Cyprus
LH,1929,14.615717375630858,Lithuania
LY,1928,9.157056145675266,Libya
PK,1928,18.679414542020773,Pakistan
AQ,2007,128.07534246575344,American Samoa [United States]
AR,2007,65.26871598764524,Argentina
CI,2007,36.02108289410637,Chile
SA,2007,115.71111111111111,Saudi Arabia
SI,2007,33.24253785147801,Slovenia
MJ,2007,153.71938775510205,Montenegro
VE,2007,59.93253536452666,Venezuela
ML,2007,80.90016103059581,Mali
PU,2007,854.5,Guinea-Bissau
FI,1915,10.238356164383562,Finland
GG,1915,20.96923076923077,Georgia
HU,1915,24.034520547945206,Hungary
IT,1915,25.56934579439252,Italy
NL,1915,22.711369863013697,Netherlands
LE,1913,19.6,Lebanon
UK,1913,20.05274949083503,United Kingdom
BO,1912,20.767648693718733,Belarus
EI,1912,22.124428179322965,Ireland
SI,1912,37.84153005464481,Slovenia
FR,1911,21.644444444444446,France
HR,1911,24.37876712328767,Croatia
NO,1911,28.362449299082048,Norway
UP,1910,13.284617025816088,Ukraine
HR,2013,36.24716242661448,Croatia
IT,2013,21.130607287449394,Italy
JM,2013,21.11881188118812,Jamaica
LY,2013,41.40469208211144,Libya
NL,2013,21.928095070560182,Netherlands
UP,2013,35.231514533401324,Ukraine
NF,2013,28.138461538461538,Norfolk Island [Australia]
BE,2021,28.778393351800553,Belgium
RI,2021,20.28021978021978,Serbia
RP,2021,103.30922844175491,Philippines
VQ,2021,23.8049191848208,Virgin Islands [United States]
NI,2021,148.6474820143885,Nigeria
TU,2002,35.452310717797445,Turkey
FK,2002,18.451104100946374,Falkland Islands (Islas Malvinas) [United Kingdom]
GY,2002,74.04268292682927,Guyana
TX,2002,12.402771141901576,Turkmenistan
CD,2002,50.583333333333336,Chad
NI,2002,73.21739130434783,Nigeria
CA,2001,20.38628396969583,Canada
JQ,2001,13.161643835616438,Johnston Atoll [United States]
MK,2001,19.987893462469735,Macedonia
NC,2001,153.99795081967213,New Caledonia [France]
RI,2001,23.44566210045662,Serbia
SU,2001,183.9918367346939,Sudan
MO,2001,42.18122977346278,Morocco
BK,1998,24.638356164383563,Bosnia and Herzegovina
JU,1998,25.072886297376094,Juan De Nova Island [France]
NL,1998,30.15147344943767,Netherlands
RO,1998,17.335654330408243,Romania
WI,1998,11.977142857142857,Western Sahara
QA,1998,2.549645390070922,Qatar
BC,1991,14.190554640307523,Botswana
BO,1991,15.154595534937663,Belarus
MK,1991,18.686075949367087,Macedonia
TS,1991,9.468949506674406,Tunisia
JO,1991,10.512867647058824,Jordan
BP,1994,56.37620889748549,Solomon Islands
CF,1994,98.56874466268147,Congo (Brazzaville)
FM,1994,100.16794326241134,Federated States of Micronesia
FS,1994,44.51453855878635,French Southern and Antarctic Lands [France]
GM,1994,24.48721907702865,Germany
RQ,1994,31.54505663275101,Puerto Rico [United States]
RS,1994,15.087731456480782,Russia
SH,1994,49.44285714285714,Saint Helena [United Kingdom]
ET,1987,25.65220588235294,Ethiopia
MU,1987,1.0464891041162228,Oman
PA,1987,57.647887323943664,Paraguay
UY,1987,31.84998081596112,Uruguay
UZ,1987,10.821317844668577,Uzbekistan
CD,1987,58.61224489795919,Chad
BM,1987,150.0,Burma
AG,1975,5.4522968197879855,Algeria
KG,1975,9.308064057613949,Kyrgyzstan
MQ,1975,28.73060344827586,Midway Islands [United States}
RI,1975,17.216438356164385,Serbia
SW,1975,14.367483594900072,Sweden
VQ,1975,27.85378880605319,Virgin Islands [United States]
WZ,1975,28.517351598173516,Swaziland
PK,1975,0.0,Pakistan
CM,1975,0.0,Cameroon
HO,1975,398.0,Honduras
LE,1975,0.0,Lebanon
EN,1978,20.895430964435278,Estonia
GG,1978,37.80435909160189,Georgia
GM,1978,22.48167081862847,Germany
LY,1978,26.312997347480106,Libya
PA,1978,25.712696941612606,Paraguay
IR,1978,490.2,Iran
MJ,1978,23.82181818181818,Montenegro
BK,1971,28.359615384615385,Bosnia and Herzegovina
CA,1971,23.80552839408531,Canada
KS,1971,26.794520547945204,"Korea, South"
MZ,1971,30.279843444227005,Mozambique
NC,1971,299.8082191780822,New Caledonia [France]
ER,1965,6.053424657534246,Eritrea
FI,1965,15.108276249796571,Finland
KS,1965,28.728270814272644,"Korea, South"
PO,1965,37.51132626963829,Portugal
EZ,1958,32.10188087774295,Czech Republic
HR,1957,26.020921544209216,Croatia
LQ,1957,92.54166666666667,Palmyra Atoll [United States]
MD,1957,10.425147620701633,Moldova
NH,1957,99.3168880455408,Vanuatu
NO,1957,33.88293281920632,Norway
PM,1957,36.24804177545692,Panama
TX,1957,5.18102865965454,Turkmenistan
BE,1950,26.052054794520547,Belgium
CA,1950,23.56021196224808,Canada
CU,1950,18.34246575342466,Cuba
ER,1950,6.736986301369863,Eritrea
TI,1950,8.011298988621997,Tajikistan
UK,1950,23.736728060671723,United Kingdom
SV,1949,8.519444444444444,Svalbard [Norway]
PK,1940,15.727567067530066,Pakistan
BR,1936,22.094952605494875,Brazil
HU,1936,19.601639344262296,Hungary
EI,1909,20.485844748858447,Ireland
RQ,1909,50.92332065906211,Puerto Rico [United States]
US,1909,25.909846926171806,United States
AS,1908,15.329999971556324,Australia
NO,1908,28.85782254767126,Norway
RS,1908,11.845788089296553,Russia
WZ,1908,28.472677595628415,Swaziland
AU,1907,29.695433789954336,Austria
HU,1907,13.578630136986302,Hungary
SF,1907,17.543801013228258,South Africa
MI,1907,0.0,Malawi
AJ,1906,16.684596577017114,Azerbaijan
EI,1906,23.34429223744292,Ireland
NL,1906,20.208990420044216,Netherlands
EI,1905,19.983561643835618,Ireland
GL,1905,15.542465753424658,Greenland [Denmark]
KZ,1905,14.142825061756119,Kazakhstan
CO,2023,33.48709315375982,Colombia
DA,2023,19.593984962406015,Denmark
EN,2023,19.030075187969924,Estonia
MY,2023,89.89821615949633,Malaysia
NH,2023,192.99103139013454,Vanuatu
CS,2023,60.6875,Costa Rica
