Country_Code,year,avg(Value),Country_Name
BR,2011,85.07975693125712,Brazil
CS,2011,100.37719298245614,Costa Rica
MA,2011,89.71540880503144,Madagascar
BA,2011,58.45454545454545,Bahrain
CH,2016,71.99845308751105,China
EI,2016,31.902219724641753,Ireland
NC,2016,15.361271676300579,New Caledonia [France]
NP,2016,36.570093457943926,Nepal
BA,2016,8.428571428571429,Bahrain
AY,2017,15.27013727013727,Antarctica
BU,2017,16.53287671232877,Bulgaria
SV,2017,10.407252440725244,Svalbard [Norway]
AE,2006,7.125,United Arab Emirates
EN,2006,13.78490093372808,Estonia
NP,2006,27.52121212121212,Nepal
RI,2006,18.36255707762557,Serbia
RP,2006,121.51141809980265,Philippines
CJ,2006,47.83985765124555,Cayman Islands [United Kingdom]
WZ,2006,79.69924812030075,Swaziland
CA,2014,25.01744648144428,Canada
VM,2014,42.98982683982684,Vietnam
PE,2014,65.74213075060533,Peru
MJ,2014,171.05172413793105,Montenegro
MU,2014,20.682944606413994,Oman
CB,2014,70.0,Cambodia
CI,2003,21.194274028629856,Chile
EI,2003,25.971758664955072,Ireland
SF,2003,17.328584797753976,South Africa
CG,2003,11.503759398496241,Congo (Kinshasa)
FM,1984,97.35116676152532,Federated States of Micronesia
KE,1984,18.011632415664987,Kenya
TI,1984,13.483744177018634,Tajikistan
TV,1984,110.11413969335605,Tuvalu
WI,1984,0.0,Western Sahara
FG,1992,87.25428194993412,French Guiana [France]
RW,1992,19.755395683453237,Rwanda
UV,1992,72.70393900889454,Burkina Faso
AR,1981,20.443163528839317,Argentina
BO,1981,18.281159666723347,Belarus
GP,1981,144.05121951219513,Guadeloupe [France]
JQ,1981,16.416438356164385,Johnston Atoll [United States]
NO,1981,31.0243762169623,Norway
NP,1981,25.548571428571428,Nepal
RI,1981,20.631050228310503,Serbia
SI,1981,35.68982387475538,Slovenia
BX,1981,50.00515463917526,Brunei
BX,1988,89.86435331230284,Brunei
GL,1988,14.568462679189322,Greenland [Denmark]
GR,1988,15.843758389261746,Greece
JQ,1988,19.80054644808743,Johnston Atoll [United States]
NF,1988,65.5,Norfolk Island [Australia]
TV,1988,87.58823529411765,Tuvalu
AL,1974,47.10670314637483,Albania
BK,1974,28.076712328767123,Bosnia and Herzegovina
CA,1974,24.245572484125194,Canada
SG,1974,17.392096219931272,Senegal
TZ,1974,23.40925880325043,Tanzania
MT,1974,7.80327868852459,Malta
TD,1974,213.5,Trinidad and Tobago
BY,1980,24.775956284153004,Burundi
SG,1980,13.158136166103331,Senegal
TV,1980,23.719665271966527,Tuvalu
KU,1980,180.13636363636363,Kuwait
MA,1977,38.94097845601436,Madagascar
SA,1977,77.54545454545455,Saudi Arabia
IR,1977,0.0,Iran
ER,1969,2.8767123287671232,Eritrea
NC,1969,243.6164383561644,New Caledonia [France]
TH,1969,44.53605599434919,Thailand
BR,1966,31.518852389426353,Brazil
LO,1966,23.8486301369863,Slovakia
MT,1966,59.205128205128204,Malta
IC,1972,38.47267759562842,Iceland
KG,1972,13.081622725946104,Kyrgyzstan
LY,1972,8.9039780521262,Libya
HU,1960,18.85796645702306,Hungary
RQ,1960,56.11437464629315,Puerto Rico [United States]
SH,1960,2.560109289617486,Saint Helena [United Kingdom]
VQ,1960,43.03729281767956,Virgin Islands [United States]
GG,1959,35.28206181332786,Georgia
IV,1959,50.997509339975096,Cote D'Ivoire
MO,1959,11.258965517241379,Morocco
NC,1959,268.54794520547944,New Caledonia [France]
SH,1959,2.6246575342465754,Saint Helena [United Kingdom]
ZA,1959,25.650398406374503,Zambia
ZI,1959,19.3493848857645,Zimbabwe
KN,1959,112.75531914893617,"Korea, North"
CT,1952,42.739065308568,Central African Republic
DA,1952,19.706869633099142,Denmark
EG,1952,1.2500851788756389,Egypt
ET,1952,27.906952965235174,Ethiopia
MZ,1952,34.77437446074202,Mozambique
RI,1952,17.64207650273224,Serbia
CB,1952,85.71559633027523,Cambodia
BR,1951,26.770465066343316,Brazil
JA,1951,47.6092149193933,Japan
JN,1951,21.115068493150684,Jan Mayen [Norway]
MX,1951,22.792919221320783,Mexico
RI,1951,16.15890410958904,Serbia
TI,1951,11.992767711330586,Tajikistan
TX,1951,4.27572834841404,Turkmenistan
EN,1944,14.611401127584047,Estonia
UK,1944,23.098212967065425,United Kingdom
GL,1943,11.505479452054795,Greenland [Denmark]
MI,1943,23.494520547945207,Malawi
UP,1943,12.03755983797717,Ukraine
AJ,1934,12.761643835616438,Azerbaijan
NL,1934,17.689158512720155,Netherlands
RO,1934,12.402191780821918,Romania
AS,1933,17.74354718070178,Australia
GG,1933,23.212389380530972,Georgia
LY,1933,8.462671232876712,Libya
TX,1933,6.1909090909090905,Turkmenistan
RS,1932,13.386595290771176,Russia
CY,1931,13.248630136986302,Cyprus
EG,1931,0.7147790055248618,Egypt
HU,1931,16.784109589041098,Hungary
RQ,1931,57.297072784810126,Puerto Rico [United States]
SZ,1931,35.26301369863014,Switzerland
LH,1926,18.602617079889807,Lithuania
VQ,1926,21.926027397260274,Virgin Islands [United States]
FR,1925,21.82013698630137,France
RO,1925,18.44876712328767,Romania
EZ,1924,13.262295081967213,Czech Republic
LY,1924,10.946067415730337,Libya
SI,1924,35.942622950819676,Slovenia
BE,1923,24.616438356164384,Belgium
NG,1923,83.71875,Niger
GM,1917,18.19826410415375,Germany
RS,1917,12.103585867928018,Russia
TS,1917,7.967048710601719,Tunisia
BR,1903,42.57996632996633,Brazil
FR,1902,23.088584474885845,France
GM,1902,18.967986808947515,Germany
UK,1902,16.068992551940415,United Kingdom
BR,1901,40.80826271186441,Brazil
EN,1901,10.05048633626679,Estonia
IT,1901,34.791405199462126,Italy
NO,1900,27.90156488892886,Norway
EN,1868,18.42622950819672,Estonia
SF,1863,17.863013698630137,South Africa
EI,1861,38.682451253481894,Ireland
SG,1859,0.0,Senegal
US,1858,20.976557482337828,United States
SW,1856,15.019125683060109,Sweden
UK,1856,17.297520661157026,United Kingdom
EZ,1843,12.723287671232876,Czech Republic
EZ,1828,18.18032786885246,Czech Republic
GM,1822,90.84905660377359,Germany
GM,1809,18.336986301369862,Germany
CQ,2010,46.31293952180028,Northern Mariana Islands [United States]
IS,2010,7.882352941176471,Israel
MC,2010,57.066481994459835,Macau S.A.R
SP,2010,19.990919889997233,Spain
BF,2012,48.324528301886794,"Bahamas, The"
DA,2012,23.51815823605707,Denmark
PS,2012,93.62295081967213,Palau
RP,2012,126.13753820505696,Philippines
SE,2012,40.66761363636363,Seychelles
AY,2018,14.676434676434676,Antarctica
CA,2018,23.89369274340685,Canada
GR,2018,18.273480662983424,Greece
IN,2018,103.19143885442989,India
IT,2018,21.280201041105727,Italy
LU,2018,21.04931506849315,Luxembourg
MT,2018,14.763231197771587,Malta
PA,2018,103.99863760217984,Paraguay
KG,2018,83.41379310344827,Kyrgyzstan
BX,2020,115.82517482517483,Brunei
HR,2020,28.31486548107615,Croatia
JM,2020,30.808022922636102,Jamaica
ML,2020,86.67021276595744,Mali
WI,2020,6.516129032258065,Western Sahara
AE,2004,2.468208092485549,United Arab Emirates
WA,2004,18.09319526627219,Namibia
WQ,2004,9.019417475728156,Wake Island [United States]
JU,2004,24.58139534883721,Juan De Nova Island [France]
ET,2004,20.333333333333332,Ethiopia
BG,2005,50.979002624671914,Bangladesh
SE,2005,90.04587155963303,Seychelles
TV,2005,81.13783783783784,Tuvalu
ZI,2005,56.86254295532646,Zimbabwe
DA,1983,22.13115631691649,Denmark
FI,1983,17.854528118366897,Finland
JA,1983,50.21036822207261,Japan
MQ,1983,29.736986301369864,Midway Islands [United States}
SW,1983,17.89928717931475,Sweden
TH,1983,44.56458295802558,Thailand
ER,1982,11.152054794520549,Eritrea
FP,1982,66.2710428798306,French Polynesia
NC,1982,149.30819672131148,New Caledonia [France]
TE,1982,48.80223880597015,Tromelin Island [France]
AO,1982,3.0,Angola
IT,1993,32.84804062470059,Italy
MD,1993,19.001869158878506,Moldova
MK,1993,15.175879396984925,Macedonia
NH,1993,47.192369693713054,Vanuatu
PP,1993,57.86106032906764,Papua New Guinea
UY,1993,36.98071685585353,Uruguay
VQ,1993,24.815726495726494,Virgin Islands [United States]
TZ,1993,17.2,Tanzania
AR,1985,17.750854777757784,Argentina
IO,1985,65.67945205479452,British Indian Ocean Territory [United Kingdom]
KE,1996,20.2095885973437,Kenya
KG,1996,10.745152354570637,Kyrgyzstan
SN,1996,67.52185792349727,Singapore
JA,2009,45.661699556987514,Japan
KE,2009,46.324833702882486,Kenya
MP,2009,42.98236914600551,Mauritius
TD,2009,41.861271676300575,Trinidad and Tobago
US,2009,28.63059258543635,United States
CT,2009,74.2422464375524,Central African Republic
BC,1995,33.597101449275364,Botswana
CH,1995,20.441518082585556,China
GP,1995,41.93454545454546,Guadeloupe [France]
IC,1995,26.42283105022831,Iceland
RM,1995,84.82955326460481,Marshall Islands
TZ,1995,62.010893246187365,Tanzania
GH,1995,60.10436893203884,Ghana
AM,1979,10.17931609674729,Armenia
CT,1979,38.27238584700534,Central African Republic
DA,1979,22.271160669031932,Denmark
FP,1979,1.589990375360924,French Polynesia
TV,1979,24.869140625,Tuvalu
ZI,1979,18.516746411483254,Zimbabwe
CG,1979,34.19047619047619,Congo (Kinshasa)
RS,1976,13.28912183004395,Russia
SL,1976,142.17543859649123,Sierra Leone
GV,1976,11.538461538461538,Guinea
CK,1976,0.0,Cocos (Keeling) Islands [Australia]
FM,2007,101.63120024494795,Federated States of Micronesia
HU,2007,20.627404789948958,Hungary
EZ,1967,14.063013698630137,Czech Republic
MZ,1967,34.0291095890411,Mozambique
SI,1967,37.27287671232877,Slovenia
SY,1967,14.373972602739727,Syria
JQ,1968,29.387978142076502,Johnston Atoll [United States]
MG,1968,4.262295081967213,Mongolia
AO,1962,17.528543307086615,Angola
GG,1962,27.200055073661023,Georgia
HO,1962,40.56341463414634,Honduras
LG,1962,18.98889413988658,Latvia
MR,1962,3.5190915897179935,Mauritania
SV,1962,10.682191780821919,Svalbard [Norway]
CH,1961,21.536788701494583,China
GR,1961,19.79607843137255,Greece
IC,1961,29.058397100281915,Iceland
HO,1954,44.09065934065934,Honduras
MX,1953,22.245948133291108,Mexico
PP,1953,113.5226480836237,Papua New Guinea
RM,1953,30.997257769652652,Marshall Islands
TS,1953,17.635068493150683,Tunisia
US,1953,22.296676763336535,United States
ZA,1953,28.023726448011164,Zambia
NF,1953,38.91698113207547,Norfolk Island [Australia]
CI,1953,234.0,Chile
JO,1953,21.285714285714285,Jordan
AS,1948,15.846984370943249,Australia
BK,1948,22.02185792349727,Bosnia and Herzegovina
MK,1948,0.0,Macedonia
MI,1947,30.382725832012678,Malawi
AG,2013,10.963363331380798,Algeria
CY,2013,8.044740973312402,Cyprus
RS,2013,16.14961499185825,Russia
TD,2013,47.56231884057971,Trinidad and Tobago
WA,2013,32.53225806451613,Namibia
JO,2013,14.308219178082192,Jordan
NP,2013,0.0,Nepal
NL,1942,20.005631659056316,Netherlands
RI,1942,21.49738219895288,Serbia
UY,1942,24.38232558139535,Uruguay
VQ,1942,30.646575342465752,Virgin Islands [United States]
CY,1941,12.03972602739726,Cyprus
LG,1941,12.974212034383955,Latvia
CY,1938,19.834246575342465,Cyprus
KZ,1938,8.475114543788454,Kazakhstan
SW,1938,16.765812149165146,Sweden
VQ,1938,30.195681511470987,Virgin Islands [United States]
AJ,1937,14.258460918614022,Azerbaijan
RO,1937,19.773150684931508,Romania
EG,1916,1.9255094869992972,Egypt
LT,1916,21.560109289617486,Lesotho
IN,1921,34.01382961701994,India
GG,1918,13.204123711340205,Georgia
BR,1920,26.599400233431876,Brazil
BO,1920,5.672131147540983,Belarus
IS,1919,18.10958904109589,Israel
LT,1919,15.128358208955223,Lesotho
PK,1919,24.709132420091326,Pakistan
UP,1897,11.793961420184512,Ukraine
AM,1896,12.743502824858757,Armenia
UK,1896,18.671448087431695,United Kingdom
AU,1895,26.832876712328765,Austria
SF,1895,13.497190660506929,South Africa
HR,1894,23.25468577728776,Croatia
NO,1894,31.010217983651227,Norway
NL,1892,18.390903503380454,Netherlands
TX,1892,4.300546448087432,Turkmenistan
SF,1891,19.80437156338962,South Africa
RS,1890,11.92089346667465,Russia
SW,1890,15.781006187785849,Sweden
SF,1887,14.093602372097699,South Africa
EI,1885,19.27488584474886,Ireland
EI,1884,21.096994535519126,Ireland
DA,1883,15.65518590998043,Denmark
SF,1883,10.744029075804777,South Africa
US,1883,26.51402881594627,United States
NO,1877,33.0958904109589,Norway
RS,1876,43.54644808743169,Russia
EZ,1874,9.534246575342467,Czech Republic
SW,1874,10.895706269821908,Sweden
EN,1871,16.161643835616438,Estonia
CA,2021,23.645885044335053,Canada
JN,2021,16.887671232876713,Jan Mayen [Norway]
LG,2021,21.780379041248608,Latvia
PE,2021,64.23153692614771,Peru
TH,2021,97.09343648011604,Thailand
TX,2021,15.536437246963562,Turkmenistan
CV,2021,56.21875,Cape Verde
EN,2008,22.558392587804352,Estonia
JM,2008,17.50943396226415,Jamaica
MJ,2008,166.71610169491527,Montenegro
TO,2008,69.87341772151899,Togo
BN,2008,90.91568627450981,Benin
DA,2002,25.013440860215052,Denmark
FM,2001,101.31293952180029,Federated States of Micronesia
GM,2001,25.32379586054016,Germany
KE,2001,49.90412272291467,Kenya
KZ,2001,8.502173103191357,Kazakhstan
RW,2001,32.21739130434783,Rwanda
FK,2022,11.447222222222223,Falkland Islands (Islas Malvinas) [United Kingdom]
AS,1998,20.040898869587988,Australia
CT,1998,68.10680686220255,Central African Republic
FR,1998,20.74152842325567,France
GG,1998,29.73110151187905,Georgia
ID,1998,34.324640733399406,Indonesia
MC,1998,0.0,Macau S.A.R
ML,1998,42.28966346153846,Mali
NG,1998,25.036863966770508,Niger
NH,1998,85.94095595126522,Vanuatu
NN,1998,37.32937685459941,Sint Maarten
PP,1998,83.46215494211933,Papua New Guinea
JU,2015,93.61764705882354,Juan De Nova Island [France]
KS,2015,97.68367346938776,"Korea, South"
MT,2015,13.053221288515406,Malta
ET,2015,62.931906614785994,Ethiopia
ML,2015,83.71206225680933,Mali
NG,2015,58.53947368421053,Niger
NO,2019,35.55577155933747,Norway
SA,2019,105.9,Saudi Arabia
AG,1991,12.025505824647455,Algeria
FJ,1991,57.87857847976308,Fiji
HR,1991,26.87586933614331,Croatia
IN,1991,35.985254988913525,India
IO,1991,92.53972602739726,British Indian Ocean Territory [United Kingdom]
MD,1991,17.420454545454547,Moldova
MY,1991,77.0,Malaysia
NH,1991,58.019952494061755,Vanuatu
KE,2000,40.018492176386914,Kenya
KG,2000,9.909494232475598,Kyrgyzstan
NL,2000,26.017238274919954,Netherlands
RM,2000,71.9312749003984,Marshall Islands
NS,2000,77.17647058823529,Suriname
QA,2000,123.25,Qatar
GL,1999,25.97817690227887,Greenland [Denmark]
GB,1999,119.0609756097561,Gabon
FK,1999,8.9,Falkland Islands (Islas Malvinas) [United Kingdom]
NF,1999,25.612903225806452,Norfolk Island [Australia]
ZA,1999,10.0,Zambia
BM,1994,48.922222222222224,Burma
FJ,1994,59.205465587044536,Fiji
KZ,1994,11.380620931397095,Kazakhstan
MU,1994,8.817322834645669,Oman
NF,1994,30.883895131086142,Norfolk Island [Australia]
US,1994,24.643820135436993,United States
BF,1987,65.82413793103449,"Bahamas, The"
BY,1987,31.03698630136986,Burundi
JA,1987,44.813904798158944,Japan
NS,1987,46.69741697416974,Suriname
NZ,1987,26.93225123500353,New Zealand
SV,1987,8.099706744868035,Svalbard [Norway]
TU,1987,24.55817091454273,Turkey
WQ,1987,16.96164383561644,Wake Island [United States]
TZ,1990,55.064625850340136,Tanzania
UC,1990,22.677914110429448,Curacao
JO,1990,7.709428129829985,Jordan
CJ,1990,6.814432989690721,Cayman Islands [United Kingdom]
SG,1990,66.78787878787878,Senegal
MP,1975,36.83123287671233,Mauritius
TI,1975,12.17376930626582,Tajikistan
TX,1975,4.150875987633116,Turkmenistan
UG,1975,36.996027446731674,Uganda
VE,1975,43.48450382647668,Venezuela
ES,1975,421.1111111111111,El Salvador
GG,1989,33.8441457237483,Georgia
VM,1989,6.017411491584446,Vietnam
IR,1989,7.953153153153153,Iran
ML,1989,71.81550802139037,Mali
CM,1989,109.3972602739726,Cameroon
GA,1989,49.13559322033898,"Gambia, The"
GV,1989,8.283018867924529,Guinea
QA,1989,124.5,Qatar
AJ,1986,12.041949593834618,Azerbaijan
BG,1986,10.12988047808765,Bangladesh
DA,1986,20.915085536547434,Denmark
EZ,1986,20.103279306445533,Czech Republic
GP,1986,36.271264367816094,Guadeloupe [France]
WZ,1986,19.0,Swaziland
BP,1986,1.5,Solomon Islands
AO,1978,4.458715596330276,Angola
BU,1978,14.755023923444977,Bulgaria
EC,1978,45.77972027972028,Ecuador
LU,1978,22.02266500622665,Luxembourg
JU,1978,24.810077519379846,Juan De Nova Island [France]
KU,1978,15.0,Kuwait
FR,1997,19.811561910067155,France
HU,1997,12.95468948035488,Hungary
MO,1997,12.806760847628658,Morocco
MX,1997,23.207634631581765,Mexico
NU,1997,21.72312703583062,Nicaragua
PA,1997,40.732276897414515,Paraguay
PO,1997,36.086204054722266,Portugal
BR,1971,30.761768811351182,Brazil
CJ,1971,54.50684931506849,Cayman Islands [United Kingdom]
RO,1971,17.685438863521057,Romania
AM,1973,14.54380461572933,Armenia
BC,1973,13.033908213972524,Botswana
BE,1973,19.008219178082193,Belgium
BY,1973,25.52191780821918,Burundi
GM,1973,19.685123546728992,Germany
UV,1973,20.785382471353362,Burkina Faso
VE,1973,37.82673894985354,Venezuela
MT,1973,32.628482972136226,Malta
DR,1973,180.9056603773585,Dominican Republic
JA,1965,50.664740493545274,Japan
LU,1965,30.364881693648815,Luxembourg
MD,1965,12.90086136843816,Moldova
TZ,1965,24.88627021101672,Tanzania
US,1965,22.87090543874198,United States
WA,1965,6.963112005365526,Namibia
ZI,1965,12.603862904752887,Zimbabwe
AC,1970,6.84375,Antigua and Barbuda
AS,1970,19.341019353061892,Australia
CH,1970,21.069691549353468,China
PP,1970,57.52054794520548,Papua New Guinea
RO,1970,20.36834094368341,Romania
RQ,1970,61.90379464285714,Puerto Rico [United States]
JQ,1964,27.19945355191257,Johnston Atoll [United States]
MR,1964,4.033839263498383,Mauritania
SN,1964,80.45454545454545,Singapore
CI,1964,53.195402298850574,Chile
EG,1958,0.8146203554119548,Egypt
ID,1958,74.6863488624052,Indonesia
NC,1958,295.06849315068496,New Caledonia [France]
PK,1958,7.181110029211295,Pakistan
PS,1958,88.5712890625,Palau
RO,1958,18.471656050955414,Romania
BL,1958,75.90200445434299,Bolivia
BN,1963,47.30082191780822,Benin
CU,1963,30.964383561643835,Cuba
EN,1963,13.22133820268684,Estonia
GB,1963,57.55910165484634,Gabon
RI,1963,15.772602739726027,Serbia
RO,1963,14.775658587987355,Romania
TI,1963,12.346977260122019,Tajikistan
TO,1963,42.04896907216495,Togo
SN,1963,69.72549019607843,Singapore
MK,1957,13.536986301369863,Macedonia
UK,1957,20.615933512424444,United Kingdom
UY,1957,28.65074906367041,Uruguay
WQ,1957,21.523287671232875,Wake Island [United States]
AG,1956,8.177984274481773,Algeria
FM,1956,117.14669811320755,Federated States of Micronesia
TU,1956,37.356373937677056,Turkey
VM,1955,88.2,Vietnam
NF,1955,70.08303249097473,Norfolk Island [Australia]
JA,1950,49.49761859401791,Japan
LE,1950,18.932461873638346,Lebanon
PM,1950,75.65068493150685,Panama
PO,1950,25.041384499623778,Portugal
TO,1950,26.815753424657533,Togo
WA,1950,15.373287671232877,Namibia
FR,1946,19.292595043753217,France
PS,1946,71.67785234899328,Palau
UY,1946,33.43570767807586,Uruguay
ER,1945,10.401098901098901,Eritrea
PM,1945,113.2730627306273,Panama
IS,1949,18.380536912751676,Israel
PS,1949,110.13595166163142,Palau
RO,1949,14.603082191780821,Romania
DA,1940,15.8551912568306,Denmark
GL,1940,15.009562841530055,Greenland [Denmark]
RS,1940,12.025298960138649,Russia
TI,1940,8.993010955799019,Tajikistan
UG,1940,34.40983606557377,Uganda
UV,1940,25.81450488145049,Burkina Faso
IS,1939,15.589627959413754,Israel
DA,1930,18.691585127201567,Denmark
LT,1930,17.39097744360902,Lesotho
TI,1930,7.323249299719888,Tajikistan
UG,1930,35.83780821917808,Uganda
JN,1929,11.852054794520548,Jan Mayen [Norway]
PK,1929,16.88878634056299,Pakistan
FR,1928,22.76120150187735,France
SG,1928,11.36996336996337,Senegal
EG,1927,1.3721413721413722,Egypt
TI,1927,6.118214716525935,Tajikistan
NG,1927,106.84782608695652,Niger
MI,1936,32.721311475409834,Malawi
SF,1936,17.253317968073258,South Africa
SI,1936,42.87978142076503,Slovenia
RI,1935,0.0,Serbia
AM,1913,10.172661870503598,Armenia
GG,1913,19.188581314878892,Georgia
TI,1913,3.555240793201133,Tajikistan
EG,1912,1.1814001021972407,Egypt
GM,1912,21.52680545585068,Germany
MD,1911,13.555223880597016,Moldova
TX,1911,4.964734010759115,Turkmenistan
BO,1910,18.465974625144174,Belarus
RS,1910,12.21857047832134,Russia
FI,1909,12.706849315068494,Finland
HU,1909,16.55945205479452,Hungary
AG,1908,17.522384650525353,Algeria
UP,1908,11.76991565135895,Ukraine
BE,1907,16.55068493150685,Belgium
CY,1906,12.110958904109589,Cyprus
GL,1906,15.389041095890411,Greenland [Denmark]
LT,1905,20.931506849315067,Lesotho
MI,1905,71.58333333333333,Malawi
UZ,1905,7.152054794520548,Uzbekistan
IN,2023,31.556067588325654,India
IS,2023,22.70646766169154,Israel
MI,2023,59.3,Malawi
BN,2023,34.0,Benin
NO,1904,25.2479106396657,Norway
