Country_Code,year,avg(Value),Country_Name
BH,2011,51.47222222222222,Belize
BL,2011,99.77001703577513,Bolivia
CA,2011,24.72889263978373,Canada
MX,2011,21.39471215314596,Mexico
PK,2011,12.658436709623027,Pakistan
MZ,2011,72.03470715835141,Mozambique
ML,2011,66.33551198257081,Mali
HO,2016,44.0691685062546,Honduras
LA,2016,115.0746835443038,Laos
MC,2016,58.09668508287293,Macau S.A.R
PA,2016,111.57409821816601,Paraguay
PL,2016,19.164449476365697,Poland
AE,2017,3.2552447552447554,United Arab Emirates
AM,2017,29.99496594610601,Armenia
EN,2017,22.451836734693877,Estonia
FJ,2017,73.82576383154418,Fiji
NP,2017,27.88449848024316,Nepal
RS,2017,15.059158091250241,Russia
TS,2017,7.232374100719425,Tunisia
BE,2017,57.33684210526316,Belgium
CI,2017,15.987021705079437,Chile
AU,2006,43.43008994276369,Austria
CH,2006,20.01998276419261,China
EI,2006,39.405021173623716,Ireland
GL,2006,21.477704093299796,Greenland [Denmark]
PE,2006,86.97005516154452,Peru
PK,2006,61.445196211096075,Pakistan
ID,2014,150.88787878787878,Indonesia
IR,2014,6.672278115350134,Iran
MV,2014,11.372434017595308,Maldives
NO,2014,34.499338133819016,Norway
PP,2014,74.88775510204081,Papua New Guinea
TH,2014,92.44887393217707,Thailand
ZI,2014,67.3721590909091,Zimbabwe
MI,2014,45.94252873563219,Malawi
CM,2014,94.67547169811321,Cameroon
LA,2014,120.27195467422096,Laos
LI,2014,110.96,Liberia
DA,2003,17.113927500681385,Denmark
GP,2003,39.464454976303315,Guadeloupe [France]
SE,2003,80.76712328767124,Seychelles
CS,2003,82.48988764044944,Costa Rica
JU,2003,14.551470588235293,Juan De Nova Island [France]
NI,2003,152.0909090909091,Nigeria
BE,1984,25.43169398907104,Belgium
CI,1984,22.284183817310403,Chile
CY,1984,16.869234668018247,Cyprus
MA,1984,67.22924411400248,Madagascar
SH,1984,86.91256830601093,Saint Helena [United Kingdom]
TE,1984,27.379432624113477,Tromelin Island [France]
LE,1984,3.4125874125874125,Lebanon
TL,1984,70.875,Tokelau [New Zealand]
AQ,1992,132.5513812154696,American Samoa [United States]
AR,1992,38.18230119841785,Argentina
CO,1992,37.875646093037396,Colombia
GL,1992,16.279334500875656,Greenland [Denmark]
NC,1992,193.08370044052865,New Caledonia [France]
ZI,1992,38.296,Zimbabwe
BX,1992,149.83333333333334,Brunei
BK,1981,25.476712328767125,Bosnia and Herzegovina
FR,1981,25.103497935801837,France
IO,1981,78.58356164383562,British Indian Ocean Territory [United Kingdom]
LO,1981,19.341643582640813,Slovakia
PS,1981,106.40273972602739,Palau
VQ,1981,38.899169227267556,Virgin Islands [United States]
EU,1981,24.14624505928854,Europa Island [France]
LH,1988,17.840256900792568,Lithuania
MC,1988,0.0,Macau S.A.R
MD,1988,16.657861176899253,Moldova
MY,1988,90.77063583815028,Malaysia
NN,1988,37.38360655737705,Sint Maarten
NO,1988,35.98672118708372,Norway
TL,1988,110.87,Tokelau [New Zealand]
MQ,1974,40.59307359307359,Midway Islands [United States}
PE,1974,19.844023083264634,Peru
FM,1980,110.87636612021858,Federated States of Micronesia
JQ,1980,12.087431693989071,Johnston Atoll [United States]
PA,1980,33.79168944778568,Paraguay
WQ,1980,18.218579234972676,Wake Island [United States]
JU,1980,19.55719557195572,Juan De Nova Island [France]
BK,1977,30.12054794520548,Bosnia and Herzegovina
IC,1977,27.082445759368838,Iceland
DR,1977,36.18292682926829,Dominican Republic
JN,1969,17.312328767123287,Jan Mayen [Norway]
LH,1969,15.543254600782495,Lithuania
SV,1969,14.23013698630137,Svalbard [Norway]
AR,1966,57.97650513950074,Argentina
FG,1966,74.87671232876713,French Guiana [France]
RM,1966,60.82344827586207,Marshall Islands
RS,1966,15.157450167319409,Russia
CO,1972,40.53822152886116,Colombia
GM,1972,18.571749147400958,Germany
MI,1972,27.608204971785877,Malawi
BO,1959,12.641166870665035,Belarus
DA,1959,14.977299412915851,Denmark
HU,1959,15.209896682979881,Hungary
TH,1959,44.000958895352554,Thailand
TZ,1959,24.137676705593115,Tanzania
UK,1959,17.93019305019305,United Kingdom
AM,1952,10.928095644748078,Armenia
BY,1952,21.935792349726775,Burundi
FI,1952,25.22015182884748,Finland
GP,1952,59.67213114754098,Guadeloupe [France]
MD,1952,15.105091078935077,Moldova
MO,1952,9.485749185667752,Morocco
NG,1952,15.40792349726776,Niger
RS,1952,12.520578470373582,Russia
TU,1952,49.248940677966104,Turkey
ZA,1952,28.35590277777778,Zambia
BY,1951,29.861643835616437,Burundi
EI,1951,31.15948076031525,Ireland
LG,1951,11.906442769019877,Latvia
NG,1951,10.105753424657534,Niger
RM,1951,72.49814585908528,Marshall Islands
RQ,1951,45.61430457218289,Puerto Rico [United States]
BC,1944,14.951822678146181,Botswana
DA,1944,18.4826224328594,Denmark
BR,1943,28.472979851131818,Brazil
CY,1943,16.508219178082193,Cyprus
NO,1943,35.519378611950586,Norway
US,1943,22.488343731658006,United States
BK,1933,27.432876712328767,Bosnia and Herzegovina
MO,1931,8.51063829787234,Morocco
AM,1926,10.512328767123288,Armenia
HR,1926,28.7345003646973,Croatia
TI,1926,8.391771019677996,Tajikistan
UG,1926,32.18150684931507,Uganda
WA,1926,9.97716894977169,Namibia
BK,1925,24.041095890410958,Bosnia and Herzegovina
BO,1924,15.187841530054644,Belarus
IN,1924,36.36480022546224,India
WA,1924,8.280510018214937,Namibia
IT,1923,16.197260273972603,Italy
MX,1923,26.821972511144132,Mexico
LY,1917,14.11549295774648,Libya
SW,1917,13.868598813327248,Sweden
UP,1917,13.724763608484539,Ukraine
RQ,1903,52.005696923661226,Puerto Rico [United States]
AG,1902,15.383667552548925,Algeria
LH,1902,18.42032967032967,Lithuania
TS,1902,6.2608,Tunisia
RO,1900,17.8,Romania
TI,1900,4.389955686853766,Tajikistan
CA,1899,23.151290779436977,Canada
TS,1899,4.892234548335975,Tunisia
AG,1867,8.93972602739726,Algeria
GM,1865,14.277272727272727,Germany
GM,1858,19.68961038961039,Germany
EZ,1857,10.35068493150685,Czech Republic
US,1855,22.969053398058254,United States
EZ,1854,12.405479452054795,Czech Republic
NL,1850,21.66393442622951,Netherlands
AS,1847,14.097590361445784,Australia
IT,1848,25.62089914945322,Italy
AS,1836,42.24550898203593,Australia
IT,1836,22.92622950819672,Italy
UK,1828,16.78688524590164,United Kingdom
EZ,1816,13.568306010928962,Czech Republic
GM,1818,65.36144578313252,Germany
IT,1814,17.687671232876713,Italy
IT,1812,15.240437158469945,Italy
BE,2010,25.045454545454547,Belgium
PS,2010,74.21369863013699,Palau
KN,2010,151.52820512820512,"Korea, North"
AU,2012,36.65962656871748,Austria
LH,2012,39.64617940199336,Lithuania
WF,2012,91.60390516039051,Wallis and Futuna [France]
ID,2018,155.87012987012986,Indonesia
IS,2018,8.114955357142858,Israel
PE,2018,61.88945491594498,Peru
VQ,2018,28.260511486779368,Virgin Islands [United States]
ZI,2018,56.13636363636363,Zimbabwe
BR,2020,56.95701827242525,Brazil
IT,2020,17.15425848719476,Italy
MZ,2020,66.85248713550601,Mozambique
PA,2020,102.11842938568715,Paraguay
TS,2020,10.91591382904795,Tunisia
NG,2020,79.94597701149425,Niger
CM,2020,102.43979057591623,Cameroon
GV,2020,162.6796875,Guinea
CD,2020,83.53099730458221,Chad
BO,2004,19.1399018623843,Belarus
IO,2004,69.61748633879782,British Indian Ocean Territory [United Kingdom]
NN,2004,35.078369905956116,Sint Maarten
SZ,2004,34.685109289617486,Switzerland
VE,2004,43.34594594594594,Venezuela
ID,2005,35.603927423059254,Indonesia
MX,2005,23.05222794983245,Mexico
RM,2005,78.19940476190476,Marshall Islands
RO,2005,22.579273377010125,Romania
TS,2005,8.170189098998888,Tunisia
WQ,2005,0.0,Wake Island [United States]
AR,1983,31.385357548240634,Argentina
BO,1983,15.989733059548255,Belarus
IS,1983,10.629282218597064,Israel
JM,1983,23.427777777777777,Jamaica
KZ,1983,7.74099462021809,Kazakhstan
LO,1983,16.049188640973632,Slovakia
SI,1983,29.676712328767124,Slovenia
BD,1982,37.47671232876712,Bermuda [United Kingdom]
DA,1982,22.489922063961302,Denmark
EZ,1982,14.686447811447811,Czech Republic
PM,1982,65.57945205479452,Panama
WA,1982,6.805771213364472,Namibia
EU,1982,36.55555555555556,Europa Island [France]
MR,1982,74.32727272727273,Mauritania
GB,1982,142.0668380462725,Gabon
BP,1982,5.117647058823529,Solomon Islands
BR,1993,38.74403147692797,Brazil
GM,1993,24.004048740945603,Germany
TU,1993,21.82517392424633,Turkey
WA,1993,10.807534807534807,Namibia
GH,1993,61.84271844660194,Ghana
AY,1985,6.621231979030144,Antarctica
MF,1985,55.71511627906977,Mayotte [France]
MJ,1985,33.90185676392573,Montenegro
MZ,1985,33.158373786407765,Mozambique
ZA,1985,29.545566502463053,Zambia
IV,1985,78.33405172413794,Cote D'Ivoire
BM,1996,0.0,Burma
KU,1996,0.0,Kuwait
MT,1996,23.0,Malta
SZ,1996,35.57684426229508,Switzerland
TV,1996,88.80733944954129,Tuvalu
TX,1996,4.4343951459992414,Turkmenistan
KR,1996,16.934782608695652,Kiribati
ML,1996,61.63186813186813,Mali
CD,1996,104.74825174825175,Chad
AR,2009,66.3036506311839,Argentina
MC,2009,46.30769230769231,Macau S.A.R
MY,2009,87.98312732980185,Malaysia
UP,2009,22.979478827361564,Ukraine
TE,2009,16.0,Tromelin Island [France]
SV,2007,9.93245227606461,Svalbard [Norway]
KZ,2007,132.0,Kazakhstan
SB,2007,32.417391304347824,Saint Pierre and Miquelon [France]
BB,1995,45.49367088607595,Barbados
JA,1995,106.91695693039199,Japan
SE,1995,75.91780821917808,Seychelles
SH,1995,50.917808219178085,Saint Helena [United Kingdom]
SG,1995,61.85421686746988,Senegal
BA,1995,815.5,Bahrain
EC,1995,1.3333333333333333,Ecuador
ES,1979,71.64050632911392,El Salvador
IN,1979,55.0313516166636,India
IS,1979,11.394796896394341,Israel
SG,1979,15.83320773674956,Senegal
VM,1979,238.125,Vietnam
GP,1976,45.30054644808743,Guadeloupe [France]
MX,1976,29.363336751679448,Mexico
SU,1976,10.959335373852209,Sudan
WF,1976,24.694444444444443,Wallis and Futuna [France]
AY,1967,2.6210913549969344,Antarctica
BR,1967,33.3487022596973,Brazil
NG,1967,11.514398513701812,Niger
BC,1968,12.206385732777218,Botswana
KG,1968,11.7652156388553,Kyrgyzstan
KZ,1968,7.714611820288011,Kazakhstan
MO,1968,13.010425020048116,Morocco
SV,1968,12.48360655737705,Svalbard [Norway]
NC,1962,342.90410958904107,New Caledonia [France]
RP,1962,73.41725434884815,Philippines
VM,1962,92.59501965923984,Vietnam
MT,1962,71.66666666666667,Malta
MB,1962,152.13333333333333,Martinique [France]
CU,1961,28.534246575342465,Cuba
GG,1961,31.118242787054957,Georgia
MP,1961,43.718356164383565,Mauritius
TO,1961,26.621917808219177,Togo
TU,1961,55.96933728981207,Turkey
BG,1961,92.76612903225806,Bangladesh
FR,1954,20.257341077767023,France
HR,1954,28.232378580323786,Croatia
LU,1954,23.704856787048566,Luxembourg
MR,1954,4.9990004997501245,Mauritania
MX,1954,28.426251623391938,Mexico
ID,1954,72.7327935222672,Indonesia
AU,1953,23.448036951501155,Austria
BL,1953,34.660606060606064,Bolivia
FG,1953,125.64383561643835,French Guiana [France]
HU,1953,15.718930256948086,Hungary
RQ,1953,44.11425050611742,Puerto Rico [United States]
SF,1953,15.297904054672156,South Africa
VQ,1953,31.435082872928177,Virgin Islands [United States]
PM,1948,74.08839779005525,Panama
RO,1948,12.076844262295081,Romania
BK,1947,24.7013698630137,Bosnia and Herzegovina
IV,1947,47.91118721461187,Cote D'Ivoire
SF,1947,15.172156537231242,South Africa
HR,1942,23.402867383512543,Croatia
KS,1942,32.78082191780822,"Korea, South"
SW,1942,14.27625149310457,Sweden
AM,1941,11.254679718358235,Armenia
LE,1941,13.768913342503438,Lebanon
KS,1937,26.602739726027398,"Korea, South"
DA,2013,20.049058932428263,Denmark
FP,2013,46.05571740713766,French Polynesia
IN,2013,108.52461819010713,India
MT,2013,13.175637393767705,Malta
UK,2013,25.1069255625746,United Kingdom
SG,2013,86.75744680851064,Senegal
BG,2021,0.0,Bangladesh
BX,2021,125.17171717171718,Brunei
GR,2021,16.59449192782526,Greece
HO,2021,37.72431506849315,Honduras
KE,2021,50.35883424408014,Kenya
SE,2021,54.19884726224784,Seychelles
CY,2002,15.447149972329829,Cyprus
EI,2002,40.4951798730308,Ireland
TZ,2002,54.12698412698413,Tanzania
KE,2002,40.12481962481962,Kenya
CV,2002,16.305785123966942,Cape Verde
SI,1916,44.576502732240435,Slovenia
UZ,1916,5.36734693877551,Uzbekistan
NG,1916,213.11111111111111,Niger
AS,1918,15.739592305793295,Australia
PK,1918,17.793150684931508,Pakistan
BK,1920,19.281420765027324,Bosnia and Herzegovina
CA,1919,20.251974204101483,Canada
GG,1919,19.28638497652582,Georgia
GL,1919,14.73013698630137,Greenland [Denmark]
KZ,1898,6.070066975785678,Kazakhstan
BE,1896,19.43169398907104,Belgium
LG,1896,15.370277078085643,Latvia
UZ,1896,9.09016393442623,Uzbekistan
AS,1895,14.693658947475894,Australia
LH,1895,14.67945205479452,Lithuania
LH,1894,14.830136986301369,Lithuania
BO,1891,16.20014936519791,Belarus
LG,1891,14.075,Latvia
GP,2001,36.93593314763231,Guadeloupe [France]
IO,2001,57.02465753424657,British Indian Ocean Territory [United Kingdom]
MA,2001,77.10348837209303,Madagascar
MD,2001,16.915068493150685,Moldova
NH,2001,105.30254777070064,Vanuatu
NP,2001,19.03846153846154,Nepal
VM,2001,45.14827665972704,Vietnam
CS,2001,93.0252808988764,Costa Rica
MZ,2001,62.76855123674912,Mozambique
TX,2001,57.09722222222222,Turkmenistan
MU,2001,22.520661157024794,Oman
MC,2001,209.35576923076923,Macau S.A.R
CG,2001,24.8,Congo (Kinshasa)
GA,2001,132.94,"Gambia, The"
HR,1890,26.581118240146655,Croatia
DA,1885,14.826930693069308,Denmark
GM,1881,18.536644110563138,Germany
UP,1881,12.14313725490196,Ukraine
CY,1881,5.9869281045751634,Cyprus
BO,1877,13.978082191780821,Belarus
SW,1872,17.15619610741562,Sweden
LG,1881,13.222063037249283,Latvia
BP,2022,66.38539553752535,Solomon Islands
CJ,2022,33.80357142857143,Cayman Islands [United Kingdom]
LG,2022,14.9003359462486,Latvia
MY,2022,89.72593139063076,Malaysia
RO,2022,14.524211372312639,Romania
RW,2022,63.970588235294116,Rwanda
CB,2022,68.07228915662651,Cambodia
CY,1998,13.838066766317887,Cyprus
GL,1998,19.085439229843562,Greenland [Denmark]
MG,1998,1.5020595690747782,Mongolia
PS,1998,76.52079866888519,Palau
RP,1998,56.63526434195725,Philippines
RQ,1998,56.63247038174638,Puerto Rico [United States]
RS,1998,15.50027871895919,Russia
SN,1998,74.46153846153847,Singapore
VE,1998,45.623668925459825,Venezuela
EG,1991,2.347331859804231,Egypt
GR,1991,15.508099352051836,Greece
TV,1991,74.93877551020408,Tuvalu
US,1991,25.137299156230814,United States
MA,2015,101.0244161358811,Madagascar
UP,2015,41.92271562766866,Ukraine
RW,2015,39.83050847457627,Rwanda
KG,2015,85.57692307692308,Kyrgyzstan
CT,2015,78.43213296398892,Central African Republic
NE,2015,29.15,Niue [New Zealand]
JO,1994,8.813317479191438,Jordan
BA,1994,416.5,Bahrain
GL,1987,15.128898128898129,Greenland [Denmark]
MB,1987,9.417857142857143,Martinique [France]
PL,1987,17.938706563706564,Poland
WZ,1987,22.845570819516816,Swaziland
AJ,1975,12.000686941859739,Azerbaijan
BY,1975,24.117808219178084,Burundi
CI,1975,303.59918032786885,Chile
CU,1975,12.39344262295082,Cuba
WA,1975,7.426785327531552,Namibia
GB,1978,49.06057206954571,Gabon
MQ,1978,33.97331240188383,Midway Islands [United States}
MR,1978,4.512772701845981,Mauritania
RI,1978,18.62648401826484,Serbia
RP,1978,94.65543695797199,Philippines
TV,1978,247.375,Tuvalu
CK,1978,0.0,Cocos (Keeling) Islands [Australia]
GM,1971,16.792771309882507,Germany
PO,1971,28.036594911937378,Portugal
MO,1971,50.01639344262295,Morocco
BL,2019,77.6850551654965,Bolivia
FP,2019,50.6374080882353,French Polynesia
GI,2019,8.825214899713467,Gibraltar [United Kingdom]
AG,2000,30.267960146827477,Algeria
CT,2000,81.68901303538175,Central African Republic
NH,2000,124.05058365758755,Vanuatu
CS,2000,96.16304347826087,Costa Rica
KG,1999,11.508384146341463,Kyrgyzstan
SZ,1999,48.20924657534247,Switzerland
GA,1999,72.42105263157895,"Gambia, The"
EI,1990,31.562323745064862,Ireland
HO,1990,49.98991838694191,Honduras
HR,1990,25.796206533192834,Croatia
MD,1990,10.373126142595979,Moldova
MX,1990,25.4122688600426,Mexico
SY,1990,5.874528809908455,Syria
TE,1990,16.3411214953271,Tromelin Island [France]
CG,1990,135.68965517241378,Congo (Kinshasa)
LA,1990,30.5,Laos
EC,1989,67.12337662337663,Ecuador
FI,1989,16.475549503396746,Finland
GR,1989,11.281857451403887,Greece
WA,1989,10.090862944162437,Namibia
GI,1989,39.7112676056338,Gibraltar [United Kingdom]
WI,1989,0.34797297297297297,Western Sahara
ER,1989,33.11363636363637,Eritrea
AG,1965,5.612882653061225,Algeria
EN,1965,14.074494135842247,Estonia
JQ,1965,14.454794520547946,Johnston Atoll [United States]
BO,1986,20.383509682571372,Belarus
EI,1986,33.041852181656274,Ireland
LG,1986,19.970867579908674,Latvia
MK,1986,16.13783783783784,Macedonia
PL,1986,7.621037463976945,Poland
RS,1986,12.949142646426157,Russia
SN,1986,70.11985018726591,Singapore
GL,1958,18.516607654695665,Greenland [Denmark]
TZ,1958,24.59794520547945,Tanzania
AC,1958,35.6497005988024,Antigua and Barbuda
IV,1997,62.44214249621021,Cote D'Ivoire
TX,1997,4.667555217060167,Turkmenistan
VE,1997,35.38770851624232,Venezuela
CD,1997,51.01908396946565,Chad
EC,1997,290.0,Ecuador
AL,1957,42.85753424657534,Albania
BY,1957,26.77260273972603,Burundi
CA,1957,20.866033383248247,Canada
CD,1957,20.44794794794795,Chad
CT,1957,44.52740413571572,Central African Republic
DA,1957,17.721265518622346,Denmark
EG,1957,2.120434092112229,Egypt
PS,1957,90.06308851224105,Palau
SY,1957,13.726920593931569,Syria
BK,1973,21.997260273972604,Bosnia and Herzegovina
LG,1973,17.08198043763235,Latvia
RS,1973,14.380629192991599,Russia
SW,1973,16.078400819249843,Sweden
BC,1950,13.725482473414731,Botswana
EN,1950,16.413702239789195,Estonia
SV,1950,8.786301369863013,Svalbard [Norway]
AL,1949,32.03013698630137,Albania
BE,1949,14.30958904109589,Belgium
CM,1949,99.62087912087912,Cameroon
KS,1949,23.638102524866106,"Korea, South"
ST,1949,13.0,Saint Lucia
US,1949,24.313663205072636,United States
ER,1970,5.521917808219178,Eritrea
TI,1970,10.991489361702127,Tajikistan
UP,1970,19.80571801799127,Ukraine
VM,1970,37.9026402640264,Vietnam
NL,1936,20.955425448868073,Netherlands
SF,1935,13.188938025407289,South Africa
SP,1935,13.59566216604424,Spain
SV,1935,11.480225988700566,Svalbard [Norway]
AM,1908,10.181208053691275,Armenia
BR,1907,42.78755555555556,Brazil
FI,1964,13.13871230920896,Finland
KN,1964,35.98764534883721,"Korea, North"
BR,1906,33.96160877513711,Brazil
AM,2023,51.26977401129943,Armenia
BO,2023,31.56300578034682,Belarus
GL,2023,56.364179104477614,Greenland [Denmark]
JN,2023,14.53448275862069,Jan Mayen [Norway]
ET,2023,28.627906976744185,Ethiopia
TO,2023,79.75,Togo
AS,1904,15.754361934352954,Australia
BR,1904,34.49024822695036,Brazil
EN,1904,14.21448087431694,Estonia
CO,1963,60.1256038647343,Colombia
GR,1963,22.436520376175547,Greece
IT,1963,25.879030558482615,Italy
KE,1963,23.97041095890411,Kenya
KR,1963,19.55068493150685,Kiribati
RP,1963,65.64156626506023,Philippines
SH,1963,36.287562189054725,Saint Helena [United Kingdom]
BD,1956,32.78112175102599,Bermuda [United Kingdom]
ER,1956,8.348360655737705,Eritrea
GR,1956,19.784699453551912,Greece
IN,1956,38.29921198202405,India
MQ,1956,36.041551246537395,Midway Islands [United States}
NG,1956,11.489344262295083,Niger
SZ,1956,38.70867924528302,Switzerland
UG,1956,33.646630236794174,Uganda
MT,1956,70.13636363636364,Malta
CK,1956,114.5,Cocos (Keeling) Islands [Australia]
BP,1955,79.19272727272727,Solomon Islands
FI,1955,21.30709677419355,Finland
GL,1955,19.807641048422923,Greenland [Denmark]
IV,1955,55.69489414694894,Cote D'Ivoire
LY,1955,5.544125326370757,Libya
VE,1955,31.304601899196495,Venezuela
EN,1946,13.680735087992524,Estonia
GV,1946,66.00206611570248,Guinea
MR,1946,2.1226934282939465,Mauritania
SI,1946,23.876712328767123,Slovenia
KS,1945,40.31506849315068,"Korea, South"
KG,1930,11.443804034582133,Kyrgyzstan
UK,1930,24.31398783666377,United Kingdom
NL,1929,15.982465753424657,Netherlands
GG,1928,22.33041958041958,Georgia
JN,1928,13.80327868852459,Jan Mayen [Norway]
SF,1928,14.411516268352223,South Africa
CA,1927,23.445194407662807,Canada
RQ,1915,44.659824673936285,Puerto Rico [United States]
MI,1915,0.0,Malawi
CY,1914,12.364137931034483,Cyprus
AS,1913,17.040286395089062,Australia
BE,1913,21.364383561643837,Belgium
KG,1913,9.004109589041096,Kyrgyzstan
MX,1913,22.106585788561524,Mexico
LE,1912,22.270491803278688,Lebanon
RQ,1912,48.0737172305624,Puerto Rico [United States]
FI,1911,13.417582417582418,Finland
LH,1911,9.786301369863013,Lithuania
TI,1910,21.35269121813031,Tajikistan
