Country_Code,year,avg(Value),Country_Name
DR,2011,76.61794871794872,Dominican Republic
SG,2011,95.59740259740259,Senegal
SA,2011,113.90277777777777,Saudi Arabia
MD,2011,52.588235294117645,Moldova
TO,2011,70.23,Togo
EN,2016,25.75076665737385,Estonia
JU,2016,44.18181818181818,Juan De Nova Island [France]
AG,2017,13.030283797261765,Algeria
CO,2017,60.52360965372508,Colombia
IS,2017,4.530329289428076,Israel
RI,2017,14.93040293040293,Serbia
RQ,2017,56.66421087098887,Puerto Rico [United States]
UZ,2017,62.83774834437086,Uzbekistan
CM,2017,98.53151260504201,Cameroon
GM,2006,20.2898110935357,Germany
KG,2006,2.258570029382958,Kyrgyzstan
LU,2006,24.446575342465753,Luxembourg
MD,2006,49.33846153846154,Moldova
NG,2006,66.98190045248869,Niger
GV,2006,157.75,Guinea
GA,2006,46.310344827586206,"Gambia, The"
NU,2006,11.25,Nicaragua
DA,2014,24.30947304294852,Denmark
GB,2014,174.62422360248448,Gabon
LU,2014,23.432876712328767,Luxembourg
UZ,2014,57.43236074270557,Uzbekistan
AU,2003,30.62560827250608,Austria
BA,2003,27.09090909090909,Bahrain
BM,2003,4.17907444668008,Burma
NU,2003,47.09375,Nicaragua
WA,2003,6.7546082949308754,Namibia
NH,2003,67.47820429407938,Vanuatu
AE,2003,13.445945945945946,United Arab Emirates
RI,1984,15.209471766848816,Serbia
SP,1984,17.721850146504813,Spain
WA,1984,5.682212453110053,Namibia
WQ,1984,26.346994535519126,Wake Island [United States]
LI,1984,8.72,Liberia
BR,1992,43.57658321134368,Brazil
CA,1992,23.06727246097942,Canada
HU,1992,21.419842886237998,Hungary
MO,1992,7.415290830581661,Morocco
NO,1992,38.007898988181275,Norway
AJ,1981,15.534347917987741,Azerbaijan
CF,1981,44.38025974025974,Congo (Brazzaville)
GG,1981,33.72329684043338,Georgia
HO,1981,91.34762833008448,Honduras
KE,1981,21.448800913589647,Kenya
ZI,1981,24.691330472103004,Zimbabwe
UV,1981,21.100570926657884,Burkina Faso
AO,1981,1.3793103448275863,Angola
HR,1988,26.278268179907524,Croatia
IC,1988,33.735430157261796,Iceland
ID,1988,29.075803212851405,Indonesia
IN,1988,32.514783787113466,India
SA,1988,1.3494550408719346,Saudi Arabia
UP,1988,18.13579081377219,Ukraine
ER,1988,12.620895522388059,Eritrea
CD,1988,82.52808988764045,Chad
AO,1974,17.939285714285713,Angola
CJ,1974,29.4986301369863,Cayman Islands [United Kingdom]
EC,1974,43.960162052667116,Ecuador
ER,1974,5.519178082191781,Eritrea
SW,1974,18.902359573107262,Sweden
WZ,1974,23.940127970749543,Swaziland
TV,1974,288.11538461538464,Tuvalu
AL,1980,43.4180569185476,Albania
AM,1980,8.830601092896174,Armenia
DA,1980,23.623366834170856,Denmark
US,1980,21.997484843140846,United States
NF,1980,10.735294117647058,Norfolk Island [Australia]
LA,1980,15.0,Laos
FM,1977,86.12074829931973,Federated States of Micronesia
GI,1977,30.21987951807229,Gibraltar [United Kingdom]
MI,1977,28.11902587519026,Malawi
UY,1977,40.56845589973989,Uruguay
CV,1977,0.0,Cape Verde
NF,1977,0.0,Norfolk Island [Australia]
BF,1977,32.229651162790695,"Bahamas, The"
BY,1969,25.752054794520546,Burundi
GP,1969,52.32876712328767,Guadeloupe [France]
NL,1969,18.750977547628427,Netherlands
US,1969,24.076287557133824,United States
IC,1966,28.06986301369863,Iceland
LU,1966,29.312826899128268,Luxembourg
PO,1966,43.41596638655462,Portugal
RI,1966,17.292237442922374,Serbia
TH,1966,48.92635314995564,Thailand
RP,1972,74.31615925058549,Philippines
AL,1960,57.94945355191257,Albania
BC,1960,11.472596585804133,Botswana
PA,1960,40.01092896174863,Paraguay
RI,1960,16.683060109289617,Serbia
JN,1959,23.73972602739726,Jan Mayen [Norway]
LO,1959,17.45693135935397,Slovakia
LY,1959,5.017174220963173,Libya
PS,1959,92.92180312787488,Palau
FR,1952,23.38111984174955,France
IT,1952,14.549925484351714,Italy
IZ,1952,1.6516516516516517,Iraq
NF,1952,48.886792452830186,Norfolk Island [Australia]
TX,1952,4.924147529575505,Turkmenistan
UK,1952,19.51744137873892,United Kingdom
MO,1951,14.388185654008439,Morocco
SW,1951,16.293579758828216,Sweden
TD,1951,60.02479338842975,Trinidad and Tobago
RQ,1944,46.82163168234929,Puerto Rico [United States]
SG,1944,13.617808219178082,Senegal
BK,1943,24.172602739726027,Bosnia and Herzegovina
JN,1943,9.241095890410959,Jan Mayen [Norway]
SP,1934,13.801068090787718,Spain
TS,1934,13.224643423137877,Tunisia
IS,1933,5.471232876712329,Israel
LY,1932,9.312478632478632,Libya
PO,1932,36.85792349726776,Portugal
AS,1931,18.803372117261375,Australia
EZ,1931,15.945205479452055,Czech Republic
MX,1931,25.18574165357212,Mexico
UG,1931,37.406027397260274,Uganda
WZ,1931,16.995302959135746,Swaziland
CY,1926,19.453424657534246,Cyprus
EI,1926,25.80730593607306,Ireland
GG,1926,17.43559718969555,Georgia
GL,1926,13.008219178082191,Greenland [Denmark]
WZ,1925,31.631822386679,Swaziland
CA,1924,21.15808478980213,Canada
GG,1924,11.407103825136613,Georgia
LT,1924,24.7367941712204,Lesotho
GL,1923,13.761087267525037,Greenland [Denmark]
LT,1923,20.739906103286383,Lesotho
AJ,1917,10.12609649122807,Azerbaijan
HU,1917,12.822465753424657,Hungary
SP,1917,20.747740345110927,Spain
NO,1902,25.947197197197198,Norway
BE,1900,18.482191780821918,Belgium
US,1900,25.933372275475737,United States
KZ,1899,4.554809843400448,Kazakhstan
UZ,1899,5.967123287671233,Uzbekistan
HR,1869,23.15890410958904,Croatia
GM,1866,17.72632129774987,Germany
US,1863,21.514570858283435,United States
AS,1862,15.04585188850404,Australia
AG,1862,15.32258064516129,Algeria
GM,1859,22.683143219264892,Germany
IT,1858,25.77054794520548,Italy
SW,1858,9.331360946745562,Sweden
HR,1857,0.0,Croatia
EZ,1856,11.830601092896174,Czech Republic
GM,1853,21.66839378238342,Germany
US,1851,19.675753228120517,United States
EZ,1847,16.172602739726027,Czech Republic
NL,1847,15.12054794520548,Netherlands
SW,1847,13.167123287671233,Sweden
IT,1838,24.44172932330827,Italy
UK,1831,20.610958904109587,United Kingdom
IT,1820,14.28688524590164,Italy
GM,1814,63.68478260869565,Germany
GM,1785,16.16986301369863,Germany
BK,2010,45.253292806484296,Bosnia and Herzegovina
LA,2010,105.54616384915475,Laos
RI,2010,23.410958904109588,Serbia
TV,2010,66.43312101910828,Tuvalu
US,2010,26.897814788067294,United States
CF,2010,86.33609271523179,Congo (Brazzaville)
LY,2010,15.077586206896552,Libya
VE,2010,68.25010725010725,Venezuela
GI,2012,16.631147540983605,Gibraltar [United Kingdom]
MF,2012,35.71857923497268,Mayotte [France]
MG,2012,52.50386930352536,Mongolia
UK,2012,31.81052170100833,United Kingdom
EG,2012,25.46875,Egypt
GB,2012,116.84302325581395,Gabon
PS,2009,118.41095890410959,Palau
TV,2009,65.83219954648526,Tuvalu
MA,2009,71.95063575168287,Madagascar
BD,2007,39.24517906336088,Bermuda [United Kingdom]
LY,2007,32.26231155778895,Libya
PE,2007,82.98246951219512,Peru
IN,2007,116.66032399074312,India
SY,2007,41.60655737704918,Syria
SG,2007,73.53881278538813,Senegal
MC,2018,48.853994490358126,Macau S.A.R
RP,2018,123.79731700204141,Philippines
TD,2018,44.329577464788734,Trinidad and Tobago
KZ,2018,51.583333333333336,Kazakhstan
SG,2018,85.89207650273224,Senegal
AQ,2020,135.28142076502732,American Samoa [United States]
BH,2020,49.62222222222222,Belize
NZ,2020,26.925634080275795,New Zealand
SV,2020,10.694736842105263,Svalbard [Norway]
FM,2004,96.49891130788212,Federated States of Micronesia
GL,2004,20.94810292193633,Greenland [Denmark]
TE,2004,24.208469055374593,Tromelin Island [France]
WI,2004,0.6722689075630253,Western Sahara
AS,2013,20.996822247222198,Australia
BR,2013,81.14775725593668,Brazil
SB,2013,29.938375350140056,Saint Pierre and Miquelon [France]
LI,2013,0.0,Liberia
GM,2021,21.919502499548276,Germany
HU,2021,17.949086161879894,Hungary
NF,2021,29.21323529411765,Norfolk Island [Australia]
NP,2021,43.79331306990881,Nepal
SP,2021,15.427842363316785,Spain
CW,2021,52.2,Cook Islands [New Zealand]
UZ,2021,46.129533678756474,Uzbekistan
NG,2021,59.96675531914894,Niger
CM,2021,109.68997668997669,Cameroon
BO,2005,17.715571708135307,Belarus
CK,2005,83.66666666666667,Cocos (Keeling) Islands [Australia]
SY,2005,7.623529411764705,Syria
VQ,2005,31.30895061728395,Virgin Islands [United States]
ES,2005,104.06432748538012,El Salvador
NI,2005,423.04761904761904,Nigeria
BL,1983,55.7273156899811,Bolivia
ES,1983,37.82784810126582,El Salvador
GI,1983,14.90391459074733,Gibraltar [United Kingdom]
MF,1983,73.47058823529412,Mayotte [France]
TI,1983,11.171986156508364,Tajikistan
LE,1983,8.726618705035971,Lebanon
AE,1983,5.2727272727272725,United Arab Emirates
AF,1983,0.0,Afghanistan
GR,1982,20.152143059892136,Greece
IC,1982,36.44711538461539,Iceland
KG,1982,9.820227808326788,Kyrgyzstan
MO,1982,10.528942115768464,Morocco
PL,1982,5.902217741935484,Poland
RI,1982,15.525114155251142,Serbia
UK,1982,28.318008388580708,United Kingdom
UZ,1982,7.211421911421912,Uzbekistan
NH,1982,34.88125,Vanuatu
KU,1982,12.574626865671641,Kuwait
GH,1982,22.88888888888889,Ghana
CI,1993,26.39681354244461,Chile
LY,1993,4.544439200880919,Libya
NZ,1993,31.85688983351045,New Zealand
SZ,1993,38.43287671232877,Switzerland
MI,1993,15.140625,Malawi
AQ,2002,125.85252808988764,American Samoa [United States]
BF,2002,65.84920634920636,"Bahamas, The"
GP,2002,37.216748768472904,Guadeloupe [France]
MA,2002,88.15542611894543,Madagascar
BA,2002,217.66666666666666,Bahrain
GL,1985,9.635625262568269,Greenland [Denmark]
RE,1985,69.7870036101083,Reunion [France]
US,1985,23.86720066206544,United States
SB,1985,0.0,Saint Pierre and Miquelon [France]
RO,1996,15.96679245283019,Romania
NP,1996,58.02564102564103,Nepal
CT,1996,87.82478632478633,Central African Republic
MC,1996,0.0,Macau S.A.R
BO,1995,16.66686097347712,Belarus
HO,1995,59.29255861365953,Honduras
KE,1995,22.686429930247304,Kenya
MB,1995,70.57225433526011,Martinique [France]
MG,1995,1.1486349848331647,Mongolia
SI,1995,39.91187128569358,Slovenia
WA,1995,5.114562118126273,Namibia
ML,1995,66.74971815107102,Mali
CJ,1995,16.455445544554454,Cayman Islands [United Kingdom]
EZ,1979,21.028132992327365,Czech Republic
GQ,1979,63.82962962962963,Guam [United States]
JN,1979,22.0986301369863,Jan Mayen [Norway]
KS,1979,26.096443228454174,"Korea, South"
MK,1979,20.853896103896105,Macedonia
AQ,2001,95.782340862423,American Samoa [United States]
BX,2001,101.34843205574913,Brunei
MX,2001,22.552175998932924,Mexico
RP,2001,111.78357380688124,Philippines
BF,2001,93.60891089108911,"Bahamas, The"
SA,2001,3.3333333333333335,Saudi Arabia
CY,2008,8.960918417195897,Cyprus
EI,2008,43.3968253968254,Ireland
EZ,2008,18.164547494390426,Czech Republic
HU,2008,21.10916860916861,Hungary
JA,2008,49.22978817788621,Japan
RP,2008,131.08930425752857,Philippines
BX,2008,126.88771929824561,Brunei
CM,2008,98.55287009063444,Cameroon
NF,2008,80.8,Norfolk Island [Australia]
AO,2008,24.714285714285715,Angola
BR,2022,56.30213333333333,Brazil
KE,2022,47.36486486486486,Kenya
MG,2022,39.42128121606949,Mongolia
NH,2022,123.32546266751756,Vanuatu
NL,2022,21.61782382921435,Netherlands
UZ,2022,67.83804627249357,Uzbekistan
CV,2022,51.020833333333336,Cape Verde
BG,1998,67.2773365913256,Bangladesh
CH,1998,22.989446870451236,China
MA,1998,65.76449054301403,Madagascar
ET,1998,59.37375415282392,Ethiopia
NI,1998,110.33333333333333,Nigeria
BK,1991,28.84931506849315,Bosnia and Herzegovina
BX,1991,62.79081632653061,Brunei
CE,1991,23.459965928449744,Sri Lanka
FI,1991,17.34166917568437,Finland
FP,1991,48.08945686900959,French Polynesia
KS,1991,76.28831473869641,"Korea, South"
MP,1991,39.209380234505865,Mauritius
NL,1991,17.653050118342172,Netherlands
PS,1991,109.455525606469,Palau
ER,1991,5.0,Eritrea
GG,1976,32.040649213430385,Georgia
HU,1976,15.552931369824952,Hungary
LU,1976,16.598360655737704,Luxembourg
MT,1976,39.64264264264264,Malta
FP,1976,1.2141652613827993,French Polynesia
AO,1967,17.50868725868726,Angola
LE,1967,23.384246575342466,Lebanon
SG,1967,8.5993413830955,Senegal
UP,1967,15.699063913647153,Ukraine
NZ,1967,33.16572504708098,New Zealand
DA,1968,19.4448087431694,Denmark
EN,1968,14.90354043954652,Estonia
FM,1968,99.24929971988796,Federated States of Micronesia
GQ,1968,65.89672016748081,Guam [United States]
HU,1968,14.046448087431694,Hungary
SW,1968,16.375030714794704,Sweden
UZ,1968,8.495241417110968,Uzbekistan
BF,1962,25.92669172932331,"Bahamas, The"
BN,1962,44.48821917808219,Benin
KR,1962,14.625651720542232,Kiribati
TU,1962,57.52745098039216,Turkey
WZ,1962,19.668213457076565,Swaziland
CY,1961,19.184246575342467,Cyprus
IV,1961,42.08547945205479,Cote D'Ivoire
UV,1961,22.774045098941556,Burkina Faso
CH,1954,24.901679165308117,China
EZ,1954,23.164356435643565,Czech Republic
KS,1954,40.65690677204958,"Korea, South"
TD,1954,44.419444444444444,Trinidad and Tobago
KN,1953,31.66025641025641,"Korea, North"
MQ,1953,32.47534246575343,Midway Islands [United States}
NL,1947,17.66248097412481,Netherlands
PK,1947,21.3406528189911,Pakistan
EZ,1942,25.638571428571428,Czech Republic
SZ,1942,33.08884540117417,Switzerland
WA,1942,10.868493150684932,Namibia
AG,1941,4.924603174603175,Algeria
GL,1941,14.335616438356164,Greenland [Denmark]
NO,1941,24.119832562720582,Norway
SG,1941,6.994490358126722,Senegal
GG,1938,28.090115263709396,Georgia
BC,1937,13.874281018898932,Botswana
EG,1937,1.182163843760802,Egypt
PK,1937,17.25206991720331,Pakistan
AY,2015,16.4807172684844,Antarctica
WF,2015,80.05648854961832,Wallis and Futuna [France]
CU,2015,46.04449152542373,Cuba
BD,2019,47.081911262798634,Bermuda [United Kingdom]
FJ,2019,77.19739696312364,Fiji
UP,2019,24.4121383203952,Ukraine
NG,2019,66.32933478735005,Niger
BK,2000,31.041666666666668,Bosnia and Herzegovina
CO,2000,59.78547553934974,Colombia
HU,2000,15.840619307832423,Hungary
LG,2000,37.375880281690144,Latvia
LO,2000,24.043187347931873,Slovakia
MD,2000,14.31186440677966,Moldova
TZ,2000,72.0880503144654,Tanzania
WZ,2000,71.37931034482759,Swaziland
BF,2000,72.6559633027523,"Bahamas, The"
BH,1994,64.93666666666667,Belize
CQ,1994,57.56672760511883,Northern Mariana Islands [United States]
MX,1994,21.008152199975065,Mexico
RP,1994,53.21565191998832,Philippines
ES,1994,53.625,El Salvador
GY,1994,91.0,Guyana
GH,1994,71.72365038560412,Ghana
BD,1987,39.00547945205479,Bermuda [United Kingdom]
DA,1987,22.91774147320149,Denmark
MZ,1987,24.741846893237213,Mozambique
AR,1975,32.14042553191489,Argentina
AU,1975,29.899159663865547,Austria
MD,1975,11.17981220657277,Moldova
NL,1975,18.07791519757394,Netherlands
TH,1975,49.84811249049911,Thailand
ZA,1975,25.852375038807825,Zambia
RE,1975,18.857142857142858,Reunion [France]
MB,1975,338.8,Martinique [France]
GM,1922,24.134032453228258,Germany
UP,1922,14.626293995859212,Ukraine
GL,1916,14.67896174863388,Greenland [Denmark]
IS,1921,13.569868995633188,Israel
RQ,1918,42.72808132147395,Puerto Rico [United States]
AG,1918,98.0,Algeria
BC,1920,12.890710382513662,Botswana
EI,1920,23.383159886471145,Ireland
IT,1920,25.240827478532395,Italy
RQ,1920,41.32904322486644,Puerto Rico [United States]
AJ,1919,16.233490566037737,Azerbaijan
AM,1919,17.116883116883116,Armenia
EI,1898,24.092237442922375,Ireland
MI,1898,0.0,Malawi
GL,1897,9.989082969432314,Greenland [Denmark]
EN,1894,12.744657534246576,Estonia
RS,1894,13.4315137987013,Russia
EI,1893,21.117808219178084,Ireland
RO,1893,18.613698630136987,Romania
SF,1893,17.1846120782291,South Africa
UZ,1892,7.560344827586207,Uzbekistan
AU,1890,33.9013698630137,Austria
CY,1890,14.698630136986301,Cyprus
EI,1890,22.918123275068996,Ireland
GM,1890,19.270634255378596,Germany
AU,1889,31.95068493150685,Austria
TX,1886,5.304109589041096,Turkmenistan
BO,1884,12.39344262295082,Belarus
HR,1883,23.19269406392694,Croatia
GM,1882,25.029051825050548,Germany
GL,1881,7.646575342465753,Greenland [Denmark]
RS,1880,53.595628415300546,Russia
SF,1880,12.018625909180264,South Africa
DA,1878,16.160861056751468,Denmark
EI,1877,20.81917808219178,Ireland
SF,1877,12.210675293166195,South Africa
NL,1875,19.5881708652793,Netherlands
GM,1874,15.37156995051732,Germany
UK,1873,8.276712328767124,United Kingdom
US,1873,29.598732325694783,United States
EZ,1871,9.67123287671233,Czech Republic
NL,1870,19.8648401826484,Netherlands
UK,1870,14.09041095890411,United Kingdom
IT,1999,20.83622145205723,Italy
RI,1999,23.8675799086758,Serbia
KE,1999,27.59375,Kenya
NP,1999,115.51851851851852,Nepal
SG,1999,28.95519348268839,Senegal
CK,1999,1.853658536585366,Cocos (Keeling) Islands [Australia]
LI,1978,76.12711864406779,Liberia
PP,1978,73.05022831050228,Papua New Guinea
SU,1978,11.508310871518418,Sudan
TH,1978,43.04780757003179,Thailand
MF,1978,45.203125,Mayotte [France]
EZ,1990,16.568788501026695,Czech Republic
FJ,1990,61.35341365461847,Fiji
FP,1990,49.57102615694165,French Polynesia
MP,1990,34.50082462891699,Mauritius
SE,1990,56.465753424657535,Seychelles
US,1990,25.96931220854745,United States
NP,1990,531.0,Nepal
MP,1989,46.858082191780824,Mauritius
NL,1989,17.7642199980668,Netherlands
PL,1989,14.521444695259593,Poland
BX,1989,70.55511811023622,Brunei
CO,1971,69.65409990574929,Colombia
TX,1971,3.8597421297205314,Turkmenistan
TZ,1971,23.78027265437049,Tanzania
BY,1965,22.832876712328765,Burundi
CA,1965,22.81186107608979,Canada
CO,1965,57.76482903000698,Colombia
EZ,1965,16.397260273972602,Czech Republic
SP,1965,17.668050108517686,Spain
SY,1965,12.539041095890411,Syria
BF,1958,32.2703196347032,"Bahamas, The"
CY,1958,12.845890410958905,Cyprus
FR,1958,25.84579824240205,France
KZ,1958,10.962752847496683,Kazakhstan
WQ,1958,18.147945205479452,Wake Island [United States]
ZI,1958,28.95277777777778,Zimbabwe
AG,1957,12.407246376811594,Algeria
BC,1957,14.43807836188226,Botswana
BO,1957,17.15864385095154,Belarus
PL,1957,43.16597510373444,Poland
SV,1957,10.95068493150685,Svalbard [Norway]
TI,1957,13.36773436927362,Tajikistan
UV,1957,28.704431247144814,Burkina Faso
PK,1957,7.346641318124208,Pakistan
BF,1986,36.611111111111114,"Bahamas, The"
EC,1986,62.28166915052161,Ecuador
NS,1986,54.96989966555184,Suriname
TX,1986,3.8461538461538463,Turkmenistan
CE,1986,34.17824377457405,Sri Lanka
AS,1997,17.435564490373412,Australia
BR,1997,42.58799440392583,Brazil
EG,1997,3.1786743515850144,Egypt
SZ,1997,34.65445205479452,Switzerland
CU,1997,11.80939226519337,Cuba
UV,1997,49.32576419213974,Burkina Faso
BY,1950,24.045205479452054,Burundi
MD,1950,10.611059479553903,Moldova
MK,1950,12.761643835616438,Macedonia
TZ,1950,28.427866154690072,Tanzania
WQ,1950,38.12876712328767,Wake Island [United States]
MY,1950,132.38,Malaysia
BK,1949,24.654794520547945,Bosnia and Herzegovina
BR,1949,29.839120114195897,Brazil
GL,1949,16.586368977673324,Greenland [Denmark]
LT,1949,24.06687898089172,Lesotho
SW,1949,17.877105261955144,Sweden
AQ,1973,113.57044198895028,American Samoa [United States]
BR,1973,35.24570620155039,Brazil
RQ,1973,37.97149807685986,Puerto Rico [United States]
EG,1973,0.9837662337662337,Egypt
TS,1973,1162.0,Tunisia
AM,1940,14.675917945181865,Armenia
EZ,1940,34.20844686648501,Czech Republic
LH,1940,14.803863298662705,Lithuania
MI,1940,26.455581947743468,Malawi
US,1940,25.23436536702021,United States
VQ,1940,25.066246056782333,Virgin Islands [United States]
TI,1939,8.401601443554753,Tajikistan
BC,1970,8.53015681544029,Botswana
ET,1970,29.031609720445825,Ethiopia
LY,1970,2.363762102351314,Libya
MI,1970,28.754946727549466,Malawi
IS,1964,12.948542805100182,Israel
NL,1964,18.398438719750196,Netherlands
BO,1936,14.954092920353983,Belarus
PL,1936,37.08571428571429,Poland
BC,1935,8.44458229942101,Botswana
RQ,1935,46.96872466118383,Puerto Rico [United States]
SP,1909,13.10958904109589,Spain
CY,1907,11.587671232876712,Cyprus
UZ,1907,8.447945205479453,Uzbekistan
CA,1956,22.376860197023685,Canada
GV,1956,62.40573770491803,Guinea
UP,1956,14.525894780022561,Ukraine
CB,1956,61.36607142857143,Cambodia
HU,1906,20.699178082191782,Hungary
UP,1906,16.297743661316584,Ukraine
NG,1906,285.7,Niger
DA,1905,16.991287128712873,Denmark
SW,1905,14.010895712466393,Sweden
TX,1905,4.115555555555556,Turkmenistan
CI,2023,1.0353260869565217,Chile
DR,2023,31.2,Dominican Republic
EG,2023,34.0625,Egypt
GG,2023,18.785365853658536,Georgia
SZ,2023,15.557565789473685,Switzerland
KG,2023,56.34375,Kyrgyzstan
KU,2023,28.59090909090909,Kuwait
GG,1904,34.14646464646464,Georgia
SF,1904,13.235856455958078,South Africa
HU,1955,23.131472081218273,Hungary
JQ,1955,23.075342465753426,Johnston Atoll [United States]
MD,1955,16.32638888888889,Moldova
SG,1955,20.806038426349495,Senegal
SZ,1955,39.98754716981132,Switzerland
TX,1946,3.871093327565697,Turkmenistan
SW,1945,18.49223871962977,Sweden
SY,1945,11.55067155067155,Syria
UK,1945,21.112134734417733,United Kingdom
CH,1945,7.043478260869565,China
SI,1929,35.917808219178085,Slovenia
EZ,1928,12.046448087431694,Czech Republic
WZ,1928,16.66104868913858,Swaziland
KS,1927,25.506849315068493,"Korea, South"
PK,1927,16.386831275720166,Pakistan
IN,1914,34.72913274502778,India
IT,1914,23.73458904109589,Italy
TX,1913,5.584005376344086,Turkmenistan
MI,1913,0.0,Malawi
BE,1912,25.07103825136612,Belgium
FI,1912,13.166666666666666,Finland
EI,1911,18.041095890410958,Ireland
SF,1911,17.247864149351333,South Africa
FR,1910,32.989345509893454,France
