Country_Code,year,avg(Value),Country_Name
AE,2008,5.586792452830188,United Arab Emirates
BC,2008,65.90625,Botswana
BD,2008,40.37396121883656,Bermuda [United Kingdom]
BK,2008,28.994711792702272,Bosnia and Herzegovina
FS,2008,38.46595460614152,French Southern and Antarctic Lands [France]
MZ,2008,75.90121155638397,Mozambique
PO,2008,61.95225464190982,Portugal
SZ,2008,39.94501366120219,Switzerland
TU,2008,13.980828846467613,Turkey
US,2008,26.925332240240596,United States
MO,2008,40.01059730250482,Morocco
BL,2022,82.38274071114662,Bolivia
EN,2022,14.684256337721685,Estonia
RI,2022,16.80183486238532,Serbia
TO,2022,72.24079320113314,Togo
BD,2015,40.00281690140845,Bermuda [United Kingdom]
ID,2015,162.4073275862069,Indonesia
LH,2015,33.828330206378986,Lithuania
SN,2015,34.76164383561644,Singapore
US,2015,31.52160728493746,United States
MR,2015,51.32105263157895,Mauritania
FK,2019,15.497252747252746,Falkland Islands (Islas Malvinas) [United Kingdom]
IT,2019,20.054371093415533,Italy
KR,2019,97.27714285714286,Kiribati
MY,2019,66.41374103435258,Malaysia
PE,2019,71.59366891541256,Peru
RM,2019,66.78328402366864,Marshall Islands
SP,2019,17.254416495776344,Spain
BN,2019,77.5460358056266,Benin
CD,2019,80.06183368869937,Chad
AM,2000,7.814207650273224,Armenia
AR,2000,51.346862363336825,Argentina
BO,2000,17.658128415300546,Belarus
ID,2000,40.39393939393939,Indonesia
RS,2000,15.369691028114229,Russia
TS,2000,22.9559902200489,Tunisia
TU,2000,74.08215962441315,Turkey
CG,2000,46.17391304347826,Congo (Kinshasa)
AQ,1999,86.00235849056604,American Samoa [United States]
BU,1999,17.23185011709602,Bulgaria
ML,1999,12.699784017278617,Mali
TE,1999,24.48235294117647,Tromelin Island [France]
TO,1999,54.669064748201436,Togo
BM,1999,0.0,Burma
BF,1990,46.59546925566343,"Bahamas, The"
BK,1990,17.312328767123287,Bosnia and Herzegovina
GL,1990,18.614396969059147,Greenland [Denmark]
IC,1990,34.12179487179487,Iceland
MG,1990,1.8831830654645236,Mongolia
RW,1990,41.19101123595506,Rwanda
SA,1990,5.079675894665766,Saudi Arabia
WA,1990,9.86511423550088,Namibia
EU,1990,21.817204301075268,Europa Island [France]
AU,1989,34.23217484772483,Austria
JN,1989,22.197260273972603,Jan Mayen [Norway]
NO,1989,39.14692331060555,Norway
TI,1989,12.095778166375219,Tajikistan
IV,1989,74.53102453102453,Cote D'Ivoire
SU,1986,10.105839416058394,Sudan
TE,1986,39.16475095785441,Tromelin Island [France]
CT,1986,79.05052790346907,Central African Republic
BE,1997,19.197260273972603,Belgium
BP,1997,48.41156069364162,Solomon Islands
IO,1997,62.78356164383562,British Indian Ocean Territory [United Kingdom]
KG,1997,9.970671712393568,Kyrgyzstan
LO,1997,18.025227043390515,Slovakia
ES,1997,25.526315789473685,El Salvador
AJ,1997,5.0,Azerbaijan
AG,1973,8.426778242677825,Algeria
MQ,1973,23.413698630136988,Midway Islands [United States}
MX,1973,29.732300742109786,Mexico
SU,1973,11.41777869020735,Sudan
UK,1973,20.750139862002825,United Kingdom
IN,1973,43.270498835641625,India
RW,1973,0.0,Rwanda
LA,1970,46.537184115523466,Laos
LT,1970,15.028082191780822,Lesotho
DA,1964,15.091530054644808,Denmark
ID,1964,116.01849405548217,Indonesia
LH,1964,12.762102549412775,Lithuania
NO,1964,35.48913632197317,Norway
BU,1964,61.47863247863248,Bulgaria
AU,1963,27.139633886760322,Austria
CH,1963,19.514888422554144,China
ET,1963,34.91577852872368,Ethiopia
HR,1963,32.28261327713383,Croatia
IS,1963,9.452054794520548,Israel
NZ,1963,28.056224899598394,New Zealand
PP,1956,86.09354838709677,Papua New Guinea
VQ,1956,29.57377049180328,Virgin Islands [United States]
ZA,1956,32.13326602725896,Zambia
RM,1955,70.69315068493151,Marshall Islands
SY,1955,6.698019801980198,Syria
TU,1955,42.08856088560886,Turkey
WA,1955,11.006164383561643,Namibia
BR,1946,28.494453589184708,Brazil
IV,1946,38.32323746500382,Cote D'Ivoire
TI,1946,6.680822183439984,Tajikistan
BE,1930,25.4027397260274,Belgium
EI,1930,28.111415525114154,Ireland
IN,1930,34.54518224128524,India
US,1930,21.285894326661943,United States
LE,1929,18.90684931506849,Lebanon
SP,1929,13.550947443689667,Spain
BC,1928,13.730736483610047,Botswana
MI,1928,23.183406113537117,Malawi
MO,1928,13.071207430340557,Morocco
UK,1928,23.276880319610907,United Kingdom
IT,1927,20.185518590998043,Italy
BO,1915,16.449715370018975,Belarus
WA,1915,8.601369863013698,Namibia
NL,1914,21.401780821917807,Netherlands
BK,1913,28.663013698630138,Bosnia and Herzegovina
EN,1913,12.714760036220948,Estonia
EZ,1913,12.597260273972603,Czech Republic
PK,1913,17.393150684931506,Pakistan
RQ,1913,40.22340749771411,Puerto Rico [United States]
DA,1912,19.656908665105387,Denmark
NL,1912,23.075136612021858,Netherlands
WZ,1912,21.926509186351705,Swaziland
EN,1911,13.950109821148416,Estonia
MD,1910,15.046575342465754,Moldova
WZ,1910,30.097591888466415,Swaziland
CE,2009,40.247750865051906,Sri Lanka
CW,2009,35.091603053435115,Cook Islands [New Zealand]
LG,2009,42.71722846441948,Latvia
VM,2009,47.61228406909789,Vietnam
CD,2009,101.66071428571429,Chad
AS,2007,19.57293628377882,Australia
BO,2007,17.35487838971205,Belarus
CJ,2007,35.61993769470405,Cayman Islands [United Kingdom]
EU,2007,3.1584158415841586,Europa Island [France]
JA,2007,51.813362569328,Japan
KU,2007,17.49823943661972,Kuwait
CH,2013,52.853896786991676,China
EI,2013,31.47369901547117,Ireland
FI,2013,16.6036767372444,Finland
MY,2013,74.72442307692307,Malaysia
RW,2013,68.91452991452991,Rwanda
QA,2013,47.714285714285715,Qatar
CY,2021,6.695783132530121,Cyprus
GL,2021,24.065180102915953,Greenland [Denmark]
BX,2002,82.6875,Brunei
HR,2002,32.909551558145424,Croatia
IV,2002,78.52795698924731,Cote D'Ivoire
MB,2002,40.829861111111114,Martinique [France]
US,2002,23.452047047187744,United States
BN,2002,51.483464566929136,Benin
EG,2002,4.224267211997273,Egypt
NS,2002,65.28571428571429,Suriname
AE,2002,52.6875,United Arab Emirates
AY,2001,65.62131065532766,Antarctica
EI,2001,29.647435897435898,Ireland
FI,2001,16.883743669627023,Finland
AE,2001,14.666666666666666,United Arab Emirates
TV,2001,199.72727272727272,Tuvalu
AL,1998,64.71028037383178,Albania
BU,1998,21.07418397626113,Bulgaria
FS,1998,24.940162271805274,French Southern and Antarctic Lands [France]
LU,1998,25.38986301369863,Luxembourg
PL,1998,18.210946863763485,Poland
CM,1998,91.80718336483932,Cameroon
NP,1998,69.73493975903614,Nepal
FS,1991,65.07931570762052,French Southern and Antarctic Lands [France]
NC,1991,130.78955007256894,New Caledonia [France]
SE,1991,68.57534246575342,Seychelles
BN,1991,77.7,Benin
TL,1991,101.85,Tokelau [New Zealand]
NL,1994,25.622461699963914,Netherlands
AQ,1987,95.05377574370709,American Samoa [United States]
BE,1987,24.887671232876713,Belgium
EI,1987,28.56942857142857,Ireland
LY,1987,6.6908378245957865,Libya
NO,1987,30.788607975419144,Norway
UP,1987,15.442831551410373,Ukraine
MJ,1987,25.20983606557377,Montenegro
HR,1975,27.485142255005268,Croatia
KS,1975,10.854625550660794,"Korea, South"
LO,1975,17.816221284575715,Slovakia
VM,1975,27.048387096774192,Vietnam
CD,1978,22.280463096960926,Chad
FI,1978,12.585542444200513,Finland
FM,1978,95.40901594282573,Federated States of Micronesia
MD,1978,17.39494851994852,Moldova
WZ,1978,28.431588613406795,Swaziland
TL,1978,411.5,Tokelau [New Zealand]
GB,2010,134.79664179104478,Gabon
KE,2010,52.79481132075472,Kenya
KS,2010,127.88082901554404,"Korea, South"
LE,2010,21.080174927113703,Lebanon
MZ,2010,73.77166276346604,Mozambique
RS,2010,15.014182738310405,Russia
BL,2012,99.6870852475753,Bolivia
MV,2012,5.762195121951219,Maldives
TI,2012,5.0,Tajikistan
SL,2012,832.25,Sierra Leone
BO,2018,26.231819859726837,Belarus
CS,2018,112.86498855835241,Costa Rica
EG,2018,77.6056338028169,Egypt
EZ,2018,23.581967213114755,Czech Republic
GI,2018,23.333333333333332,Gibraltar [United Kingdom]
BG,2020,85.9828125,Bangladesh
MK,2020,13.986749116607774,Macedonia
WF,2020,111.74504249291785,Wallis and Futuna [France]
GB,2020,92.47297297297297,Gabon
VE,2020,61.60245901639344,Venezuela
EK,2020,115.7008547008547,Equatorial Guinea
CF,2004,23.095238095238095,Congo (Brazzaville)
IC,2004,37.90993449781659,Iceland
SW,2004,18.379299436771856,Sweden
CE,2004,38.32874354561102,Sri Lanka
KN,2004,146.52901023890786,"Korea, North"
BD,1971,36.75068493150685,Bermuda [United Kingdom]
CQ,1971,80.03877221324717,Northern Mariana Islands [United States]
DA,1971,15.899543378995434,Denmark
GP,1971,32.63013698630137,Guadeloupe [France]
LT,1971,18.465686274509803,Lesotho
MP,1971,37.33972602739726,Mauritius
PM,1971,72.43093922651934,Panama
SP,1971,19.427881148132123,Spain
GG,2005,13.9765625,Georgia
LO,2005,21.84813596491228,Slovakia
MP,2005,43.23830985915493,Mauritius
NS,2005,89.4040404040404,Suriname
TZ,2005,53.03118040089087,Tanzania
KN,2005,138.47413793103448,"Korea, North"
MI,2005,56.0,Malawi
EN,1983,18.05120213713268,Estonia
ET,1983,27.119569471624267,Ethiopia
FM,1983,84.10479867622725,Federated States of Micronesia
MO,1983,8.734829168791434,Morocco
ML,1983,87.07372654155496,Mali
CO,1982,42.33307839388145,Colombia
RM,1982,85.51095890410959,Marshall Islands
GI,1982,26.038327526132406,Gibraltar [United Kingdom]
LI,1982,15.458333333333334,Liberia
AM,1993,12.538356164383561,Armenia
BL,1993,62.53189401373896,Bolivia
CT,1993,76.5054794520548,Central African Republic
GP,1993,39.94978165938865,Guadeloupe [France]
ID,1993,25.303001963901618,Indonesia
SA,1993,106.16835016835017,Saudi Arabia
NU,1993,45.96078431372549,Nicaragua
UV,1993,80.86503719447397,Burkina Faso
CD,1993,74.02875399361022,Chad
EG,1965,1.4185123966942148,Egypt
GR,1965,19.389082462253192,Greece
IN,1965,24.212156016093246,India
MR,1965,5.194788768024285,Mauritania
NL,1965,25.8701688812352,Netherlands
SW,1965,17.558817812388003,Sweden
VM,1965,67.20493066255779,Vietnam
AL,1985,37.42814371257485,Albania
CE,1985,40.81342062193126,Sri Lanka
DA,1985,23.058562555456966,Denmark
ET,1985,26.627247725830337,Ethiopia
NO,1985,32.76449110373321,Norway
SF,1985,16.967813967371963,South Africa
UK,1985,25.843814154511076,United Kingdom
VE,1985,43.831528582221104,Venezuela
SG,1985,77.26160990712074,Senegal
AM,1996,9.941336971350614,Armenia
CA,1996,25.52801256574812,Canada
CK,1996,24.294117647058822,Cocos (Keeling) Islands [Australia]
ID,1996,32.25304182509506,Indonesia
JU,1996,19.759002770083104,Juan De Nova Island [France]
NZ,1996,32.40025906735751,New Zealand
PP,1996,70.96539162112933,Papua New Guinea
TZ,1996,34.863425925925924,Tanzania
QA,1996,104.53846153846153,Qatar
AL,1995,63.2,Albania
IN,1995,36.11399016277065,India
LY,1995,5.223487824037706,Libya
MO,1995,8.75490966221524,Morocco
PP,1995,71.68949771689498,Papua New Guinea
LA,1995,22.666666666666668,Laos
CF,1958,33.99520547945205,Congo (Brazzaville)
ET,1958,32.22967117002294,Ethiopia
GI,1958,33.38509316770186,Gibraltar [United Kingdom]
IR,1958,21.51396648044693,Iran
LH,1958,16.992,Lithuania
AY,1979,5.045616113744076,Antarctica
GV,1979,52.142857142857146,Guinea
MR,1979,3.697618161518422,Mauritania
MX,1979,24.36991183692477,Mexico
NH,1979,1.415948275862069,Vanuatu
RM,1979,76.1013698630137,Marshall Islands
RP,1979,44.976352445740204,Philippines
SZ,1979,38.025,Switzerland
WF,1979,4.136125654450262,Wallis and Futuna [France]
EI,1976,26.720554926387315,Ireland
GB,1976,60.26746773475745,Gabon
HO,1976,656.4444444444445,Honduras
GY,1976,1213.3333333333333,Guyana
EG,1976,6.383720930232558,Egypt
BF,1967,26.176255707762557,"Bahamas, The"
CF,1967,40.23992673992674,Congo (Brazzaville)
GR,1967,18.878294573643412,Greece
HR,1967,27.84238438693254,Croatia
TO,1967,35.134320175438596,Togo
CE,1967,51.5,Sri Lanka
GR,1968,21.534615384615385,Greece
IT,1968,29.913086714399363,Italy
SF,1968,12.619257540032798,South Africa
SY,1968,16.378415300546447,Syria
TZ,1968,35.99234763596611,Tanzania
AQ,1962,169.3750756200847,American Samoa [United States]
EG,1962,0.7068314452454514,Egypt
ER,1962,7.668493150684932,Eritrea
KG,1962,10.656155245603395,Kyrgyzstan
PO,1962,26.881095890410958,Portugal
SH,1962,3.0452054794520547,Saint Helena [United Kingdom]
US,1962,22.586829410660165,United States
SW,1961,18.109994837410092,Sweden
US,1961,25.312010323039956,United States
PL,1961,47.16711590296496,Poland
CK,1954,72.3037037037037,Cocos (Keeling) Islands [Australia]
CT,1954,42.69364564007421,Central African Republic
UY,1954,36.76431924882629,Uruguay
IR,1954,49.5,Iran
CH,1957,20.613411070564712,China
GV,1957,69.5637422892392,Guinea
RQ,1957,36.988420604512555,Puerto Rico [United States]
TS,1957,15.640866873065015,Tunisia
CU,1953,14.871232876712329,Cuba
ER,1953,13.205479452054794,Eritrea
JQ,1953,8.887671232876713,Johnston Atoll [United States]
KR,1953,25.158839779005525,Kiribati
TH,1953,51.231475726814445,Thailand
TU,1953,54.525262154432795,Turkey
PA,1953,46.99700598802395,Paraguay
LG,1947,12.533861386138614,Latvia
RP,1947,52.61349693251534,Philippines
SP,1950,15.134971644612476,Spain
UV,1950,22.734979040521658,Burkina Faso
SY,1950,3.4065934065934065,Syria
PL,1942,44.354166666666664,Poland
UZ,1942,8.534504132231405,Uzbekistan
AU,1941,27.835616438356166,Austria
EG,1941,0.6895306859205776,Egypt
BE,1938,19.350684931506848,Belgium
US,1938,25.33138121091334,United States
WA,1938,12.90958904109589,Namibia
KG,1937,11.728456221198156,Kyrgyzstan
NO,1937,25.033993223756056,Norway
SG,1937,7.457534246575342,Senegal
GV,1949,57.31360332294912,Guinea
PM,1949,77.37022132796781,Panama
RI,1949,17.711415525114155,Serbia
TU,1949,70.44233807266983,Turkey
FR,1940,23.86252843678908,France
KE,1940,29.297814207650273,Kenya
LG,1940,15.849,Latvia
KS,1939,24.972602739726028,"Korea, South"
AU,1936,30.22040072859745,Austria
EZ,1936,13.94535519125683,Czech Republic
LH,1936,16.74831081081081,Lithuania
RO,1936,15.755191256830601,Romania
BR,1935,29.433863306692455,Brazil
UZ,1909,4.713698630136986,Uzbekistan
KZ,1908,8.241095400035798,Kazakhstan
CA,1907,20.63052856870721,Canada
GM,1906,20.84237845142664,Germany
RQ,1906,42.84444444444444,Puerto Rico [United States]
UK,1906,20.85269899359561,United Kingdom
KG,1905,12.364383561643836,Kyrgyzstan
EZ,2023,24.228882833787466,Czech Republic
IZ,2023,11.634146341463415,Iraq
MV,2023,18.135135135135137,Maldives
RM,2023,80.61029411764706,Marshall Islands
RO,2023,18.18054054054054,Romania
SE,2023,71.55072463768116,Seychelles
SV,2023,19.420289855072465,Svalbard [Norway]
BM,2023,0.46405228758169936,Burma
ID,2023,163.61132075471698,Indonesia
CV,2023,8.25,Cape Verde
BO,1922,19.27859569648924,Belarus
GL,1922,16.42054794520548,Greenland [Denmark]
EN,1916,15.06687306501548,Estonia
NL,1921,11.915890410958903,Netherlands
SW,1918,14.207884158596748,Sweden
IS,1920,17.959016393442624,Israel
MO,1920,8.833107191316147,Morocco
SG,1920,18.36413043478261,Senegal
NO,1898,30.636399217221136,Norway
TI,1898,1.9358024691358025,Tajikistan
TS,1898,7.243293246993525,Tunisia
TX,1898,2.7830423940149625,Turkmenistan
AM,1897,11.532908704883226,Armenia
KZ,1895,7.061902783547985,Kazakhstan
TX,1895,5.6017964071856285,Turkmenistan
AU,1893,28.665753424657535,Austria
LT,1893,32.64835164835165,Lesotho
MD,1893,11.383561643835616,Moldova
UP,1890,11.618181818181819,Ukraine
BO,1889,15.4337899543379,Belarus
EZ,1889,14.8,Czech Republic
CY,1888,12.836065573770492,Cyprus
NL,1888,17.867950481430537,Netherlands
AU,1886,28.482191780821918,Austria
GM,1883,17.92346663792174,Germany
EN,1882,12.95890410958904,Estonia
HR,1882,31.694977168949773,Croatia
US,1882,29.91683106634825,United States
SF,1881,11.92326494980358,South Africa
EZ,1878,10.487671232876712,Czech Republic
IT,1875,23.00587084148728,Italy
EN,1873,16.475342465753425,Estonia
HR,1871,22.22298221614227,Croatia
HR,1870,26.346575342465755,Croatia
IT,1870,20.96876712328767,Italy
CU,2011,46.597164303586325,Cuba
IV,2011,75.43552311435523,Cote D'Ivoire
LO,2011,14.879187259747392,Slovakia
RP,2011,143.65928189457603,Philippines
SN,2011,69.23561643835616,Singapore
SP,2011,16.731148065238248,Spain
CW,2011,36.15384615384615,Cook Islands [New Zealand]
MI,2011,67.86363636363636,Malawi
BN,2011,77.32972136222911,Benin
LG,2016,39.70048309178744,Latvia
TZ,2016,82.4665676077266,Tanzania
VE,2016,55.285714285714285,Venezuela
GG,2017,47.858285714285714,Georgia
ID,2017,141.64975247524754,Indonesia
KR,2017,27.946478873239435,Kiribati
MZ,2017,76.76371616678858,Mozambique
CB,2017,100.16666666666667,Cambodia
SG,2017,107.6606648199446,Senegal
UV,2017,67.48930099857347,Burkina Faso
CY,2006,10.369426751592357,Cyprus
IN,2006,108.3248743718593,India
MO,2006,48.64987080103359,Morocco
CV,2006,80.81818181818181,Cape Verde
AU,2014,37.80511571254568,Austria
BR,2014,90.17817561807331,Brazil
FG,2014,78.39943609022556,French Guiana [France]
UK,2014,29.96690137088601,United Kingdom
WZ,2014,58.37391304347826,Swaziland
AG,2003,15.033237390350877,Algeria
JN,2003,18.232876712328768,Jan Mayen [Norway]
MY,2003,87.70002279462047,Malaysia
SY,2003,7.656796769851952,Syria
CW,2003,82.60588235294118,Cook Islands [New Zealand]
TV,2003,87.95185185185186,Tuvalu
NS,2003,71.2719298245614,Suriname
AY,1984,3.269362186788155,Antarctica
KS,1984,74.74887314874437,"Korea, South"
NU,1984,44.43279083785413,Nicaragua
TO,1984,88.72086720867209,Togo
IC,1992,37.18892794376099,Iceland
WF,1992,97.59385113268608,Wallis and Futuna [France]
FS,1992,54.384114583333336,French Southern and Antarctic Lands [France]
IV,1992,68.17151515151515,Cote D'Ivoire
FG,1981,85.17429193899783,French Guiana [France]
ID,1981,63.74905071302,Indonesia
MI,1981,26.129528158295283,Malawi
MP,1981,38.778082191780825,Mauritius
SF,1981,17.721259366394563,South Africa
AR,1988,25.9185860619338,Argentina
KS,1988,58.96993987975952,"Korea, South"
MZ,1988,31.242085661080075,Mozambique
IV,1988,77.98165618448637,Cote D'Ivoire
PU,1988,30.0,Guinea-Bissau
GP,1974,49.67123287671233,Guadeloupe [France]
MA,1974,39.51140939597315,Madagascar
MG,1974,4.447488584474886,Mongolia
MI,1974,38.00243531202435,Malawi
TU,1974,22.31930184804928,Turkey
US,1974,24.103834595009065,United States
PP,1980,72.82331511839709,Papua New Guinea
RQ,1980,39.482585668689275,Puerto Rico [United States]
UP,1980,20.187706333310313,Ukraine
VQ,1980,25.58496346924346,Virgin Islands [United States]
CM,1977,41.08142493638677,Cameroon
GV,1977,72.58558558558559,Guinea
MG,1977,4.563165905631659,Mongolia
ML,1977,15.297969000534474,Mali
NO,1977,28.63760747975624,Norway
PA,1977,33.595656192236596,Paraguay
PS,1977,76.18884664131812,Palau
VM,1977,28.825396825396826,Vietnam
SX,1977,44.075,South Georgia and the South Sandwich Islands [United Kingdom]
AS,1969,18.008536896931766,Australia
CH,1969,20.22627958172812,China
FG,1969,87.64383561643835,French Guiana [France]
IC,1969,33.62739726027397,Iceland
MP,1969,36.40657534246575,Mauritius
RQ,1969,51.87668364854491,Puerto Rico [United States]
BK,1966,37.31608133086876,Bosnia and Herzegovina
CH,1966,18.562139917695472,China
LY,1966,7.402429764616553,Libya
UZ,1966,6.735011518795303,Uzbekistan
MP,1972,52.24548933843631,Mauritius
MR,1972,1.7036108324974926,Mauritania
NO,1972,29.70717564419098,Norway
SH,1972,47.32867132867133,Saint Helena [United Kingdom]
BK,1960,36.1643109540636,Bosnia and Herzegovina
RO,1960,22.984677923702314,Romania
RS,1960,13.36288626830405,Russia
TX,1960,3.321812936868967,Turkmenistan
WQ,1960,21.795081967213115,Wake Island [United States]
UC,1960,99.0,Curacao
GL,1959,18.234302648638636,Greenland [Denmark]
GR,1959,18.3307240704501,Greece
MY,1959,100.17572197748409,Malaysia
SW,1959,14.399202078104278,Sweden
IC,1952,24.28861964517525,Iceland
BC,1951,13.330463705732733,Botswana
CT,1951,40.17202797202797,Central African Republic
LY,1951,6.475243147656941,Libya
PS,1951,86.33941605839416,Palau
TH,1951,49.21436227224009,Thailand
LY,1944,12.756446991404012,Libya
MO,1944,19.39027777777778,Morocco
RO,1944,21.750195160031225,Romania
RS,1943,11.739339253232497,Russia
UZ,1943,8.575894736842105,Uzbekistan
IN,1934,33.27496780141581,India
IN,1933,40.02067198926094,India
MO,1933,10.323170731707316,Morocco
NG,1933,20.655290102389078,Niger
BR,1932,14.781416474210932,Brazil
EZ,1932,12.505464480874316,Czech Republic
IT,1932,23.047619047619047,Italy
KG,1932,10.806857942617215,Kyrgyzstan
KZ,1932,5.7349063150589865,Kazakhstan
NO,1932,31.881030577576443,Norway
JN,1931,15.632876712328768,Jan Mayen [Norway]
FR,1926,22.852171530346624,France
NO,1926,30.49694767874691,Norway
TX,1926,5.208279430789133,Turkmenistan
RS,1925,14.080161195102544,Russia
LE,1924,18.631147540983605,Lebanon
SP,1924,13.128623928133932,Spain
TI,1924,5.0606060606060606,Tajikistan
FI,1923,16.356164383561644,Finland
GM,1923,20.52561618119058,Germany
EG,1917,1.397923875432526,Egypt
FR,1917,31.34559686888454,France
MO,1917,9.775413711583925,Morocco
AU,1903,31.050228310502284,Austria
BO,1903,18.452319587628867,Belarus
LG,1902,15.518776077885953,Latvia
UZ,1902,11.02002861230329,Uzbekistan
PK,1901,16.344127332601538,Pakistan
LG,1900,19.18082191780822,Latvia
SI,1899,3.0,Slovenia
CA,1868,22.80918184149782,Canada
GM,1867,19.96208530805687,Germany
SF,1867,15.991780821917809,South Africa
SW,1865,10.212228459848669,Sweden
HR,1862,28.330472103004293,Croatia
GM,1860,25.983688833124216,Germany
AS,1856,17.86783439490446,Australia
CA,1855,29.197260273972603,Canada
UK,1850,18.522696011004125,United Kingdom
AS,1849,14.932135728542914,Australia
UK,1849,19.379310344827587,United Kingdom
UK,1846,20.9,United Kingdom
EZ,1842,6.994520547945205,Czech Republic
UK,1834,14.830136986301369,United Kingdom
GM,1830,32.45454545454545,Germany
IT,1827,15.256164383561643,Italy
