Country_Code,year,avg(Value),Country_Name
BK,2009,37.044673539518904,Bosnia and Herzegovina
MU,2009,23.912797281993203,Oman
MX,2009,21.633180492376315,Mexico
RE,2009,46.04132231404959,Reunion [France]
RM,2009,63.583561643835615,Marshall Islands
WZ,2009,71.50666666666666,Swaziland
BP,2009,115.33682008368201,Solomon Islands
EU,2009,11.976744186046512,Europa Island [France]
ZA,2009,78.25,Zambia
GA,2009,155.4125,"Gambia, The"
AG,2007,10.297617728531856,Algeria
GM,2007,25.719528611347346,Germany
WF,2007,83.1045197740113,Wallis and Futuna [France]
JM,2007,47.13138686131387,Jamaica
AO,2007,28.65,Angola
QA,2007,19.8,Qatar
TO,2007,80.7,Togo
AR,2013,57.213898777279056,Argentina
NC,2013,25.372857142857143,New Caledonia [France]
NZ,2013,29.288322021998596,New Zealand
PK,2013,36.622730329522525,Pakistan
PS,2013,79.8986301369863,Palau
WZ,2013,84.44029850746269,Swaziland
SY,2013,12.29951690821256,Syria
ET,2013,65.72739541160594,Ethiopia
ES,2013,109.65648854961832,El Salvador
SL,2013,98.66666666666667,Sierra Leone
CF,2021,84.5648,Congo (Brazzaville)
FI,2021,17.690096096660092,Finland
IR,2021,4.878565127903558,Iran
JM,2021,25.8027950310559,Jamaica
VM,2021,65.34420376100928,Vietnam
CS,2021,109.68067226890756,Costa Rica
EG,2021,85.725,Egypt
AR,2002,44.4736779560309,Argentina
AU,2002,44.43635736460848,Austria
BL,2002,66.81145935357493,Bolivia
CH,2002,21.27758341041005,China
EN,2002,17.854037928830174,Estonia
JA,2002,97.98280264735004,Japan
JU,2002,37.61702127659574,Juan De Nova Island [France]
KZ,2002,6.334101586738765,Kazakhstan
SV,2002,9.767507002801121,Svalbard [Norway]
SY,2002,10.13292117465224,Syria
CW,2002,80.67441860465117,Cook Islands [New Zealand]
PE,2001,72.4867758186398,Peru
CW,2001,178.03703703703704,Cook Islands [New Zealand]
NG,2001,58.39494470774092,Niger
NI,2001,89.86206896551724,Nigeria
BD,1998,40.416666666666664,Bermuda [United Kingdom]
BR,1998,39.47945976685756,Brazil
IS,1998,7.714585519412382,Israel
PO,1998,21.517007926023776,Portugal
RM,1998,59.24493423391397,Marshall Islands
SP,1998,12.892957663891169,Spain
CE,1998,38.056640625,Sri Lanka
CS,1991,72.94987623762377,Costa Rica
RI,1991,18.850228310502285,Serbia
BC,1994,20.37922077922078,Botswana
BE,1994,24.526027397260275,Belgium
GA,1994,32.425925925925924,"Gambia, The"
GI,1994,7.781362007168458,Gibraltar [United Kingdom]
GQ,1994,47.787844891871735,Guam [United States]
IO,1994,90.7013698630137,British Indian Ocean Territory [United Kingdom]
ML,1994,116.60047846889952,Mali
NO,1994,33.99928289097382,Norway
NZ,1994,31.560117302052785,New Zealand
RO,1994,13.865771172716014,Romania
SY,1994,11.565296803652968,Syria
TS,1994,11.603557085484796,Tunisia
CB,1994,103.4186046511628,Cambodia
MF,1994,50.2093023255814,Mayotte [France]
BR,1987,40.97879166739695,Brazil
CE,1987,31.427258805513016,Sri Lanka
KG,1987,15.48552303860523,Kyrgyzstan
LT,1987,19.23674588665448,Lesotho
MT,1987,5.457875457875458,Malta
PS,1987,106.88186813186813,Palau
LI,1987,1.8770491803278688,Liberia
BP,1975,0.0,Solomon Islands
IN,1975,109.41925578034682,India
LG,1975,13.505105337986299,Latvia
LA,1975,481.6,Laos
JM,1975,455.25,Jamaica
FR,1978,22.573873015873016,France
JN,1978,15.068493150684931,Jan Mayen [Norway]
MY,1978,42.480217222653216,Malaysia
UZ,1978,8.284486402705369,Uzbekistan
BH,1978,2244.714285714286,Belize
AM,1971,14.39123551031948,Armenia
MD,1971,17.774846523975445,Moldova
MR,1971,1.8130020080321285,Mauritania
SG,1971,9.131506849315068,Senegal
TU,1971,72.18253968253968,Turkey
VE,1971,41.470121805588725,Venezuela
SI,1965,55.16059194299808,Slovenia
ES,1965,94.10791366906474,El Salvador
CE,1965,113.61538461538461,Sri Lanka
BR,1958,31.690576146610155,Brazil
CD,1958,21.093017456359103,Chad
CE,1958,83.70212765957447,Sri Lanka
CO,1958,10.059880239520957,Colombia
SY,1958,9.453451551614947,Syria
VM,1958,62.2135593220339,Vietnam
BM,1958,140.39175257731958,Burma
BD,1957,45.90946502057613,Bermuda [United Kingdom]
BP,1957,69.67537313432835,Solomon Islands
JA,1957,50.09831166107382,Japan
SZ,1957,37.968368902439025,Switzerland
ZI,1957,19.215400624349634,Zimbabwe
LY,1950,9.133019674935843,Libya
CF,1949,10.701570680628272,Congo (Brazzaville)
JM,1949,23.518382352941178,Jamaica
SG,1949,10.971213159698424,Senegal
BK,1940,33.177595628415304,Bosnia and Herzegovina
KS,1940,34.385245901639344,"Korea, South"
LE,1940,19.385245901639344,Lebanon
PO,1940,54.49277108433735,Portugal
EI,1939,23.111415525114154,Ireland
IN,1936,37.17462812557036,India
MX,1936,23.652132172359902,Mexico
TS,1936,10.286230248306998,Tunisia
UP,1935,12.72086559459996,Ukraine
BK,1909,26.63013698630137,Bosnia and Herzegovina
CA,1909,22.012604429258943,Canada
GM,1909,20.147264500205676,Germany
BC,1909,12.679347826086957,Botswana
MX,1908,9.736380952380953,Mexico
BP,2023,114.7445652173913,Solomon Islands
CB,2023,11.0,Cambodia
CH,2023,5.674377847879425,China
FR,2023,14.73510773130545,France
WA,2023,51.870588235294115,Namibia
UK,1904,16.664936749918912,United Kingdom
BH,2010,63.33554817275748,Belize
GL,2010,35.510523475445225,Greenland [Denmark]
NC,2010,24.07266435986159,New Caledonia [France]
SV,2010,9.432203389830509,Svalbard [Norway]
EU,2010,5.740259740259741,Europa Island [France]
CB,2010,84.5,Cambodia
CJ,2012,15.477031802120141,Cayman Islands [United Kingdom]
EI,2012,36.104174228675134,Ireland
FP,2012,48.71493728620297,French Polynesia
RO,2012,16.200994318181817,Romania
SY,2012,43.541850220264315,Syria
TS,2012,8.191108545034641,Tunisia
NZ,2018,30.545037430572325,New Zealand
RE,2018,59.5125348189415,Reunion [France]
UY,2018,38.17768817204301,Uruguay
CA,2020,23.585680295180634,Canada
RQ,2020,50.45659063750195,Puerto Rico [United States]
KS,2020,123.6513470681458,"Korea, South"
SY,2020,63.21333333333333,Syria
SG,2020,118.66280295047419,Senegal
ZA,2020,5.0,Zambia
GA,2020,125.37974683544304,"Gambia, The"
CV,2004,2.0517799352750807,Cape Verde
GQ,2004,90.13138686131387,Guam [United States]
PL,2004,15.531570762052878,Poland
PO,2004,16.48705334023822,Portugal
NP,2004,45.47766323024055,Nepal
CF,2005,44.97560975609756,Congo (Brazzaville)
EN,2005,17.314636690230618,Estonia
GM,2005,20.604695835750356,Germany
PS,2005,116.06849315068493,Palau
UZ,2005,7.304240500749361,Uzbekistan
UV,2005,33.852333588370314,Burkina Faso
VE,2005,65.2579945799458,Venezuela
SB,2005,2.5,Saint Pierre and Miquelon [France]
GR,1983,17.049202858713578,Greece
LY,1983,9.36583604189238,Libya
MB,1983,20.332386363636363,Martinique [France]
RO,1983,12.590882750627777,Romania
SF,1983,13.837753605816138,South Africa
SN,1983,58.54545454545455,Singapore
UK,1983,24.573406528029423,United Kingdom
UY,1983,31.473011455569218,Uruguay
UV,1983,78.15,Burkina Faso
AL,1982,32.79550102249489,Albania
PS,1982,95.58082191780822,Palau
TZ,1982,32.01951219512195,Tanzania
PK,1982,1.9689174705251875,Pakistan
BH,1982,44.21666666666667,Belize
CV,1982,0.0,Cape Verde
FR,1993,23.28660065179243,France
HO,1993,56.28101265822785,Honduras
KS,1993,62.42239089184061,"Korea, South"
KZ,1993,10.040972988533321,Kazakhstan
LO,1993,16.213951067152525,Slovakia
RI,1993,13.389041095890411,Serbia
SF,1993,14.913883916969557,South Africa
CM,1993,101.38600451467269,Cameroon
JU,1993,57.389830508474574,Juan De Nova Island [France]
BB,1985,40.25,Barbados
BG,1985,5.964595375722543,Bangladesh
PM,1985,68.0326842837274,Panama
SP,1985,15.020349187236604,Spain
SU,1985,10.79693924166286,Sudan
UC,1985,25.937321937321936,Curacao
GR,1996,20.17288491854966,Greece
LO,1995,20.75465838509317,Slovakia
MX,1995,24.761122407654277,Mexico
AE,1995,1018.0,United Arab Emirates
BL,1979,22.715749730312837,Bolivia
ER,1979,9.728767123287671,Eritrea
JA,1979,50.30206171537441,Japan
NO,1976,27.035140914482366,Norway
TI,1976,13.563091320444261,Tajikistan
NH,1976,19.55952380952381,Vanuatu
CG,1976,31.46153846153846,Congo (Kinshasa)
NU,1976,126.375,Nicaragua
CV,1976,1.6515151515151516,Cape Verde
KT,1976,0.0,Christmas Island [Australia]
KZ,1967,7.74867107331053,Kazakhstan
LU,1967,25.64034869240349,Luxembourg
UG,1968,33.09836065573771,Uganda
EI,1962,26.34780600461894,Ireland
IT,1962,19.519072708113804,Italy
IV,1962,49.6654794520548,Cote D'Ivoire
UK,1962,22.512170714556174,United Kingdom
VQ,1962,28.282608695652176,Virgin Islands [United States]
AM,1961,9.576827046359403,Armenia
BK,1961,31.954631379962194,Bosnia and Herzegovina
EZ,1961,28.710709318497912,Czech Republic
PO,1961,35.78319634703196,Portugal
CY,1954,20.09794520547945,Cyprus
EI,1954,34.05786026200873,Ireland
MI,1954,20.743184713375797,Malawi
RP,1954,60.648268680031244,Philippines
TI,1954,12.701877070298123,Tajikistan
RP,1953,61.890284005979076,Philippines
GL,1948,12.982695810564662,Greenland [Denmark]
HR,1948,26.524960998439937,Croatia
KE,1948,19.311475409836067,Kenya
UV,1948,26.95881126173097,Burkina Faso
TH,1948,79.09654350417163,Thailand
BO,1947,15.314062858453774,Belarus
TO,1947,39.26917808219178,Togo
LG,1942,13.55056179775281,Latvia
TU,1942,74.73270440251572,Turkey
UG,1942,34.254246575342464,Uganda
NL,1941,19.716760770361205,Netherlands
PO,1941,39.190316686967115,Portugal
GL,1938,13.534246575342467,Greenland [Denmark]
RI,1938,18.476712328767125,Serbia
SI,1938,32.16438356164384,Slovenia
FI,1937,11.136986301369863,Finland
PO,1937,67.20547945205479,Portugal
SV,1937,18.726027397260275,Svalbard [Norway]
PL,1937,45.16216216216216,Poland
DA,1922,16.96783625730994,Denmark
EI,1922,20.84297520661157,Ireland
LT,1922,19.63755868544601,Lesotho
US,1922,24.787742120180642,United States
AU,1916,34.35473588342441,Austria
GM,1916,22.196267438637552,Germany
SW,1916,16.804052823315118,Sweden
WA,1916,7.202185792349726,Namibia
BC,1921,23.346994535519126,Botswana
KZ,1921,12.74535192563081,Kazakhstan
GL,1918,11.472602739726028,Greenland [Denmark]
LH,1920,10.5962441314554,Lithuania
AG,1919,13.383366336633664,Algeria
FR,1919,28.894597657725726,France
RS,1919,13.313166898140308,Russia
UK,1898,16.37972602739726,United Kingdom
EZ,1897,14.0,Czech Republic
GG,1897,23.93069306930693,Georgia
DA,1894,17.40508806262231,Denmark
HR,1893,26.632876712328766,Croatia
LG,1893,10.67134831460674,Latvia
TX,1893,3.057471264367816,Turkmenistan
UP,1893,12.777319587628867,Ukraine
MD,1894,11.580821917808219,Moldova
KZ,1890,2.943080357142857,Kazakhstan
LG,1889,13.940845070422535,Latvia
AM,1888,12.472677595628415,Armenia
KG,1887,9.71629213483146,Kyrgyzstan
EG,1885,2.7383561643835614,Egypt
KG,1883,8.640883977900552,Kyrgyzstan
EZ,1882,16.019178082191782,Czech Republic
BO,1881,11.799086757990867,Belarus
FR,1880,26.693989071038253,France
GM,1880,22.972436735178803,Germany
DA,1879,16.539334637964775,Denmark
EZ,1879,13.312328767123288,Czech Republic
GL,1878,9.931506849315069,Greenland [Denmark]
RS,1877,49.391780821917806,Russia
CA,1875,24.714649201338172,Canada
DA,1873,20.474254742547426,Denmark
GM,1871,14.830744509908945,Germany
AG,2011,11.196927305747803,Algeria
NZ,2011,29.17564730580826,New Zealand
RS,2011,14.44056193662497,Russia
GH,2011,78.82414307004471,Ghana
KG,2011,54.11764705882353,Kyrgyzstan
AM,2011,175.0,Armenia
AY,2016,15.469876277568586,Antarctica
CQ,2016,58.33236994219653,Northern Mariana Islands [United States]
FG,2016,76.0505376344086,French Guiana [France]
IZ,2016,3.9433333333333334,Iraq
JM,2016,19.33690658499234,Jamaica
MF,2016,39.815426997245176,Mayotte [France]
MZ,2016,62.56046065259117,Mozambique
GY,2016,60.53220338983051,Guyana
KS,2016,116.38775510204081,"Korea, South"
ZI,2016,45.712460063897765,Zimbabwe
BF,2017,35.51995820271682,"Bahamas, The"
CW,2017,26.19672131147541,Cook Islands [New Zealand]
MC,2017,49.286908077994426,Macau S.A.R
SZ,2017,39.1002323265848,Switzerland
TD,2017,51.65546218487395,Trinidad and Tobago
VM,2017,63.47470346163156,Vietnam
EC,2017,100.64016736401673,Ecuador
AJ,2017,96.8695652173913,Azerbaijan
CU,2006,33.77238805970149,Cuba
MG,2006,44.896511627906975,Mongolia
RE,2006,53.610027855153206,Reunion [France]
SE,2006,61.54179566563467,Seychelles
NF,2006,37.46666666666667,Norfolk Island [Australia]
ZA,2006,20.5,Zambia
AR,2014,70.56400196174596,Argentina
BD,2014,47.49175824175824,Bermuda [United Kingdom]
LG,2014,43.98982423681776,Latvia
MC,2014,44.447513812154696,Macau S.A.R
SZ,2014,37.3178031471768,Switzerland
NE,2014,50.254901960784316,Niue [New Zealand]
RW,2014,45.14754098360656,Rwanda
AQ,2003,135.5065502183406,American Samoa [United States]
AS,2003,17.583844656437588,Australia
GH,2003,45.22112676056338,Ghana
GM,2003,16.458176531361172,Germany
RP,2003,60.628254374733245,Philippines
TS,2003,14.276608538785327,Tunisia
TU,2003,21.501069791136015,Turkey
UV,2003,24.791178112786152,Burkina Faso
WQ,2003,26.89664804469274,Wake Island [United States]
MV,2003,0.0,Maldives
FS,1984,41.588235294117645,French Southern and Antarctic Lands [France]
TZ,1984,25.60373019928462,Tanzania
BH,1984,152.74193548387098,Belize
BG,1992,19.817616084250837,Bangladesh
KU,1992,1.4529411764705882,Kuwait
RS,1992,13.993730839975475,Russia
SN,1992,191.4293948126801,Singapore
TZ,1992,59.13559322033898,Tanzania
US,1992,24.64281562118382,United States
CA,1981,24.838132040027713,Canada
DA,1981,24.557004160887654,Denmark
FS,1981,54.216091954022986,French Southern and Antarctic Lands [France]
KZ,1981,8.298542080848243,Kazakhstan
MF,1981,58.47923322683706,Mayotte [France]
SU,1981,11.005788712011578,Sudan
TO,1981,29.212158054711246,Togo
IV,1981,39.89832313015704,Cote D'Ivoire
GB,1988,127.4960058097313,Gabon
TX,1988,5.344465542276332,Turkmenistan
CV,1974,0.2296983758700696,Cape Verde
LG,1974,19.357521476878084,Latvia
RP,1974,102.03945965161749,Philippines
TH,1974,45.386495368987156,Thailand
CG,1974,30.977272727272727,Congo (Kinshasa)
AJ,1980,12.348339104783891,Azerbaijan
IO,1980,74.41256830601093,British Indian Ocean Territory [United Kingdom]
JN,1980,21.112021857923498,Jan Mayen [Norway]
LO,1980,19.857602204869085,Slovakia
MA,1980,41.42657208588957,Madagascar
WA,1980,7.17396669950935,Namibia
GY,1980,68.8,Guyana
GA,1980,32.87096774193548,"Gambia, The"
AE,1980,0.0,United Arab Emirates
BU,1977,17.085714285714285,Bulgaria
CO,1977,42.10382282409367,Colombia
CY,1977,14.572049689440993,Cyprus
MO,1977,12.51890243902439,Morocco
MQ,1977,30.317663817663817,Midway Islands [United States}
PK,1977,6.783616692426584,Pakistan
NN,1977,923.2142857142857,Sint Maarten
HU,1969,17.904109589041095,Hungary
MY,1969,8.560930802204531,Malaysia
SI,1969,42.89808219178082,Slovenia
SZ,1969,33.026712328767125,Switzerland
AO,1966,16.942073170731707,Angola
BO,1966,18.878499344318378,Belarus
GR,1966,21.050505050505052,Greece
PS,1966,84.93476318141198,Palau
VE,1966,35.064193548387095,Venezuela
CF,1972,37.71815903394851,Congo (Brazzaville)
EI,1972,27.893969849246233,Ireland
IO,1972,69.55737704918033,British Indian Ocean Territory [United Kingdom]
BL,1960,42.76,Bolivia
HO,1960,34.01912568306011,Honduras
MR,1960,3.531793343268753,Mauritania
UG,1960,36.929508196721315,Uganda
VE,1960,25.162638121546962,Venezuela
BE,1959,15.361643835616439,Belgium
RQ,1959,42.68849552541228,Puerto Rico [United States]
SU,1959,8.98930693069307,Sudan
WA,1959,6.686313686313686,Namibia
ML,1959,7.5,Mali
BO,1952,17.95515592988846,Belarus
EZ,1952,16.21513002364066,Czech Republic
GG,1952,28.376961189099916,Georgia
KG,1952,11.35438209866079,Kyrgyzstan
NH,1952,125.00426439232409,Vanuatu
AJ,1951,15.68945895522388,Azerbaijan
BN,1951,36.803835616438356,Benin
CQ,1951,37.22818791946309,Northern Mariana Islands [United States]
MI,1951,27.196157421753952,Malawi
UP,1951,11.95183827532392,Ukraine
ZA,1951,32.48220516399162,Zambia
KE,1943,7.375342465753425,Kenya
TI,1934,7.7073170731707314,Tajikistan
BE,1933,19.583561643835615,Belgium
EI,1933,19.21095890410959,Ireland
SZ,1933,32.99908675799087,Switzerland
US,1933,23.098332805124688,United States
SV,1933,12.56271186440678,Svalbard [Norway]
AM,1932,10.532033426183844,Armenia
IN,1932,33.82161022513905,India
LH,1932,18.71307037896365,Lithuania
SI,1932,35.53005464480874,Slovenia
UY,1931,24.876712328767123,Uruguay
KG,1926,10.738812785388127,Kyrgyzstan
UZ,1926,7.097260273972603,Uzbekistan
BE,1925,28.7013698630137,Belgium
EG,1925,1.6637416637416638,Egypt
UK,1924,22.83768624014023,United Kingdom
RO,1902,14.14,Romania
US,1902,27.046641302399955,United States
LG,1899,17.41917808219178,Latvia
NL,1899,17.2839530332681,Netherlands
SW,1899,13.86884998490794,Sweden
UK,1899,15.832199546485262,United Kingdom
US,1899,24.498209898209897,United States
US,1867,27.342087765957448,United States
EZ,1865,9.117808219178082,Czech Republic
SW,1861,13.471247300215984,Sweden
AS,1859,17.973506200676436,Australia
CA,1859,27.876712328767123,Canada
SF,1859,25.635616438356163,South Africa
AG,1858,9.638356164383561,Algeria
NL,1856,18.577868852459016,Netherlands
AS,1855,17.6625,Australia
GM,1855,20.42989417989418,Germany
NL,1852,24.129781420765028,Netherlands
AS,1852,19.275964391691396,Australia
GM,1847,24.696741854636592,Germany
US,1846,43.43144424131627,United States
NL,1846,0.0,Netherlands
AS,1844,17.430674846625767,Australia
EZ,1836,15.344262295081966,Czech Republic
UK,1837,14.512328767123288,United Kingdom
EZ,1814,13.654794520547945,Czech Republic
GM,1813,75.26,Germany
GM,1808,20.461748633879782,Germany
GM,1805,16.0986301369863,Germany
EZ,1806,14.038922155688622,Czech Republic
BG,2008,45.87091222030981,Bangladesh
BO,2008,18.773056763689084,Belarus
DR,2008,78.66895604395604,Dominican Republic
FK,2008,27.606194690265486,Falkland Islands (Islas Malvinas) [United Kingdom]
GR,2008,12.7588480222068,Greece
KG,2008,3.156043956043956,Kyrgyzstan
ZA,2008,55.93333333333333,Zambia
SU,2008,73.97866666666667,Sudan
PU,2008,157.33333333333334,Guinea-Bissau
BA,2022,35.333333333333336,Bahrain
BM,2022,111.03487179487179,Burma
CQ,2022,62.23917672107878,Northern Mariana Islands [United States]
GI,2022,16.853591160220994,Gibraltar [United Kingdom]
HU,2022,17.326441102756892,Hungary
MZ,2022,86.65988909426987,Mozambique
SF,2022,43.091784591194966,South Africa
UK,2022,22.191659355808998,United Kingdom
ES,2022,86.73056994818653,El Salvador
EI,2015,40.12758718457613,Ireland
HO,2015,33.44428468727534,Honduras
LU,2015,16.6,Luxembourg
PS,2015,73.50803858520901,Palau
LI,2015,94.71428571428571,Liberia
FK,2015,1.5,Falkland Islands (Islas Malvinas) [United Kingdom]
BX,2019,115.30278884462152,Brunei
DA,2019,25.51037083595223,Denmark
VQ,2019,23.62356621480709,Virgin Islands [United States]
ZA,2019,42.2,Zambia
GV,2019,215.010101010101,Guinea
BN,2000,71.15447154471545,Benin
EG,2000,18.751724137931035,Egypt
JM,2000,175.28571428571428,Jamaica
LH,2000,24.660302830809744,Lithuania
NO,2000,37.939922329084894,Norway
FK,2000,20.873846153846152,Falkland Islands (Islas Malvinas) [United Kingdom]
BE,1999,24.273972602739725,Belgium
BO,1999,15.72602264848625,Belarus
CO,1999,55.2395029991431,Colombia
GP,1999,45.88918918918919,Guadeloupe [France]
HO,1999,45.84470820969337,Honduras
JQ,1999,15.720994475138122,Johnston Atoll [United States]
WQ,1999,24.192634560906516,Wake Island [United States]
PK,1999,0.7874015748031497,Pakistan
LE,1999,9.87,Lebanon
EU,1999,4.112359550561798,Europa Island [France]
MI,1999,41.75806451612903,Malawi
SU,1990,10.867578579743888,Sudan
MT,1990,17.75,Malta
BH,1990,40.4,Belize
CA,1989,22.04382329142664,Canada
LI,1989,72.06530612244897,Liberia
SI,1989,35.12119137281753,Slovenia
KR,1989,19.914027149321267,Kiribati
EU,1989,21.0,Europa Island [France]
AY,1986,13.472912301706076,Antarctica
GM,1986,24.380676152572207,Germany
TI,1986,11.488993263117942,Tajikistan
UC,1986,11.845029239766081,Curacao
UZ,1986,6.129941094403969,Uzbekistan
GA,1986,0.0,"Gambia, The"
GI,1997,20.92,Gibraltar [United Kingdom]
FI,1973,14.809192908867516,Finland
GG,1973,30.9286553730616,Georgia
MP,1973,42.65734649122807,Mauritius
CS,1973,23.956521739130434,Costa Rica
NS,1973,1710.0,Suriname
CD,1970,19.922378199834846,Chad
RS,1970,14.663208184413278,Russia
EG,1964,1.8504218040233615,Egypt
GL,1964,17.6959609409676,Greenland [Denmark]
GQ,1964,65.95991847826087,Guam [United States]
PA,1964,37.27049180327869,Paraguay
RI,1964,17.818761384335154,Serbia
UG,1964,36.23224043715847,Uganda
WQ,1964,25.131147540983605,Wake Island [United States]
AY,1963,3.22246990637539,Antarctica
BD,1963,44.08641975308642,Bermuda [United Kingdom]
EI,1963,26.48756906077348,Ireland
ER,1963,8.01917808219178,Eritrea
HO,1963,30.84037558685446,Honduras
JQ,1963,24.734246575342464,Johnston Atoll [United States]
LY,1963,4.406239790918001,Libya
MI,1963,34.169573968466956,Malawi
SY,1963,13.136278195488721,Syria
UC,1963,74.6,Curacao
NO,1956,27.383151089472424,Norway
RM,1956,80.48379888268157,Marshall Islands
BR,1955,28.542645307289185,Brazil
CY,1955,12.444520547945206,Cyprus
EZ,1955,27.644844517184943,Czech Republic
KE,1955,10.608219178082193,Kenya
SW,1955,14.208837003466616,Sweden
TO,1955,38.696438356164386,Togo
BN,1946,27.599561162918267,Benin
LG,1946,14.94991134751773,Latvia
PM,1946,75.46855345911949,Panama
RQ,1946,42.789134006101854,Puerto Rico [United States]
TU,1946,80.65495207667732,Turkey
GV,1945,66.02045769764216,Guinea
UG,1945,33.53150684931507,Uganda
BO,1930,18.267306374228923,Belarus
HU,1930,16.89917808219178,Hungary
LH,1930,20.155882352941177,Lithuania
RQ,1930,36.30005941770648,Puerto Rico [United States]
BE,1929,18.364383561643837,Belgium
AM,1927,10.722060252672497,Armenia
GL,1927,11.368493150684932,Greenland [Denmark]
TS,1927,7.9280163599182005,Tunisia
CY,1915,5.554794520547945,Cyprus
AG,1914,15.823930131004367,Algeria
AM,1914,12.034703196347031,Armenia
MX,1914,38.33018867924528,Mexico
RS,1914,12.971993069383744,Russia
SY,1914,1.1753424657534246,Syria
NG,1914,132.13636363636363,Niger
RS,1913,12.150344066664731,Russia
AG,1912,11.165879863258994,Algeria
MI,1912,0.0,Malawi
GM,1911,14.370872589592322,Germany
AG,1910,15.500164365548981,Algeria
AS,1910,18.451936186708014,Australia
