Country_Code,year,avg(Value),Country_Name
BR,2008,89.61924257932446,Brazil
FI,2008,19.790591655706418,Finland
GI,2008,22.084931506849315,Gibraltar [United Kingdom]
GL,2008,30.394971189104243,Greenland [Denmark]
MF,2008,41.44705882352941,Mayotte [France]
CS,2008,105.95039682539682,Costa Rica
IS,2022,10.770123839009289,Israel
LH,2022,28.78898128898129,Lithuania
TD,2022,61.7037037037037,Trinidad and Tobago
VE,2022,62.19502074688797,Venezuela
MT,2022,2.926517571884984,Malta
GY,2022,93.34745762711864,Guyana
AQ,2015,105.14246575342466,American Samoa [United States]
CY,2015,8.464088397790055,Cyprus
PE,2015,65.6428932726353,Peru
GV,2015,229.84126984126985,Guinea
FI,2019,17.649808286375137,Finland
FR,2019,21.696110152430254,France
MA,2019,105.31128791645948,Madagascar
MC,2019,56.82729805013928,Macau S.A.R
SF,2019,44.88697318007663,South Africa
MG,2019,50.273831775700934,Mongolia
CM,2019,119.19,Cameroon
CB,2019,112.5,Cambodia
CD,2000,76.58064516129032,Chad
DR,2000,54.36079545454545,Dominican Republic
GI,2000,115.75,Gibraltar [United Kingdom]
IC,2000,28.554223433242505,Iceland
LU,2000,29.862905767412542,Luxembourg
VM,2000,48.66689766689767,Vietnam
MZ,2000,104.4481981981982,Mozambique
AM,1999,9.460992907801419,Armenia
GI,1999,13.320987654320987,Gibraltar [United Kingdom]
PL,1999,19.39163763066202,Poland
NI,1999,57.90243902439025,Nigeria
RW,1999,99.77777777777777,Rwanda
JU,1999,8.578947368421053,Juan De Nova Island [France]
JQ,1990,16.35042735042735,Johnston Atoll [United States]
SF,1990,13.160110219422998,South Africa
BO,1989,18.212956621004565,Belarus
CO,1989,35.80344827586207,Colombia
CU,1989,29.93416030534351,Cuba
FG,1989,142.57215189873418,French Guiana [France]
GM,1989,19.46904253294135,Germany
MG,1989,3.6641295546558705,Mongolia
MI,1989,37.80289549087619,Malawi
UZ,1989,6.82931540720136,Uzbekistan
ZA,1989,31.581574487752274,Zambia
BC,1986,10.859481384905113,Botswana
CI,1986,23.618603538976565,Chile
KE,1986,22.211126961483593,Kenya
MB,1986,6.901785714285714,Martinique [France]
TZ,1986,31.611510791366907,Tanzania
SG,1986,76.02905982905983,Senegal
BA,1997,1.4886731391585761,Bahrain
DR,1997,38.981757877280266,Dominican Republic
EU,1997,20.326647564469916,Europa Island [France]
FG,1997,74.32370820668693,French Guiana [France]
NN,1997,30.685714285714287,Sint Maarten
RW,1997,32.82386363636363,Rwanda
CH,1973,23.475698942141623,China
EN,1973,17.003312574532927,Estonia
GP,1973,24.926365795724465,Guadeloupe [France]
MY,1973,8.009505703422054,Malaysia
UC,1973,8.833333333333334,Curacao
UP,1973,16.893884360973306,Ukraine
CJ,1970,50.21095890410959,Cayman Islands [United Kingdom]
DA,1970,19.658839779005525,Denmark
FI,1970,15.261633576995,Finland
AL,1964,48.3292349726776,Albania
CO,1964,54.7481426448737,Colombia
RQ,1964,33.124891559296984,Puerto Rico [United States]
VQ,1964,20.045205479452054,Virgin Islands [United States]
CY,1963,14.302739726027397,Cyprus
HU,1963,17.03945205479452,Hungary
JN,1963,19.424657534246574,Jan Mayen [Norway]
AQ,1956,74.57578947368421,American Samoa [United States]
AU,1956,30.8262599469496,Austria
MR,1956,5.872700149179512,Mauritania
MY,1956,111.4525758305248,Malaysia
AL,1955,44.33150684931507,Albania
BC,1955,20.445521601685986,Botswana
CF,1955,46.39954337899543,Congo (Brazzaville)
LU,1955,20.18879202988792,Luxembourg
CB,1955,77.56115107913669,Cambodia
CK,1955,112.76470588235294,Cocos (Keeling) Islands [Australia]
BE,1946,23.147945205479452,Belgium
NG,1946,15.171365220145708,Niger
PP,1946,112.31277533039648,Papua New Guinea
TD,1946,21.825806451612902,Trinidad and Tobago
TO,1946,24.834269662921347,Togo
MX,1945,18.491750515791143,Mexico
UV,1945,26.432242990654206,Burkina Faso
AS,1929,16.454906088819808,Australia
FR,1929,19.04118001204094,France
NO,1929,30.9116217410517,Norway
AM,1928,12.617041198501873,Armenia
BO,1927,19.724657534246575,Belarus
KZ,1927,9.745899398578459,Kazakhstan
NL,1927,22.896164383561644,Netherlands
SP,1927,13.503099755776818,Spain
EG,1915,0.43416370106761565,Egypt
GM,1915,21.05061551332616,Germany
IS,1915,7.008219178082192,Israel
US,1915,26.551882618990295,United States
AJ,1914,18.84898354307841,Azerbaijan
LH,1914,12.323287671232876,Lithuania
MD,1914,23.156164383561645,Moldova
MO,1914,13.619238476953909,Morocco
EG,1913,0.9506378258458126,Egypt
KZ,1913,11.256364000801764,Kazakhstan
MD,1913,11.153424657534247,Moldova
SP,1910,10.876712328767123,Spain
FM,2010,86.54939680469514,Federated States of Micronesia
HR,2010,38.18105304364846,Croatia
ID,2010,182.6843657817109,Indonesia
GG,2012,37.6198347107438,Georgia
NL,2012,25.610908809173317,Netherlands
NO,2012,35.99070156052071,Norway
TH,2012,92.18384900250867,Thailand
VQ,2012,25.378988326848248,Virgin Islands [United States]
EK,2012,89.61842105263158,Equatorial Guinea
ES,2012,9.0,El Salvador
BR,2018,62.88713036234902,Brazil
KS,2018,112.08938120702827,"Korea, South"
MO,2018,39.74450951683748,Morocco
SB,2018,36.966850828729285,Saint Pierre and Miquelon [France]
TH,2018,91.02039633793024,Thailand
TI,2018,64.01127214170693,Tajikistan
AY,2020,15.26137463697967,Antarctica
FG,2020,97.69295774647887,French Guiana [France]
SN,2020,50.86338797814208,Singapore
JO,2004,6.212224108658743,Jordan
PS,2004,81.32798833819243,Palau
ZA,2004,106.36363636363636,Zambia
EZ,2005,19.48367446393762,Czech Republic
NZ,2005,25.515766841853797,New Zealand
RE,2005,59.15076923076923,Reunion [France]
RS,2005,14.137955749943758,Russia
VM,2005,48.85314550366654,Vietnam
AJ,2005,96.80281690140845,Azerbaijan
BN,2005,36.535832414553475,Benin
LA,2005,82.81122448979592,Laos
CJ,1983,34.33698630136986,Cayman Islands [United Kingdom]
CO,1983,36.05340264650284,Colombia
IN,1983,58.67769603570308,India
SH,1983,97.58904109589041,Saint Helena [United Kingdom]
TS,1983,6.51741861793261,Tunisia
WQ,1983,12.863013698630137,Wake Island [United States]
WF,1983,88.94688644688645,Wallis and Futuna [France]
AS,1982,13.823770735528246,Australia
NL,1982,18.690657420941925,Netherlands
CE,1982,38.401408450704224,Sri Lanka
KR,1982,65.63424124513618,Kiribati
ML,1982,109.74820143884892,Mali
BF,1993,53.96116504854369,"Bahamas, The"
PK,1993,5.334370579915134,Pakistan
MZ,1993,41.724603174603175,Mozambique
CB,1993,68.83193277310924,Cambodia
BL,1985,35.666666666666664,Bolivia
LG,1985,19.095301629657868,Latvia
LT,1985,12.95067264573991,Lesotho
NN,1985,32.8,Sint Maarten
EG,1996,3.196029082774049,Egypt
GV,1996,19.00936524453694,Guinea
HR,1996,34.191908713692946,Croatia
MD,1996,54.354166666666664,Moldova
MU,1996,6.582319026265215,Oman
SY,1996,10.279258924536828,Syria
WA,1996,7.7051909892262485,Namibia
KN,1996,127.07868852459016,"Korea, North"
AU,1995,27.841973766396002,Austria
CA,1995,24.382267206699773,Canada
GG,1995,41.0293542074364,Georgia
GR,1995,13.76183958390364,Greece
NS,1995,64.60211267605634,Suriname
WI,1995,0.25069637883008355,Western Sahara
BR,1979,34.612879572898464,Brazil
GI,1979,22.436781609195403,Gibraltar [United Kingdom]
TD,1979,70.86,Trinidad and Tobago
AJ,1976,12.932430738372823,Azerbaijan
BC,1976,17.237891059234556,Botswana
JA,1976,49.650266003089065,Japan
JQ,1976,18.407103825136613,Johnston Atoll [United States]
KZ,1976,7.836694714832371,Kazakhstan
VQ,1976,22.344009632751355,Virgin Islands [United States]
IN,1967,30.982352615719854,India
BU,1967,66.24409448818898,Bulgaria
BE,1968,21.218579234972676,Belgium
ER,1968,7.127142857142857,Eritrea
MY,1968,10.26147342995169,Malaysia
TX,1968,5.161040325758571,Turkmenistan
BD,1962,51.132876712328766,Bermuda [United Kingdom]
CO,1962,44.59467758444217,Colombia
LT,1962,17.73217550274223,Lesotho
NO,1962,32.43951841208457,Norway
UP,1962,15.179357048097986,Ukraine
BU,1962,55.83495145631068,Bulgaria
DA,1961,19.23453038674033,Denmark
KZ,1961,7.779530314419762,Kazakhstan
LE,1961,24.129480614484272,Lebanon
LY,1961,5.944298014408716,Libya
BU,1954,51.07142857142857,Bulgaria
JO,1954,19.08653846153846,Jordan
IN,1953,34.03309749393264,India
MR,1953,5.330220492866407,Mauritania
RI,1953,15.7013698630137,Serbia
AG,1948,6.010504201680672,Algeria
AG,1947,6.860418743768694,Algeria
ER,1947,5.272976680384088,Eritrea
LT,1947,27.89041095890411,Lesotho
RO,1947,14.803082191780822,Romania
EG,1942,0.8383561643835616,Egypt
MR,1942,2.477888730385164,Mauritania
SG,1942,13.098901098901099,Senegal
LH,1941,10.58479138627187,Lithuania
SZ,1941,37.359686888454014,Switzerland
UK,1938,25.404094827586206,United Kingdom
IN,1937,34.5160023266158,India
UP,1937,14.11935549045358,Ukraine
EG,1922,1.0592948717948718,Egypt
WZ,1916,19.04143475572047,Swaziland
PK,1921,20.42811059907834,Pakistan
UZ,1921,8.739010989010989,Uzbekistan
DA,1918,16.95812133072407,Denmark
UK,1918,21.74083385711293,United Kingdom
CY,1920,18.117486338797814,Cyprus
UK,1920,21.558823529411764,United Kingdom
BO,1919,21.480582524271846,Belarus
SI,1919,44.320547945205476,Slovenia
DA,1898,17.616046966731897,Denmark
CY,1897,10.479452054794521,Cyprus
LG,1897,19.484931506849314,Latvia
MD,1897,13.904109589041095,Moldova
RO,1897,21.65890410958904,Romania
US,1897,26.731920071025392,United States
BO,1896,18.110382513661204,Belarus
CY,1896,8.844262295081966,Cyprus
AJ,1894,6.642465753424657,Azerbaijan
AG,1893,10.401732882502113,Algeria
EG,1893,2.1123287671232878,Egypt
EI,1892,23.73076923076923,Ireland
UK,1890,20.382891125343093,United Kingdom
GG,1889,28.27285714285714,Georgia
BE,1888,20.66393442622951,Belgium
EG,1888,2.2704918032786887,Egypt
SW,1887,11.900893626184324,Sweden
EN,1886,12.84920634920635,Estonia
GM,1886,19.125061352704428,Germany
RS,1886,13.144269205610874,Russia
SF,1885,11.941946367285208,South Africa
HR,1884,27.2632058287796,Croatia
IT,1883,19.628082191780823,Italy
AS,1882,13.53068854502025,Australia
BE,1880,23.523287671232875,Belgium
EZ,1877,12.063013698630137,Czech Republic
US,1877,29.430868898107633,United States
EN,1872,14.683060109289617,Estonia
UK,1877,23.59315068493151,United Kingdom
US,1874,27.560028956453948,United States
AY,2011,23.05986773407588,Antarctica
FJ,2011,79.46524559777572,Fiji
TH,2011,105.98305084745763,Thailand
EU,2011,6.717472118959108,Europa Island [France]
CT,2011,81.04757858963467,Central African Republic
JO,2016,26.764705882352942,Jordan
PE,2016,64.27048710601719,Peru
PO,2016,32.23050259965338,Portugal
SP,2016,16.36677919288016,Spain
US,2016,28.7732294489605,United States
CV,2016,25.56,Cape Verde
TO,2016,88.33494363929147,Togo
GI,2017,15.727536231884057,Gibraltar [United Kingdom]
RO,2017,17.10927476350984,Romania
VQ,2017,44.19103252289233,Virgin Islands [United States]
KZ,2017,90.46666666666667,Kazakhstan
IT,2006,21.414463292356295,Italy
LY,2006,30.521997621878715,Libya
US,2006,23.59546338220565,United States
EU,2006,8.863636363636363,Europa Island [France]
EI,2014,36.611234089651354,Ireland
PA,2009,100.1584380610413,Paraguay
PO,2009,61.96169193934557,Portugal
TH,2009,94.68651727126408,Thailand
DR,2009,58.57272727272727,Dominican Republic
KN,2009,133.91362126245846,"Korea, North"
AM,2009,2.6666666666666665,Armenia
BP,2007,113.11923076923077,Solomon Islands
DR,2007,78.80555555555556,Dominican Republic
IS,2007,9.737975263398992,Israel
JO,2007,65.38181818181818,Jordan
BL,2013,97.37267080745342,Bolivia
CA,2013,22.186851645287227,Canada
FK,2013,13.09041095890411,Falkland Islands (Islas Malvinas) [United Kingdom]
GM,2013,21.72660909254934,Germany
LO,2013,20.61150684931507,Slovakia
MG,2013,49.5965697240865,Mongolia
GV,2013,225.768115942029,Guinea
BH,2021,42.871428571428574,Belize
EN,2021,17.079512035725955,Estonia
MT,2021,10.828478964401295,Malta
PO,2021,37.680473372781066,Portugal
SW,2021,18.818570218942785,Sweden
ES,2021,87.05641025641026,El Salvador
TO,2021,78.1652281134402,Togo
GV,2021,179.75694444444446,Guinea
GB,2002,83.03950617283951,Gabon
KU,2002,14.925,Kuwait
MR,2002,30.448275862068964,Mauritania
MV,2002,0.0,Maldives
LO,2001,25.87118437118437,Slovakia
MF,2001,35.119791666666664,Mayotte [France]
NL,2001,27.540982708279518,Netherlands
CT,2001,90.18238993710692,Central African Republic
AE,1998,0.6890611541774333,United Arab Emirates
DR,1998,54.152603231597844,Dominican Republic
GB,1998,92.77003942181341,Gabon
HR,1998,29.438728565453786,Croatia
SA,1998,19.253609106052192,Saudi Arabia
MD,1998,78.29824561403508,Moldova
BB,1991,43.581227436823106,Barbados
CV,1991,7.758474576271187,Cape Verde
PA,1991,42.83241455347299,Paraguay
RO,1991,18.071046600458367,Romania
SA,1991,3.7829614604462476,Saudi Arabia
TU,1991,24.521636701797892,Turkey
UP,1991,15.881146932105185,Ukraine
GB,1991,93.27906976744185,Gabon
KR,1991,88.77822580645162,Kiribati
CT,1991,122.4,Central African Republic
BO,1994,17.336597878045936,Belarus
IC,1994,32.489972652689154,Iceland
WQ,1994,21.731506849315068,Wake Island [United States]
PU,1994,118.06666666666666,Guinea-Bissau
BG,1987,4.962245885769603,Bangladesh
MK,1987,11.612021857923498,Macedonia
PO,1987,36.376736111111114,Portugal
UC,1987,13.263313609467456,Curacao
BP,1987,26.51685393258427,Solomon Islands
KN,1975,0.1272984441301273,"Korea, North"
SE,1975,54.35616438356164,Seychelles
SY,1975,12.578995433789954,Syria
SZ,1975,33.493493150684934,Switzerland
UZ,1975,6.253987968173879,Uzbekistan
BK,1978,32.04383561643836,Bosnia and Herzegovina
CT,1978,37.677998472116116,Central African Republic
ER,1978,13.765714285714285,Eritrea
MK,1978,15.315723270440252,Macedonia
ES,1978,850.9166666666666,El Salvador
KE,1971,14.615342465753425,Kenya
UP,1971,15.70718969941624,Ukraine
AC,1965,25.013698630136986,Antigua and Barbuda
CT,1965,42.28898395721925,Central African Republic
KE,1965,14.553424657534247,Kenya
SN,1965,48.48768472906404,Singapore
MO,1965,7.713547052740434,Morocco
BO,1958,19.027745664739886,Belarus
NO,1958,28.873337104072398,Norway
SH,1958,1.3964334705075445,Saint Helena [United Kingdom]
GG,1957,23.801493823613903,Georgia
MP,1957,42.273972602739725,Mauritius
MY,1957,103.45410885805764,Malaysia
NG,1957,12.265004110715264,Niger
SW,1957,18.211989096567134,Sweden
BU,1957,100.26865671641791,Bulgaria
JN,1950,18.69041095890411,Jan Mayen [Norway]
LT,1950,31.94360902255639,Lesotho
MQ,1950,16.675182481751825,Midway Islands [United States}
TS,1950,13.776438356164384,Tunisia
TX,1950,3.2586652871184687,Turkmenistan
BP,1949,45.69097222222222,Solomon Islands
RP,1949,91.83223992502343,Philippines
TD,1949,49.398835516739446,Trinidad and Tobago
WZ,1949,25.622465753424656,Swaziland
SG,1940,22.272727272727273,Senegal
AU,1939,27.531206006569686,Austria
EG,1939,1.3366024518388793,Egypt
LH,1939,13.791893227879386,Lithuania
PK,1939,20.31857999077916,Pakistan
SF,1939,18.581697391533574,South Africa
PK,1936,23.86788990825688,Pakistan
EG,1908,2.315644383184011,Egypt
HR,1908,25.534153005464482,Croatia
LH,1908,13.03825136612022,Lithuania
AS,1907,15.114597094994538,Australia
HR,1907,27.795205479452054,Croatia
IT,1907,25.27551748750892,Italy
RS,1907,11.990059843797546,Russia
TS,1907,4.176584421867441,Tunisia
AJ,1905,15.784285714285714,Azerbaijan
BD,2023,26.142857142857142,Bermuda [United Kingdom]
CE,2023,30.05121951219512,Sri Lanka
KR,2023,38.86153846153846,Kiribati
MX,2023,1.689813632882308,Mexico
NS,2023,76.84848484848484,Suriname
SW,2023,26.33217233285379,Sweden
SN,2023,137.94545454545454,Singapore
AG,1904,17.23636763412489,Algeria
MI,1904,21.790849673202615,Malawi
CY,2003,14.77311344327836,Cyprus
IC,2003,34.80908651522475,Iceland
BP,1984,73.01028806584362,Solomon Islands
BR,1984,38.81880276073902,Brazil
EN,1984,17.791047706301942,Estonia
IS,1984,7.8250811688311686,Israel
MC,1984,0.0,Macau S.A.R
MZ,1984,33.03683609366077,Mozambique
CQ,1992,49.576502732240435,Northern Mariana Islands [United States]
IO,1992,64.22404371584699,British Indian Ocean Territory [United Kingdom]
JU,1992,35.38,Juan De Nova Island [France]
CD,1992,72.98076923076923,Chad
NP,1992,99.0,Nepal
ER,1981,20.095890410958905,Eritrea
GQ,1981,75.32462836480514,Guam [United States]
MD,1981,17.05276292335116,Moldova
PA,1981,34.63840262582057,Paraguay
WZ,1981,25.680073971336107,Swaziland
SL,1981,86.63157894736842,Sierra Leone
BU,1988,13.28352490421456,Bulgaria
DA,1988,24.945434900054025,Denmark
IS,1988,11.579615227179698,Israel
MF,1988,44.21463414634146,Mayotte [France]
AF,1988,75.0,Afghanistan
BO,1974,18.84373811464276,Belarus
CD,1974,18.095351294241944,Chad
KS,1974,11.198916161938158,"Korea, South"
SY,1974,16.32079343365253,Syria
TO,1974,27.58811188811189,Togo
VM,1974,45.384886649874055,Vietnam
VQ,1974,37.22807581111468,Virgin Islands [United States]
RE,1974,48.098591549295776,Reunion [France]
GH,1974,52.04733727810651,Ghana
CB,1974,37.7037037037037,Cambodia
BP,1974,0.0,Solomon Islands
BB,1974,112.25,Barbados
BN,1980,30.020594965675055,Benin
CS,1980,102.35691724573594,Costa Rica
GM,1980,23.43460148178532,Germany
IV,1980,38.23866774979691,Cote D'Ivoire
MF,1980,44.4054054054054,Mayotte [France]
ZA,1980,29.15879201169021,Zambia
FI,1977,17.378623995924567,Finland
LU,1977,25.70859277708593,Luxembourg
TX,1977,4.589606017568776,Turkmenistan
UG,1977,42.6549929010885,Uganda
US,1977,23.86447605590271,United States
MF,1977,33.23175965665236,Mayotte [France]
CW,1977,305.2916666666667,Cook Islands [New Zealand]
AG,1969,7.9900779588944015,Algeria
LG,1969,15.025224265032419,Latvia
SY,1969,15.32876712328767,Syria
LA,1966,68.91825902335457,Laos
FM,1972,104.08120204603581,Federated States of Micronesia
GG,1972,31.525151319268968,Georgia
MY,1972,8.317191283292978,Malaysia
PP,1972,43.36065573770492,Papua New Guinea
EZ,1960,38.01870503597122,Czech Republic
GM,1960,24.049134320219252,Germany
MK,1960,16.647540983606557,Macedonia
ZI,1960,20.093440122044242,Zimbabwe
IC,1959,38.12876712328767,Iceland
UC,1959,34.5,Curacao
KZ,1952,8.21099095598869,Kazakhstan
LE,1952,17.51004366812227,Lebanon
CY,1951,17.30890410958904,Cyprus
FI,1951,14.547945205479452,Finland
UV,1951,29.826027397260273,Burkina Faso
VM,1951,56.357142857142854,Vietnam
HU,1944,20.648087431693988,Hungary
MI,1944,26.268036729339748,Malawi
SF,1934,18.552375046181453,South Africa
LE,1933,11.994949494949495,Lebanon
LG,1933,13.493125572868928,Latvia
BE,1932,22.60928961748634,Belgium
BO,1932,16.945996275605214,Belarus
LT,1932,18.012172284644194,Lesotho
BE,1931,22.95068493150685,Belgium
PO,1931,39.13934426229508,Portugal
BK,1926,22.693150684931506,Bosnia and Herzegovina
MO,1926,11.104825291181365,Morocco
MX,1926,26.99343208893691,Mexico
BC,1925,17.541565600882027,Botswana
SF,1924,15.897777326397117,South Africa
EI,1923,28.542723004694835,Ireland
PK,1923,22.224051211705532,Pakistan
RO,1923,15.34337899543379,Romania
EN,1917,13.546456692913386,Estonia
MD,1917,12.19078947368421,Moldova
GM,1903,19.60231217455988,Germany
LH,1903,18.78082191780822,Lithuania
PK,1903,16.828729281767956,Pakistan
CY,1901,7.865753424657535,Cyprus
HU,1901,16.92219178082192,Hungary
SI,1900,45.632876712328766,Slovenia
US,1869,26.559041394335512,United States
EZ,1868,10.420765027322405,Czech Republic
NL,1868,16.940654843110504,Netherlands
HR,1864,25.938524590163933,Croatia
NL,1857,13.321917808219178,Netherlands
UK,1853,19.56884561891516,United Kingdom
AG,1853,19.633608815426996,Algeria
US,1852,29.2045,United States
IT,1851,27.523287671232875,Italy
GM,1850,31.288834951456312,Germany
IT,1843,17.887671232876713,Italy
SW,1843,11.98082191780822,Sweden
SW,1836,15.959016393442623,Sweden
EZ,1829,17.052054794520547,Czech Republic
