Country_Code,year,avg(Value),Country_Name
BK,2011,18.46564531104921,Bosnia and Herzegovina
GM,2011,19.856212639283637,Germany
PO,2011,66.22514379622021,Portugal
BG,2011,68.68304498269896,Bangladesh
MV,2011,5.4625,Maldives
AG,2016,7.7977240553196125,Algeria
CJ,2016,12.916434540389972,Cayman Islands [United Kingdom]
CO,2016,51.52688477951636,Colombia
FS,2016,41.41358024691358,French Southern and Antarctic Lands [France]
LU,2016,23.62295081967213,Luxembourg
MY,2016,71.19485485833478,Malaysia
IV,2016,77.92432432432433,Cote D'Ivoire
GB,2017,139.52702702702703,Gabon
WQ,2017,61.21875,Wake Island [United States]
ZA,2017,238.375,Zambia
BG,2006,52.50040453074433,Bangladesh
CA,2006,22.176400692898483,Canada
CF,2006,70.5478927203065,Congo (Brazzaville)
SI,2006,31.082912761355445,Slovenia
DR,2006,73.7805255023184,Dominican Republic
JM,2006,26.723636363636363,Jamaica
GH,2006,90.79629629629629,Ghana
KR,2014,57.96065573770492,Kiribati
RE,2014,31.712707182320443,Reunion [France]
RO,2014,20.984534349434046,Romania
TS,2014,9.021231422505307,Tunisia
QA,2014,55.142857142857146,Qatar
CT,2014,78.06060606060606,Central African Republic
IS,2003,15.356087824351297,Israel
NG,2003,13.29124520404604,Niger
PL,2003,13.763973171510699,Poland
TH,2003,44.166604057099924,Thailand
LA,2003,54.323459715639814,Laos
CS,1984,90.04944444444445,Costa Rica
GB,1984,188.0203045685279,Gabon
GI,1984,13.483754512635379,Gibraltar [United Kingdom]
KU,1984,0.03076923076923077,Kuwait
MQ,1984,35.39087018544936,Midway Islands [United States}
SB,1984,59.27891156462585,Saint Pierre and Miquelon [France]
FJ,1992,55.862037037037034,Fiji
GG,1992,36.092739637551766,Georgia
GR,1992,11.457050243111832,Greece
KS,1992,113.43525318902203,"Korea, South"
LH,1992,17.149253731343283,Lithuania
MV,1992,0.0,Maldives
MY,1992,83.5176184690158,Malaysia
RM,1992,64.27052938724468,Marshall Islands
DR,1992,104.92307692307692,Dominican Republic
AM,1981,12.490706319702602,Armenia
CT,1981,49.68598761958357,Central African Republic
IS,1981,9.840639269406394,Israel
RS,1981,14.30686885810799,Russia
LI,1981,59.15652173913043,Liberia
BR,1988,41.490363286688535,Brazil
HO,1988,58.633429672447015,Honduras
WQ,1988,15.781420765027322,Wake Island [United States]
GH,1988,76.34782608695652,Ghana
CM,1974,56.22222222222222,Cameroon
EZ,1974,20.698861978406768,Czech Republic
SH,1974,42.50684931506849,Saint Helena [United Kingdom]
FS,1974,22.710526315789473,French Southern and Antarctic Lands [France]
BD,1980,42.21311475409836,Bermuda [United Kingdom]
FP,1980,2.0572093023255813,French Polynesia
GL,1980,17.232599238716695,Greenland [Denmark]
GQ,1980,89.82002056907783,Guam [United States]
IC,1980,26.165617623918173,Iceland
JM,1980,131.76203966005664,Jamaica
KZ,1980,7.905644406824965,Kazakhstan
EI,1977,30.454413472706154,Ireland
FP,1977,1.2115019011406845,French Polynesia
TH,1977,37.949485276514245,Thailand
UP,1977,18.46551262729411,Ukraine
MB,1977,1045.32,Martinique [France]
GY,1977,20.5,Guyana
AC,1969,33.533546325878596,Antigua and Barbuda
CD,1969,19.681469298245613,Chad
IT,1969,29.248093135287032,Italy
SP,1969,22.18172611679982,Spain
AL,1966,53.6945205479452,Albania
SF,1966,12.585600633483043,South Africa
UY,1966,34.16585730295107,Uruguay
CT,1972,36.23543025457606,Central African Republic
EZ,1972,11.084699453551913,Czech Republic
GB,1972,48.457541191381495,Gabon
LT,1972,20.216120460584587,Lesotho
UZ,1972,9.023648312257293,Uzbekistan
AM,1960,13.626198830409356,Armenia
BN,1960,38.70420995079278,Benin
IV,1960,49.05206776283009,Cote D'Ivoire
NL,1960,24.958537148826323,Netherlands
ML,1960,0.0,Mali
MI,1959,25.876953907815633,Malawi
MR,1959,2.801245330012453,Mauritania
PM,1959,48.41095890410959,Panama
SY,1959,8.38071995118975,Syria
VQ,1959,24.042465753424658,Virgin Islands [United States]
IN,1952,30.109223413593885,India
IV,1952,49.69473422752111,Cote D'Ivoire
PP,1951,104.93708609271523,Papua New Guinea
RP,1951,58.14150586454786,Philippines
SI,1951,39.85479452054795,Slovenia
RS,1944,11.628333347483169,Russia
UG,1944,32.34098360655738,Uganda
IR,1944,16.833333333333332,Iran
EG,1943,1.2164383561643837,Egypt
FI,1943,17.53972602739726,Finland
LY,1943,8.261026102610261,Libya
SI,1943,34.221917808219175,Slovenia
TI,1943,11.09255162241888,Tajikistan
TU,1943,71.28500823723229,Turkey
CA,1932,24.02103827571377,Canada
NG,1931,149.0,Niger
AG,1926,9.130892255892256,Algeria
AJ,1926,12.39109589041096,Azerbaijan
IT,1926,23.987866927592954,Italy
SI,1925,49.06575342465754,Slovenia
DA,1924,17.592505854800937,Denmark
SI,1923,46.0986301369863,Slovenia
NG,1917,226.0,Niger
IN,1902,32.98020871688533,India
AJ,1901,16.260631001371742,Azerbaijan
AJ,1900,15.48554336989033,Azerbaijan
NL,1900,19.576012522011347,Netherlands
EG,1899,2.095890410958904,Egypt
NO,1899,27.90736395127947,Norway
SF,1899,12.68149069849609,South Africa
EI,1864,40.40983606557377,Ireland
AS,1857,18.790976584808682,Australia
GM,1856,20.39168765743073,Germany
SF,1855,16.931506849315067,South Africa
GM,1843,31.6,Germany
GM,1838,24.70842332613391,Germany
GM,1820,53.072916666666664,Germany
AG,2010,10.065609514370664,Algeria
FJ,2010,71.7899628252788,Fiji
PE,2010,62.48969072164948,Peru
NI,2010,94.84146341463415,Nigeria
CO,2012,74.51767304860088,Colombia
FJ,2012,82.12667785234899,Fiji
IN,2012,105.85723294236348,India
NC,2012,31.49025069637883,New Caledonia [France]
SB,2012,29.842105263157894,Saint Pierre and Miquelon [France]
ZI,2012,47.24315068493151,Zimbabwe
MU,2012,29.593103448275862,Oman
JM,2012,25.56122448979592,Jamaica
QA,2012,4.75,Qatar
AM,2018,46.11385542168675,Armenia
HR,2018,30.221721231131152,Croatia
JM,2018,17.30294117647059,Jamaica
MK,2018,16.775055679287306,Macedonia
NH,2018,106.75041876046902,Vanuatu
UK,2018,24.616296591135246,United Kingdom
IN,2020,114.53704162537166,India
MJ,2020,39.29371231696813,Montenegro
MY,2020,87.70268425841674,Malaysia
CJ,2020,38.47976878612717,Cayman Islands [United Kingdom]
KS,2004,93.61845238095238,"Korea, South"
RO,2004,17.391304347826086,Romania
UK,2004,27.217394701883254,United Kingdom
GL,2005,29.615940442303483,Greenland [Denmark]
IO,2005,94.3013698630137,British Indian Ocean Territory [United Kingdom]
IS,2005,10.878472222222221,Israel
KU,2005,9.063953488372093,Kuwait
MG,2005,6.051995875681249,Mongolia
SA,2005,88.34042553191489,Saudi Arabia
HU,1983,11.841150719199499,Hungary
MG,1983,3.6427979274611397,Mongolia
MX,1983,24.50541941282205,Mexico
TN,1983,46.71621621621622,Tonga
CY,1982,10.835129310344827,Cyprus
GL,1982,12.360170621167688,Greenland [Denmark]
IT,1982,26.62024232040142,Italy
IV,1982,95.17229129662522,Cote D'Ivoire
SH,1982,101.78082191780823,Saint Helena [United Kingdom]
ZA,1982,26.395381277123374,Zambia
CQ,1982,39.758620689655174,Northern Mariana Islands [United States]
IS,1993,6.987654320987654,Israel
SU,1993,37.5,Sudan
TD,1993,36.53164556962025,Trinidad and Tobago
MV,1993,1.1782178217821782,Maldives
ZA,1993,57.91304347826087,Zambia
CI,1985,7.743279569892473,Chile
GT,1985,27.797260273972604,Guatemala
JU,1985,53.55725190839695,Juan De Nova Island [France]
LY,1985,6.5173250173250175,Libya
MG,1985,3.7746666666666666,Mongolia
WQ,1985,22.46027397260274,Wake Island [United States]
NP,1985,41.433734939759034,Nepal
NG,1985,47.637462235649544,Niger
EU,1996,9.202247191011235,Europa Island [France]
FS,1996,34.27805362462761,French Southern and Antarctic Lands [France]
PL,1996,15.135135135135135,Poland
SH,1996,44.19398907103825,Saint Helena [United Kingdom]
FK,1996,15.458745874587459,Falkland Islands (Islas Malvinas) [United Kingdom]
TO,1996,70.54305799648506,Togo
LA,1996,20.333333333333332,Laos
JU,1995,38.604838709677416,Juan De Nova Island [France]
SZ,1995,43.156164383561645,Switzerland
EU,1995,16.142222222222223,Europa Island [France]
AJ,1979,12.493621029197705,Azerbaijan
AR,1979,21.033620902144442,Argentina
GM,1979,23.13955919691054,Germany
KN,1979,0.16878980891719744,"Korea, North"
CO,1976,45.53648974668275,Colombia
IC,1976,33.779236276849645,Iceland
IT,1976,26.187290969899667,Italy
NI,1976,0.0,Nigeria
CJ,1967,47.80821917808219,Cayman Islands [United Kingdom]
CO,1967,59.349627174813584,Colombia
KS,1967,35.33104125736739,"Korea, South"
LY,1967,6.805393586005831,Libya
SV,1967,19.068681318681318,Svalbard [Norway]
BR,1968,28.60242171605183,Brazil
BY,1968,31.27246790299572,Burundi
CF,1968,43.64660282717738,Congo (Brazzaville)
MX,1968,28.501619479658725,Mexico
TO,1968,43.816839803171135,Togo
WQ,1968,28.42896174863388,Wake Island [United States]
CE,1968,65.34615384615384,Sri Lanka
AM,1962,13.060385572139303,Armenia
JN,1962,16.09315068493151,Jan Mayen [Norway]
PA,1962,32.221917808219175,Paraguay
BN,1961,29.12054794520548,Benin
GL,1961,14.548786431426064,Greenland [Denmark]
NC,1961,412.6027397260274,New Caledonia [France]
CE,1961,74.0,Sri Lanka
LE,1954,27.180090497737556,Lebanon
TO,1954,30.630214917825537,Togo
HO,1953,39.26027397260274,Honduras
LG,1953,15.136428065201985,Latvia
MK,1953,9.46027397260274,Macedonia
MR,1948,2.202323330106486,Mauritania
NO,1948,34.66941741593792,Norway
SV,1948,7.904371584699454,Svalbard [Norway]
UK,1948,24.227856752323675,United Kingdom
UY,1948,31.420765027322403,Uruguay
WZ,1948,20.42356864924958,Swaziland
IR,1948,92.75,Iran
AL,1947,41.18082191780822,Albania
EG,1947,0.785173375846951,Egypt
GQ,1947,80.58912386706949,Guam [United States]
AM,1942,14.754343081623745,Armenia
TX,1942,3.964573944031024,Turkmenistan
GM,1938,21.780618556701032,Germany
MI,1938,26.14311111111111,Malawi
UP,1938,12.253644606983618,Ukraine
CY,1937,11.758219178082191,Cyprus
EI,1937,24.521461187214612,Ireland
KE,1937,25.5013698630137,Kenya
MD,1937,11.424657534246576,Moldova
IT,1922,17.310763209393347,Italy
LY,1922,15.795989537925022,Libya
IN,1916,37.87291234351356,India
NL,1916,21.190437158469944,Netherlands
EG,1921,2.286535303776683,Egypt
TS,1918,0.0,Tunisia
MX,1919,0.23333333333333334,Mexico
GL,1898,16.145205479452056,Greenland [Denmark]
IT,1898,31.482987824942416,Italy
RO,1898,13.943835616438356,Romania
AU,1897,36.71232876712329,Austria
EN,1896,12.421311475409835,Estonia
UP,1895,12.444972826086957,Ukraine
UZ,1895,7.565753424657534,Uzbekistan
EZ,1894,13.07945205479452,Czech Republic
UK,1894,20.84109589041096,United Kingdom
BO,1893,16.353507565337,Belarus
HR,1891,21.141689373297,Croatia
BO,1890,15.175342465753424,Belarus
GG,1888,31.500717360114777,Georgia
SF,1888,15.421907063705595,South Africa
NL,1887,14.319551681195517,Netherlands
RS,1887,12.954529407611382,Russia
AM,1886,6.545205479452055,Armenia
BO,1886,12.187214611872147,Belarus
AG,1883,11.889000755096903,Algeria
CA,1881,22.825414081985034,Canada
NO,1881,20.348773841961854,Norway
UZ,1881,8.0359375,Uzbekistan
NL,1880,20.20964912280702,Netherlands
GL,1876,4.073770491803279,Greenland [Denmark]
SW,1876,13.951297320289239,Sweden
UK,1871,17.22451790633609,United Kingdom
PS,2008,110.40163934426229,Palau
CU,2008,40.48153034300792,Cuba
CV,2008,31.714285714285715,Cape Verde
CH,2022,22.857300024150053,China
IR,2022,6.339815079592031,Iran
PL,2022,18.49984399375975,Poland
RM,2022,94.13424657534246,Marshall Islands
TV,2022,46.19145299145299,Tuvalu
SG,2022,100.69182389937107,Senegal
AM,2015,30.536331149493748,Armenia
MF,2015,37.39660056657224,Mayotte [France]
TE,2015,58.30281690140845,Tromelin Island [France]
WZ,2015,57.678899082568805,Swaziland
EK,2015,83.44927536231884,Equatorial Guinea
ES,2015,102.26666666666667,El Salvador
BH,2019,28.159663865546218,Belize
HR,2019,33.641106099235145,Croatia
LU,2019,21.34794520547945,Luxembourg
MJ,2019,43.87440570522979,Montenegro
RO,2019,14.976869107651831,Romania
RW,2019,64.5360824742268,Rwanda
VE,2019,57.53235294117647,Venezuela
TI,2019,74.53834115805947,Tajikistan
SU,2019,26.666666666666668,Sudan
AY,2000,80.66257225433526,Antarctica
JO,2000,33.068627450980394,Jordan
NZ,2000,29.928393524283937,New Zealand
RQ,2000,39.83897585816673,Puerto Rico [United States]
WA,2000,14.59152442613302,Namibia
MC,2000,181.45882352941177,Macau S.A.R
AR,1999,23.88921222199127,Argentina
BB,1999,40.15264797507788,Barbados
BR,1999,37.37405932049079,Brazil
RM,1999,71.63202139854796,Marshall Islands
ET,1990,61.61830985915493,Ethiopia
FR,1990,19.8584972135033,France
MZ,1990,41.751835535976504,Mozambique
NS,1990,69.21492537313434,Suriname
PK,1990,3.8174479166666666,Pakistan
WI,1990,1.2190476190476192,Western Sahara
NF,1990,40.48062015503876,Norfolk Island [Australia]
ER,1990,27.2,Eritrea
GQ,1989,71.12294807370185,Guam [United States]
HR,1989,23.331296101159115,Croatia
MF,1989,87.86934673366834,Mayotte [France]
UY,1989,21.39528962444303,Uruguay
VE,1989,37.59123754735513,Venezuela
GB,1989,108.68033946251768,Gabon
AU,2009,46.90073671965878,Austria
GB,2009,114.67282321899737,Gabon
WA,2009,54.688453159041394,Namibia
KZ,2009,428.3333333333333,Kazakhstan
CG,2009,116.0,Congo (Kinshasa)
CO,2009,53.90909090909091,Colombia
IR,2007,9.1738,Iran
NZ,2007,21.93404203913989,New Zealand
TV,2007,112.38084632516704,Tuvalu
SU,2007,143.95064377682402,Sudan
TE,2007,89.11764705882354,Tromelin Island [France]
IV,2007,87.92125,Cote D'Ivoire
CT,2007,81.5219123505976,Central African Republic
GA,2007,108.28125,"Gambia, The"
BP,2013,77.31044776119403,Solomon Islands
CQ,2013,41.319604612850085,Northern Mariana Islands [United States]
HU,2013,22.23337134169517,Hungary
MU,2013,33.057112068965516,Oman
AQ,1986,131.59709618874774,American Samoa [United States]
BD,1986,48.484931506849314,Bermuda [United Kingdom]
CW,1986,60.88086642599278,Cook Islands [New Zealand]
KN,1986,110.70434782608696,"Korea, North"
MI,1986,33.85862573099415,Malawi
PP,1986,69.20112781954887,Papua New Guinea
PS,1986,111.07949790794979,Palau
AQ,1997,110.43401759530792,American Samoa [United States]
BF,1997,50.293447293447294,"Bahamas, The"
CS,1997,94.65294117647059,Costa Rica
FJ,1997,61.97422289613343,Fiji
FK,1997,16.35135135135135,Falkland Islands (Islas Malvinas) [United Kingdom]
GR,1997,14.8125,Greece
FG,1973,104.10952380952381,French Guiana [France]
PK,1973,4.687912087912088,Pakistan
TE,1973,22.526315789473685,Tromelin Island [France]
IS,1970,9.036986301369863,Israel
KG,1970,13.552054400919452,Kyrgyzstan
SH,1970,39.00106951871658,Saint Helena [United Kingdom]
WQ,1970,24.956164383561642,Wake Island [United States]
ZI,1970,13.479290894439968,Zimbabwe
JA,1964,45.627134350385255,Japan
JN,1964,15.387978142076502,Jan Mayen [Norway]
AM,2021,30.667723525681673,Armenia
GQ,2021,75.31436314363144,Guam [United States]
LU,2021,22.2316715542522,Luxembourg
UP,2021,40.75517890772128,Ukraine
QA,2021,15.438095238095238,Qatar
AF,2021,33.2,Afghanistan
FS,2002,40.696363636363635,French Southern and Antarctic Lands [France]
LO,2002,24.47301218804411,Slovakia
VM,2002,41.027311827956986,Vietnam
NG,2002,26.165425971877585,Niger
PP,2001,88.39294306335205,Papua New Guinea
WF,2001,47.18863049095607,Wallis and Futuna [France]
BF,1998,42.58899676375405,"Bahamas, The"
DA,1998,23.276936026936028,Denmark
HU,1998,19.44818263742866,Hungary
JN,1998,16.693150684931506,Jan Mayen [Norway]
RI,1998,17.262100456621006,Serbia
TX,1998,4.4495882483863785,Turkmenistan
UZ,1998,10.977361505681818,Uzbekistan
CJ,1998,10.410526315789474,Cayman Islands [United Kingdom]
GH,1998,59.41851106639839,Ghana
FM,1991,114.25146106460275,Federated States of Micronesia
HU,1991,17.585668789808917,Hungary
KN,1991,10.919447640966629,"Korea, North"
SW,1991,16.993093738117015,Sweden
VE,1991,38.45498018855035,Venezuela
WA,1991,8.264828738512948,Namibia
ZI,1991,43.74850299401198,Zimbabwe
AL,1994,38.21643835616438,Albania
CV,1994,6.818897637795276,Cape Verde
GV,1994,71.47653429602889,Guinea
LU,1994,24.437110834371108,Luxembourg
PP,1994,65.31506849315069,Papua New Guinea
VE,1994,35.004824181208306,Venezuela
CE,1994,49.87157287157287,Sri Lanka
MZ,1994,49.87434094903339,Mozambique
ZA,1994,63.28787878787879,Zambia
CD,1994,104.59862385321101,Chad
LA,1994,52.411764705882355,Laos
AR,1987,29.45021056921614,Argentina
EU,1987,12.459302325581396,Europa Island [France]
HO,1987,39.78138766519824,Honduras
HR,1987,29.85395152792413,Croatia
MA,1987,54.31039173014146,Madagascar
DA,1975,15.66385911179173,Denmark
EC,1975,70.68666196189132,Ecuador
GQ,1975,58.44729605866178,Guam [United States]
MX,1975,26.228072766917336,Mexico
NH,1975,108.03703703703704,Vanuatu
SI,1975,40.371357409713575,Slovenia
TZ,1975,23.71897537925889,Tanzania
WI,1975,0.0,Western Sahara
CU,1978,18.42896174863388,Cuba
GI,1978,26.002915451895042,Gibraltar [United Kingdom]
HU,1978,15.848451018699414,Hungary
IV,1978,43.07137784090909,Cote D'Ivoire
JA,1978,38.4169004982739,Japan
MP,1978,35.19671232876712,Mauritius
UC,1978,1675.0384615384614,Curacao
JM,1978,906.3333333333334,Jamaica
KT,1978,50.0,Christmas Island [Australia]
AE,1978,0.0,United Arab Emirates
SV,1971,12.01095890410959,Svalbard [Norway]
CY,1965,17.55068493150685,Cyprus
BD,1958,41.586301369863016,Bermuda [United Kingdom]
CQ,1958,41.71734892787524,Northern Mariana Islands [United States]
MR,1958,5.901946107784431,Mauritania
BF,1957,28.472822040208488,"Bahamas, The"
BN,1957,41.69353070175438,Benin
CF,1957,45.124114285714285,Congo (Brazzaville)
SI,1957,46.21780821917808,Slovenia
CY,1950,11.104794520547944,Cyprus
RQ,1950,50.16281377120746,Puerto Rico [United States]
GM,1963,19.04643599994441,Germany
MP,1963,35.52602739726027,Mauritius
VQ,1963,29.339726027397262,Virgin Islands [United States]
UK,1949,19.365288449810954,United Kingdom
EG,1956,0.9963636363636363,Egypt
LT,1956,27.775956284153004,Lesotho
TH,1956,47.28725086997785,Thailand
ZI,1956,24.352876911871814,Zimbabwe
BU,1956,70.60714285714286,Bulgaria
AU,1940,27.304189435336976,Austria
GM,1940,25.13279536284594,Germany
BE,1939,24.66849315068493,Belgium
JN,1939,12.416438356164383,Jan Mayen [Norway]
UG,1939,29.152876712328766,Uganda
CH,1955,20.823350941768954,China
GB,1955,64.22814445828145,Gabon
IS,1955,10.254794520547945,Israel
US,1955,22.693320618305204,United States
AS,1935,15.14981813695123,Australia
MX,1935,27.032384182387716,Mexico
HU,1946,13.598356164383562,Hungary
IN,1946,38.46267220716382,India
NL,1946,21.695966514459666,Netherlands
RM,1946,97.68720379146919,Marshall Islands
BK,1908,22.297814207650273,Bosnia and Herzegovina
EN,1908,13.22438524590164,Estonia
SF,1908,13.666658130164583,South Africa
BO,1907,15.084383561643836,Belarus
GG,1907,32.68196721311475,Georgia
MD,1945,8.32292405961675,Moldova
KR,1945,24.686274509803923,Kiribati
AS,1906,18.585260777954222,Australia
BO,1906,19.966027397260273,Belarus
LG,1906,17.440959409594097,Latvia
PK,1906,18.813266443701227,Pakistan
SW,1906,13.508056651961923,Sweden
NO,1905,31.91522965350524,Norway
TI,1905,6.033057851239669,Tajikistan
AY,2023,13.603563474387528,Antarctica
BK,2023,47.7313829787234,Bosnia and Herzegovina
FK,2023,11.666666666666666,Falkland Islands (Islas Malvinas) [United Kingdom]
GR,2023,18.761513157894736,Greece
HR,2023,27.90547263681592,Croatia
MA,2023,124.4009900990099,Madagascar
BC,2023,42.365591397849464,Botswana
CG,2023,125.88235294117646,Congo (Kinshasa)
QA,2023,28.238095238095237,Qatar
SG,2023,5.0,Senegal
IN,1904,30.342736408239666,India
HU,1929,15.317808219178081,Hungary
MX,1929,22.441924040066777,Mexico
US,1929,25.588402148104475,United States
KG,1928,14.783886255924171,Kyrgyzstan
SP,1915,20.793607305936074,Spain
GM,1914,21.660627839980993,Germany
SF,1913,14.507332322263146,South Africa
RS,1912,12.921242097869351,Russia
TI,1912,2.757617728531856,Tajikistan
CY,1911,14.280821917808218,Cyprus
UK,1911,19.063867016622922,United Kingdom
TX,1910,3.456962911126662,Turkmenistan
