Country_Code,year,avg(Value),Country_Name
AE,2011,1.2408088235294117,United Arab Emirates
CO,2011,80.72162213378813,Colombia
JA,2011,51.889088256171625,Japan
JO,2011,25.880597014925375,Jordan
LA,2011,135.2018970189702,Laos
PU,2011,33.0,Guinea-Bissau
EC,2011,57.1401384083045,Ecuador
AO,2011,28.333333333333332,Angola
AS,2016,22.017679790437413,Australia
BX,2016,82.21929824561404,Brunei
RP,2016,103.9725321888412,Philippines
BH,2017,46.335180055401665,Belize
NZ,2017,29.395170652426284,New Zealand
RW,2017,88.45394736842105,Rwanda
CU,2017,67.44047619047619,Cuba
SA,2017,100.82894736842105,Saudi Arabia
SE,2017,59.60606060606061,Seychelles
TO,2017,85.15397350993378,Togo
MP,2006,47.51890989988877,Mauritius
MT,2006,14.398891966759003,Malta
NS,2006,75.01689189189189,Suriname
RM,2006,69.59279475982532,Marshall Islands
SF,2006,49.497967044725016,South Africa
SZ,2006,37.16472602739726,Switzerland
IV,2006,82.85592417061612,Cote D'Ivoire
NI,2006,359.8030303030303,Nigeria
CS,2014,110.77636363636364,Costa Rica
MF,2014,32.470914127423825,Mayotte [France]
SV,2014,11.497032640949556,Svalbard [Norway]
TV,2014,87.07536231884058,Tuvalu
DR,2014,42.91717171717172,Dominican Republic
JO,2014,28.50877192982456,Jordan
SG,2014,105.32674772036474,Senegal
MR,2014,24.65909090909091,Mauritania
AR,2003,25.229614835948645,Argentina
BK,2003,25.150284321689682,Bosnia and Herzegovina
CU,2003,17.07123287671233,Cuba
KU,2003,0.8546712802768166,Kuwait
VE,2003,42.96984089289955,Venezuela
ER,1984,6.158469945355192,Eritrea
RP,1984,40.67039654495485,Philippines
SY,1984,7.973740621650589,Syria
NG,1984,44.59442724458204,Niger
GV,1984,73.36,Guinea
CI,1992,44.1504132231405,Chile
DA,1992,21.416910396171232,Denmark
TV,1992,95.49517684887459,Tuvalu
TX,1992,5.37056526905449,Turkmenistan
UZ,1992,8.039619300575476,Uzbekistan
AY,1981,6.423139598044541,Antarctica
DR,1981,15.95608108108108,Dominican Republic
FP,1981,1.665615141955836,French Polynesia
HR,1981,32.68304512863771,Croatia
ML,1981,16.558664064194318,Mali
MQ,1981,26.698630136986303,Midway Islands [United States}
PK,1981,13.083060659451297,Pakistan
EI,1988,31.657602663706992,Ireland
MX,1988,24.38345848977889,Mexico
BL,1974,19.74234424498416,Bolivia
IC,1974,36.82512733446519,Iceland
MJ,1974,23.25,Montenegro
JU,1974,0.0,Juan De Nova Island [France]
ET,1980,25.637721021611004,Ethiopia
RM,1980,80.7103825136612,Marshall Islands
SI,1980,41.0800156128025,Slovenia
TO,1980,28.91213982050071,Togo
TZ,1980,22.750902527075812,Tanzania
UY,1980,31.79620045058759,Uruguay
KE,1977,29.69607476635514,Kenya
KN,1977,0.13531799729364005,"Korea, North"
SG,1977,10.427764326069411,Senegal
SZ,1977,42.306164383561644,Switzerland
ZA,1977,29.90070812807882,Zambia
TN,1977,764.5,Tonga
UC,1977,1442.5384615384614,Curacao
FJ,1969,39.995073891625616,Fiji
UV,1969,26.03641346906813,Burkina Faso
AQ,1966,130.4233025984912,American Samoa [United States]
CO,1966,68.26293823038397,Colombia
NL,1966,26.848772478650748,Netherlands
FJ,1966,64.15121951219513,Fiji
IV,1972,42.66457080371788,Cote D'Ivoire
MZ,1972,30.551131928181107,Mozambique
PA,1972,38.75092421441774,Paraguay
RM,1972,91.83833494675702,Marshall Islands
AU,1960,31.93605384938999,Austria
BD,1960,42.64617486338798,Bermuda [United Kingdom]
IN,1960,30.08148716403189,India
IS,1960,7.487978142076503,Israel
SW,1960,20.109982577227413,Sweden
MP,1959,46.87397260273973,Mauritius
MZ,1959,28.226223091976518,Mozambique
SA,1952,0.8743169398907104,Saudi Arabia
US,1952,21.835721108209064,United States
ER,1951,10.825788751714677,Eritrea
GG,1951,33.34928875506178,Georgia
IT,1951,25.172104607721046,Italy
IZ,1951,3.1488673139158574,Iraq
MR,1951,4.417960426179604,Mauritania
SV,1951,11.293150684931506,Svalbard [Norway]
UY,1951,30.481894150417826,Uruguay
NO,1944,31.93397039241795,Norway
MO,1943,15.49010989010989,Morocco
PO,1943,30.048097412480974,Portugal
UV,1943,29.36182336182336,Burkina Faso
WA,1934,18.553424657534247,Namibia
AG,1932,13.517868209047718,Algeria
MX,1932,21.019780379608754,Mexico
VQ,1932,37.47267759562842,Virgin Islands [United States]
DA,1931,19.090617481956695,Denmark
MI,1931,28.36651583710407,Malawi
PK,1926,19.981018518518518,Pakistan
RS,1926,12.766807699460665,Russia
UP,1926,11.580286904211013,Ukraine
AG,1925,14.203182374541004,Algeria
LY,1925,14.192853870819972,Libya
NO,1925,31.60657485832673,Norway
CY,1924,16.990437158469945,Cyprus
MX,1924,21.79825197186101,Mexico
BK,1923,18.041095890410958,Bosnia and Herzegovina
TI,1917,0.9776119402985075,Tajikistan
EZ,1903,12.605479452054794,Czech Republic
CY,1902,11.990410958904109,Cyprus
AS,1901,14.390503352101586,Australia
MD,1900,13.169863013698631,Moldova
GL,1899,10.123287671232877,Greenland [Denmark]
AG,1860,11.0955223880597,Algeria
SW,1859,13.378704069537733,Sweden
UK,1858,17.20498614958449,United Kingdom
US,1856,20.812969078354847,United States
NL,1855,14.893150684931507,Netherlands
AS,1850,12.375,Australia
CA,1840,28.60989010989011,Canada
US,1836,22.729166666666668,United States
IT,1831,16.86986301369863,Italy
EZ,1819,14.295890410958904,Czech Republic
GM,1781,24.55890410958904,Germany
AU,2010,36.46996466431096,Austria
CA,2010,23.740428074125987,Canada
CH,2010,22.949598426487462,China
CJ,2010,27.13091922005571,Cayman Islands [United Kingdom]
CS,2010,103.45207956600362,Costa Rica
MK,2010,98.02702702702703,Macedonia
MT,2010,14.302197802197803,Malta
RE,2010,49.40997229916898,Reunion [France]
WF,2010,77.48703170028818,Wallis and Futuna [France]
CM,2010,152.54802259887006,Cameroon
EK,2010,70.5,Equatorial Guinea
MY,2012,79.04928806133626,Malaysia
AG,2018,15.656119833386734,Algeria
RQ,2018,44.21718008170476,Puerto Rico [United States]
MR,2018,0.0,Mauritania
KN,2018,202.05347593582889,"Korea, North"
ML,2018,78.24749498997996,Mali
AF,2020,35.50692520775623,Afghanistan
MO,2020,9.907517899761336,Morocco
SZ,2020,32.93178893178893,Switzerland
TD,2020,46.80508474576271,Trinidad and Tobago
VM,2020,61.03150553150553,Vietnam
IZ,2020,10.22340425531915,Iraq
KU,2020,28.04891304347826,Kuwait
EN,2004,22.634596903363587,Estonia
FI,2004,18.638212674916154,Finland
FS,2004,27.141010575793185,French Southern and Antarctic Lands [France]
NE,2004,109.31147540983606,Niue [New Zealand]
TD,2004,47.33984375,Trinidad and Tobago
TH,2004,41.07707177152834,Thailand
VQ,2004,28.72954403497814,Virgin Islands [United States]
ZI,2004,52.45177664974619,Zimbabwe
LE,2004,52.27208480565371,Lebanon
BA,2004,63.27272727272727,Bahrain
ES,2004,11.11111111111111,El Salvador
AG,2005,8.199623459607485,Algeria
MY,2005,72.66183190939797,Malaysia
TX,2005,4.61936936936937,Turkmenistan
CS,1983,79.69126691266912,Costa Rica
LG,1983,18.59450171821306,Latvia
MP,1983,33.235,Mauritius
NO,1983,41.3775675831555,Norway
RE,1983,37.06140350877193,Reunion [France]
TZ,1983,24.486431651027136,Tanzania
IV,1983,88.47152385838892,Cote D'Ivoire
BM,1983,185.59322033898306,Burma
WI,1983,0.21428571428571427,Western Sahara
NG,1983,57.797856049004594,Niger
FG,1982,90.99079754601227,French Guiana [France]
HU,1982,14.302086783703214,Hungary
MX,1982,20.827315347456707,Mexico
MY,1982,78.01975183590783,Malaysia
SU,1982,10.067385444743936,Sudan
AE,1982,1.6666666666666667,United Arab Emirates
MT,1982,20.805243445692884,Malta
TO,1982,91.30717863105176,Togo
NI,1982,158.88888888888889,Nigeria
BC,1993,19.98185117967332,Botswana
BD,1993,41.97534246575343,Bermuda [United Kingdom]
BE,1993,23.471232876712328,Belgium
FP,1993,52.13854489164087,French Polynesia
ET,1993,70.20367278797997,Ethiopia
CH,1985,20.867392771835082,China
GQ,1985,72.58391737366286,Guam [United States]
HR,1985,27.021074815595362,Croatia
IC,1985,29.09190263288624,Iceland
KG,1985,10.84711355466272,Kyrgyzstan
MK,1985,13.723287671232876,Macedonia
MU,1985,0.6317460317460317,Oman
PS,1985,115.73574408901251,Palau
SY,1985,7.475878499106611,Syria
AE,1985,5.714285714285714,United Arab Emirates
GM,1996,18.87866796438115,Germany
LH,1996,14.521759152659452,Lithuania
MX,1996,22.745901588180097,Mexico
RQ,1996,49.281781340851026,Puerto Rico [United States]
SA,1996,106.82911392405063,Saudi Arabia
MR,1996,68.59550561797752,Mauritania
EC,1996,1.875,Ecuador
CE,1995,48.98277425203989,Sri Lanka
FR,1995,22.67760799849085,France
LE,1995,30.04123711340206,Lebanon
LG,1995,20.472354340071345,Latvia
MU,1995,6.0121445497630335,Oman
TX,1995,3.112859560067682,Turkmenistan
FJ,1979,40.560025957170666,Fiji
GL,1979,23.833065612257506,Greenland [Denmark]
JU,1979,16.829268292682926,Juan De Nova Island [France]
MD,1979,17.151925711676054,Moldova
SU,1979,11.154569892473118,Sudan
TI,1979,11.940113049410389,Tajikistan
TL,1979,23.552301255230127,Tokelau [New Zealand]
BE,1976,14.781420765027322,Belgium
CJ,1976,37.967213114754095,Cayman Islands [United Kingdom]
CY,1976,16.965923984272607,Cyprus
FR,1976,20.569816053511705,France
SH,1976,59.3036750483559,Saint Helena [United Kingdom]
UV,1976,22.73163159710245,Burkina Faso
CM,1976,25.846456692913385,Cameroon
NN,1976,26.0,Sint Maarten
AY,2008,35.0416,Antarctica
CJ,2008,43.626168224299064,Cayman Islands [United Kingdom]
KU,2008,11.412735849056604,Kuwait
TS,2008,5.391304347826087,Tunisia
SG,2008,99.6631299734748,Senegal
GA,2008,114.03846153846153,"Gambia, The"
AQ,2022,84.84816753926701,American Samoa [United States]
CE,2022,48.63204592901879,Sri Lanka
SZ,2022,30.296884735202493,Switzerland
NI,2022,121.8013698630137,Nigeria
CD,1967,18.884826827927434,Chad
RO,1967,15.612841253791709,Romania
RQ,1967,30.280378826114063,Puerto Rico [United States]
CO,1968,52.54333333333334,Colombia
CT,1968,40.53096040438079,Central African Republic
ET,1968,31.855756422454807,Ethiopia
LG,1968,15.519130590982575,Latvia
NL,1968,22.079223788376133,Netherlands
UK,1968,25.161288356644423,United Kingdom
CQ,1968,97.6195652173913,Northern Mariana Islands [United States]
RS,1962,13.710327190916669,Russia
BH,1962,87.24022346368714,Belize
GQ,2009,70.71777003484321,Guam [United States]
LU,2009,24.323287671232876,Luxembourg
RP,2009,139.95440976933514,Philippines
RQ,2009,44.952246412941115,Puerto Rico [United States]
SZ,2009,34.034246575342465,Switzerland
ML,2009,82.12534309240623,Mali
BA,2009,38.833333333333336,Bahrain
RW,2009,82.64864864864865,Rwanda
ES,2009,70.95348837209302,El Salvador
AG,1961,4.47294250281849,Algeria
CD,1961,21.6719800747198,Chad
EC,1961,35.11232876712329,Ecuador
MI,1961,35.07954752782339,Malawi
RP,1961,69.98630460448642,Philippines
UK,1961,23.974134222413422,United Kingdom
DR,2015,56.0224358974359,Dominican Republic
EZ,2015,15.251134644478064,Czech Republic
FG,2015,87.3651732882502,French Guiana [France]
GB,2015,150.54748603351956,Gabon
GI,2015,11.65548780487805,Gibraltar [United Kingdom]
MV,2015,7.823880597014925,Maldives
TX,2015,54.42553191489362,Turkmenistan
HU,1954,20.24421593830334,Hungary
RS,1954,12.440032894860932,Russia
AG,1953,8.280639431616342,Algeria
BP,1953,74.69322709163346,Solomon Islands
BY,1953,28.363013698630137,Burundi
FI,1953,21.6398243045388,Finland
HR,1953,20.144707347447074,Croatia
MI,1948,26.24981384959047,Malawi
AJ,1947,12.251746271474419,Azerbaijan
JA,1947,48.01720430107527,Japan
PM,1947,74.41322314049587,Panama
UG,1947,33.80931506849315,Uganda
NO,1942,31.56889758355606,Norway
SY,1941,6.655629139072848,Syria
KE,1938,13.417582417582418,Kenya
MX,1938,21.47876382673309,Mexico
PO,1938,26.73972602739726,Portugal
AM,1937,14.213638486688463,Armenia
EN,1922,16.297693351424694,Estonia
UP,1916,11.98164191419142,Ukraine
HU,1918,17.7413698630137,Hungary
IN,1918,27.671808493657956,India
MX,1920,1.3870192307692308,Mexico
SP,1920,15.68871692461308,Spain
US,1920,25.444439392527155,United States
BK,1919,29.931506849315067,Bosnia and Herzegovina
GM,1896,20.233888060287306,Germany
UP,1896,11.128180354267311,Ukraine
EN,1895,13.92054794520548,Estonia
MD,1895,11.169863013698631,Moldova
RO,1895,17.73835616438356,Romania
EG,1894,1.0139664804469273,Egypt
EG,1891,2.6904109589041094,Egypt
EI,1891,21.336073059360732,Ireland
SF,1890,15.644437046130797,South Africa
TS,1890,12.369982547993018,Tunisia
US,1890,33.48888816950195,United States
HR,1889,28.485844748858447,Croatia
NL,1889,18.568721461187213,Netherlands
TS,1888,7.104477611940299,Tunisia
GM,1887,16.309637323344116,Germany
AS,1885,13.419777483091663,Australia
LH,1885,18.295890410958904,Lithuania
AJ,1884,6.052123552123552,Azerbaijan
DA,1884,16.552693208430913,Denmark
LH,1883,2.0677966101694913,Lithuania
NO,1883,25.46027397260274,Norway
BO,1882,12.178995433789954,Belarus
SF,1882,11.708836720675583,South Africa
EN,1881,10.294520547945206,Estonia
KZ,1881,4.396694214876033,Kazakhstan
GM,1878,22.562091503267975,Germany
AS,1877,13.22323427543581,Australia
AS,1873,21.230803333924456,Australia
IT,1871,18.34246575342466,Italy
PA,2019,102.97035745422842,Paraguay
TZ,2019,101.17758046614873,Tanzania
WI,2019,8.2,Western Sahara
NI,2019,107.31896551724138,Nigeria
BL,2000,68.82911199267623,Bolivia
FI,2000,18.3749099199434,Finland
NN,2000,34.27906976744186,Sint Maarten
BC,2000,81.82467532467533,Botswana
TD,2000,22.88785046728972,Trinidad and Tobago
CV,2000,95.725,Cape Verde
BH,1999,73.9017543859649,Belize
SP,1999,14.769843866171003,Spain
SW,1999,19.55185905076907,Sweden
FP,1999,19.1203125,French Polynesia
MB,1999,61.58252427184466,Martinique [France]
TS,1999,15.577830188679245,Tunisia
AL,1990,31.58600237247924,Albania
GG,1990,29.287532637075717,Georgia
GP,1990,41.4517453798768,Guadeloupe [France]
MA,1990,54.41516966067864,Madagascar
MF,1990,63.10982658959538,Mayotte [France]
NH,1990,66.2565982404692,Vanuatu
VE,1990,43.27574423110798,Venezuela
JU,1990,58.78125,Juan De Nova Island [France]
SN,1990,57.80685358255452,Singapore
IS,1989,8.29877551020408,Israel
JA,1989,52.06774782848476,Japan
MT,1989,11.976744186046512,Malta
MY,1989,78.36070686070686,Malaysia
SV,1989,11.674094707520892,Svalbard [Norway]
RW,1989,49.60526315789474,Rwanda
MR,1989,54.42953020134228,Mauritania
BR,1986,42.87752636386689,Brazil
ET,1986,23.723214285714285,Ethiopia
HU,1986,11.682738669238187,Hungary
LH,1986,20.398094989561585,Lithuania
MJ,1986,26.412844036697248,Montenegro
LI,1986,9.044444444444444,Liberia
BG,2007,80.17498686284813,Bangladesh
CW,2007,51.22509225092251,Cook Islands [New Zealand]
ID,2007,144.41883116883116,Indonesia
KE,2007,53.14529914529915,Kenya
LG,2007,37.042918454935624,Latvia
RO,2007,17.98046456223943,Romania
WZ,2007,47.94117647058823,Swaziland
CG,2007,68.85,Congo (Kinshasa)
ZA,2007,31.5625,Zambia
AU,1997,37.231847927703335,Austria
FI,1997,15.19399560476816,Finland
BD,2013,42.364383561643834,Bermuda [United Kingdom]
LE,2013,25.34,Lebanon
NH,2013,117.82601351351352,Vanuatu
SZ,2013,35.41664126790613,Switzerland
KR,2013,32.107438016528924,Kiribati
AU,2021,34.49777183600713,Austria
FJ,2021,74.47423352902806,Fiji
LA,2021,115.91225626740948,Laos
CU,2021,42.24,Cuba
GA,2021,120.11940298507463,"Gambia, The"
BO,1973,17.456745652051556,Belarus
CJ,1973,41.1972602739726,Cayman Islands [United Kingdom]
GQ,1973,47.817351598173516,Guam [United States]
NO,1973,37.316498712021414,Norway
SF,1973,15.184982282384688,South Africa
AL,1970,55.81095890410959,Albania
CT,1970,38.10632911392405,Central African Republic
EZ,1970,14.457534246575342,Czech Republic
KE,1970,14.676164383561645,Kenya
MK,1970,14.863013698630137,Macedonia
MY,1970,9.846248462484624,Malaysia
SV,1970,12.194520547945206,Svalbard [Norway]
SW,1970,17.196678995341927,Sweden
HO,2002,33.2,Honduras
IN,2002,41.32230862925138,India
JO,2002,7.158854166666667,Jordan
PK,2002,7.544927536231884,Pakistan
KE,1964,14.984153005464481,Kenya
MO,1964,20.87440758293839,Morocco
PO,1964,27.67917963742904,Portugal
SG,1964,14.965296803652969,Senegal
UZ,1964,8.164697438162545,Uzbekistan
VM,1964,67.00887573964496,Vietnam
AJ,1963,18.48947315905009,Azerbaijan
BF,1963,30.308586762075134,"Bahamas, The"
BR,1963,25.937328975372452,Brazil
NL,1963,18.4655770134754,Netherlands
UG,1963,42.6958904109589,Uganda
HO,2001,54.615546218487395,Honduras
IN,2001,93.74974075354304,India
JU,2001,87.96153846153847,Juan De Nova Island [France]
LY,2001,51.11739130434783,Libya
NZ,2001,33.3562874251497,New Zealand
EK,2001,1100.0,Equatorial Guinea
MV,2001,25.5,Maldives
EC,2001,4.0,Ecuador
CQ,1956,36.83606557377049,Northern Mariana Islands [United States]
ET,1956,28.23236741388737,Ethiopia
GL,1956,26.961273666092943,Greenland [Denmark]
JQ,1956,24.636111111111113,Johnston Atoll [United States]
PA,1955,48.40547945205479,Paraguay
CA,1946,21.8187430912283,Canada
KS,1946,37.178082191780824,"Korea, South"
LE,1946,16.817434210526315,Lebanon
RS,1946,12.055378905092,Russia
GQ,1945,65.6798780487805,Guam [United States]
EN,1930,16.504164451532873,Estonia
TU,1930,80.89583333333333,Turkey
TX,1929,3.524931171612114,Turkmenistan
LH,1928,17.89951823812801,Lithuania
SZ,1928,40.533697632058285,Switzerland
AJ,1927,14.899069434502506,Azerbaijan
RS,1927,14.020354432620191,Russia
US,1927,26.96707711286356,United States
AS,1915,14.080909272359383,Australia
FR,1913,31.102891933028918,France
GM,1913,19.059044427754348,Germany
SW,1913,14.101963470319635,Sweden
IN,1913,31.93555496249684,India
IT,1998,15.256830122591944,Italy
RE,1998,58.51129943502825,Reunion [France]
UK,1998,29.277836518910124,United Kingdom
EN,1912,14.27170613236187,Estonia
IN,1912,33.06903045597597,India
TS,1912,7.052219321148825,Tunisia
TX,1912,4.474683544303797,Turkmenistan
BR,1911,16.916326420973462,Brazil
BK,1910,31.67945205479452,Bosnia and Herzegovina
EN,1910,13.895583704210887,Estonia
BU,1991,21.789610389610388,Bulgaria
EC,1991,52.39615736505032,Ecuador
PE,1991,16.527757078986586,Peru
RM,1991,87.53211009174312,Marshall Islands
SY,1991,9.51139601139601,Syria
ML,1991,76.55402750491159,Mali
MB,1994,45.30523255813954,Martinique [France]
VM,1994,61.66194776665853,Vietnam
CM,1994,134.80978260869566,Cameroon
FG,1987,70.18196202531645,French Guiana [France]
GM,1987,24.771302174326685,Germany
KR,1975,16.400584795321638,Kiribati
KZ,1975,6.12247061487474,Kazakhstan
LH,1975,13.615645733683074,Lithuania
UY,1975,25.08794082010076,Uruguay
ZI,1975,20.093649258542875,Zimbabwe
CM,1978,45.381443298969074,Cameroon
IN,1978,65.52022835982102,India
NP,1978,32.57006369426752,Nepal
PE,1978,21.59757353782763,Peru
SL,1978,111.73660714285714,Sierra Leone
NI,1978,265.6,Nigeria
MX,1971,26.644262227191785,Mexico
SH,1971,44.30379746835443,Saint Helena [United Kingdom]
NO,1965,27.055355080831408,Norway
RM,1965,53.614583333333336,Marshall Islands
AS,1958,19.45904830877786,Australia
FG,1958,78.57534246575342,French Guiana [France]
HO,1958,38.203592814371255,Honduras
LE,1958,14.489280245022972,Lebanon
PM,1958,54.0027397260274,Panama
SP,1958,16.72606828869352,Spain
WZ,1958,26.197808219178082,Swaziland
PO,1957,23.79252801992528,Portugal
VE,1957,27.172631578947367,Venezuela
VM,1957,68.3972602739726,Vietnam
DA,1950,22.438747553816047,Denmark
IS,1950,8.72,Israel
LU,1950,27.221917808219178,Luxembourg
RM,1950,82.00988700564972,Marshall Islands
TH,1950,77.41083521444695,Thailand
ID,1950,61.888888888888886,Indonesia
BN,1949,36.19671232876712,Benin
CY,1939,16.814383561643837,Cyprus
HR,1939,26.171917808219177,Croatia
LT,1939,26.293896713615023,Lesotho
NO,1939,30.301539122726908,Norway
UY,1939,26.71324200913242,Uruguay
GM,1936,23.625949686618807,Germany
RS,1936,11.861302089549142,Russia
GL,1935,9.719178082191782,Greenland [Denmark]
AS,1909,17.11118686469891,Australia
FR,1908,19.46630236794171,France
LH,1907,12.054794520547945,Lithuania
RO,1907,10.871232876712329,Romania
RQ,1905,46.58873720136519,Puerto Rico [United States]
SF,1905,15.314957345180735,South Africa
AQ,2023,107.34814814814816,American Samoa [United States]
RQ,2023,25.31698455949137,Puerto Rico [United States]
SB,2023,27.779411764705884,Saint Pierre and Miquelon [France]
UZ,1904,6.174863387978142,Uzbekistan
