Country_Code,year,avg(Value),Country_Name
EU,2008,4.391025641025641,Europa Island [France]
IR,2008,6.238393850510771,Iran
EG,2008,24.68125,Egypt
BE,2022,19.54722222222222,Belgium
EI,2022,30.034803723188993,Ireland
NF,2022,46.716,Norfolk Island [Australia]
RP,2022,97.07057416267942,Philippines
SP,2022,14.670819499177709,Spain
ML,2022,74.14415781487102,Mali
PU,2022,136.9318181818182,Guinea-Bissau
BG,2015,83.63935912938331,Bangladesh
BK,2015,31.509766855702583,Bosnia and Herzegovina
CH,2015,62.67664785229121,China
JM,2015,16.663636363636364,Jamaica
NP,2015,32.95858895705521,Nepal
TV,2015,89.23577235772358,Tuvalu
UY,2015,79.26637069922309,Uruguay
ZI,2015,57.47457627118644,Zimbabwe
BP,2015,115.4155069582505,Solomon Islands
SY,2015,41.38461538461539,Syria
TZ,2015,81.4400544959128,Tanzania
AE,2019,2.737704918032787,United Arab Emirates
TD,2019,33.65811965811966,Trinidad and Tobago
FP,2000,36.53978779840849,French Polynesia
GM,2000,22.5099364338917,Germany
IT,2000,45.43335916311507,Italy
KN,2000,84.4325259515571,"Korea, North"
MA,2000,86.52804821511359,Madagascar
MB,2000,47.20396600566572,Martinique [France]
MG,2000,38.15572232645403,Mongolia
TE,2000,31.391666666666666,Tromelin Island [France]
ZI,2000,53.63510848126233,Zimbabwe
MF,2000,44.328125,Mayotte [France]
ML,2000,67.94195250659631,Mali
TV,2000,186.35714285714286,Tuvalu
PK,2000,106.74285714285715,Pakistan
FR,1999,24.722936233316855,France
HR,1999,31.263507896924356,Croatia
MP,1999,25.125,Mauritius
WF,1999,35.983333333333334,Wallis and Futuna [France]
EN,1990,21.56969778555563,Estonia
FM,1990,101.79771071800208,Federated States of Micronesia
GM,1990,22.068274815205914,Germany
HU,1990,12.226262626262626,Hungary
PM,1990,77.48630136986301,Panama
SP,1990,14.255892952088379,Spain
VM,1990,5.042585170340681,Vietnam
AG,1989,8.198971915747242,Algeria
CH,1989,19.178247615558725,China
FR,1989,16.745957941456197,France
WQ,1989,27.0986301369863,Wake Island [United States]
ER,1986,11.921311475409835,Eritrea
FM,1986,107.75782414307004,Federated States of Micronesia
IN,1986,27.3019331479925,India
NU,1986,43.541613316261206,Nicaragua
PK,1986,0.9469247580393381,Pakistan
RP,1986,40.610564873722765,Philippines
CI,1997,28.50484988452656,Chile
MC,1997,0.0,Macau S.A.R
MK,1997,5.444155844155844,Macedonia
PS,1997,80.98706240487063,Palau
ZA,1997,65.13513513513513,Zambia
LA,1997,86.4,Laos
CD,1973,14.525341914722446,Chad
DA,1973,18.39417576703068,Denmark
LY,1973,7.45390625,Libya
SH,1973,41.23287671232877,Saint Helena [United Kingdom]
TO,1973,32.382466281310215,Togo
HO,1973,405.6101694915254,Honduras
GV,1973,0.0,Guinea
CE,1970,70.3072625698324,Sri Lanka
EC,1970,60.37328767123287,Ecuador
EN,1970,16.118821705426356,Estonia
MP,1970,45.071780821917805,Mauritius
SG,1970,9.112431444241317,Senegal
CD,1963,19.410416147520557,Chad
ID,1963,113.72049144361561,Indonesia
LE,1963,24.0187265917603,Lebanon
MY,1963,99.53441396508728,Malaysia
MZ,1963,34.09899619245414,Mozambique
UP,1963,12.629825854602414,Ukraine
BU,1963,56.93478260869565,Bulgaria
MT,1963,55.38805970149254,Malta
CB,1963,60.44961240310077,Cambodia
BF,1956,24.574136008918618,"Bahamas, The"
GM,1956,23.727406906017617,Germany
LG,1956,17.383483237939494,Latvia
AG,1955,7.7821350762527235,Algeria
LO,1955,20.918065815983883,Slovakia
PP,1955,125.11598746081505,Papua New Guinea
ER,1946,14.515068493150684,Eritrea
TS,1946,12.058309037900875,Tunisia
VQ,1946,21.068493150684933,Virgin Islands [United States]
HU,1945,14.99945205479452,Hungary
FM,1945,109.33152173913044,Federated States of Micronesia
SF,1930,13.620014215726588,South Africa
TS,1930,10.484902309058615,Tunisia
BK,1929,29.28767123287671,Bosnia and Herzegovina
IT,1929,20.412133072407045,Italy
RO,1929,14.627945205479453,Romania
AJ,1928,16.210795040116704,Azerbaijan
RO,1928,13.040437158469945,Romania
SF,1927,12.607327453645373,South Africa
SW,1927,18.878450887061877,Sweden
VQ,1927,35.33150684931507,Virgin Islands [United States]
PK,1915,16.026989935956085,Pakistan
AS,1914,14.241309607703,Australia
BC,1914,11.604109589041096,Botswana
EI,1914,24.724200913242008,Ireland
EN,1914,12.028855103940428,Estonia
GL,1914,21.513698630136986,Greenland [Denmark]
SZ,1914,45.301761252446184,Switzerland
UK,1914,22.220658170058968,United Kingdom
BK,1912,24.314207650273225,Bosnia and Herzegovina
NG,1911,96.0,Niger
MI,1911,0.0,Malawi
BX,2010,150.15441176470588,Brunei
EI,2010,34.617190775681344,Ireland
PA,2010,101.84265103697024,Paraguay
SF,2010,39.54380883417813,South Africa
SI,2010,44.50205479452055,Slovenia
SN,2010,56.50692520775623,Singapore
SW,2010,18.5423311244518,Sweden
TO,2010,83.04903225806451,Togo
KU,2010,71.72268907563026,Kuwait
JO,2010,166.96,Jordan
CH,2012,22.781499354312512,China
CU,2012,46.911788291900564,Cuba
FM,2012,92.06580528846153,Federated States of Micronesia
ID,2012,165.93050193050192,Indonesia
KN,2012,159.03149606299212,"Korea, North"
KS,2012,134.54954954954954,"Korea, South"
LO,2012,17.375409836065575,Slovakia
VM,2012,51.692443919716645,Vietnam
DR,2012,71.56370656370656,Dominican Republic
KU,2012,72.609375,Kuwait
LH,2009,22.667333066773292,Lithuania
MZ,2009,67.22142121524202,Mozambique
SU,2009,102.16795865633075,Sudan
NG,2009,53.43402777777778,Niger
BK,2018,53.564575645756456,Bosnia and Herzegovina
HO,2018,31.895048041389504,Honduras
LE,2018,79.56204379562044,Lebanon
RO,2018,17.827526321502226,Romania
MC,2020,46.57967032967033,Macau S.A.R
RS,2020,15.142895685518129,Russia
TH,2020,92.31099544567338,Thailand
KZ,2020,33.583333333333336,Kazakhstan
LU,2004,22.913650793650795,Luxembourg
TI,2004,3.192182410423453,Tajikistan
RW,2004,55.03508771929825,Rwanda
FM,2005,106.68740837269914,Federated States of Micronesia
IC,2005,30.35013698630137,Iceland
KG,2005,3.0,Kyrgyzstan
NC,2005,35.91684901531729,New Caledonia [France]
SN,2005,53.75482093663912,Singapore
MP,2007,41.344462993878686,Mauritius
RM,2007,72.37808219178082,Marshall Islands
AF,2007,40.53658536585366,Afghanistan
CD,2007,77.18840579710145,Chad
LI,2007,31.5,Liberia
CH,1983,21.919278905388754,China
IT,1983,19.163710144927535,Italy
RI,1983,13.88310502283105,Serbia
VE,1983,42.432498373454784,Venezuela
VQ,1983,33.263333333333335,Virgin Islands [United States]
JO,1983,0.04395604395604396,Jordan
CT,1983,81.21624588364435,Central African Republic
PA,1982,46.19757453259222,Paraguay
SI,1982,40.09158512720157,Slovenia
SW,1982,16.505275744933847,Sweden
UC,1982,31.728915662650603,Curacao
MB,1982,23.54828660436137,Martinique [France]
KE,1993,20.081697054698456,Kenya
LG,1993,27.08293020041465,Latvia
RQ,1993,40.586841432691955,Puerto Rico [United States]
TN,1993,46.85910652920962,Tonga
US,1993,25.912728614535318,United States
CE,2013,44.096330275229356,Sri Lanka
RO,2013,17.846694460988683,Romania
BO,1985,22.267218601373965,Belarus
CJ,1985,35.15934065934066,Cayman Islands [United Kingdom]
FG,1985,80.97041420118343,French Guiana [France]
GR,1985,14.21005291005291,Greece
HO,1985,43.53449107573565,Honduras
ID,1985,32.861033907726515,Indonesia
MI,1985,34.56949300699301,Malawi
PA,1985,31.774590163934427,Paraguay
RM,1985,83.36271186440678,Marshall Islands
SA,1985,127.88345612860013,Saudi Arabia
GI,1996,53.76094276094276,Gibraltar [United Kingdom]
MO,1996,21.540782408591152,Morocco
PK,1996,2.5239471511147813,Pakistan
NU,1996,52.25242718446602,Nicaragua
CV,1995,8.37885462555066,Cape Verde
FS,1995,41.408140814081406,French Southern and Antarctic Lands [France]
RO,1995,17.2,Romania
EI,1979,31.21732788798133,Ireland
FS,1979,37.60304449648712,French Southern and Antarctic Lands [France]
IV,1979,46.8422157622739,Cote D'Ivoire
MF,1979,31.63302752293578,Mayotte [France]
PA,1979,45.02576754385965,Paraguay
CQ,1979,76.03225806451613,Northern Mariana Islands [United States]
CE,2021,54.484876686831086,Sri Lanka
FM,2021,114.40113670355967,Federated States of Micronesia
FR,2021,20.243715632364495,France
RO,2021,19.646060606060605,Romania
SB,2021,27.238095238095237,Saint Pierre and Miquelon [France]
TZ,2021,90.65543071161049,Tanzania
MD,2021,72.26370757180156,Moldova
SG,2021,101.46279949558638,Senegal
BA,2021,48.04347826086956,Bahrain
AG,1976,9.27630637079456,Algeria
BN,1976,26.30902290790089,Benin
FI,1976,12.220404864879507,Finland
JN,1976,20.78688524590164,Jan Mayen [Norway]
KR,1976,36.170212765957444,Kiribati
MP,1976,36.99289617486339,Mauritius
PS,1976,77.34358974358975,Palau
TV,1976,273.27272727272725,Tuvalu
TL,1976,589.5,Tokelau [New Zealand]
PE,1976,26.183270281630936,Peru
JM,1976,459.0833333333333,Jamaica
JU,1976,12.018867924528301,Juan De Nova Island [France]
BR,2002,71.88187078109932,Brazil
GR,2002,19.163346149365022,Greece
NH,2002,89.1575963718821,Vanuatu
TS,2002,15.744324970131421,Tunisia
MF,2002,42.97142857142857,Mayotte [France]
SA,2002,151.84745762711864,Saudi Arabia
MI,2002,62.75,Malawi
ET,1967,34.3951317715959,Ethiopia
FI,1967,17.240548794749962,Finland
MK,1967,12.895890410958904,Macedonia
PS,1967,88.19573283858998,Palau
AU,1968,35.20807210031348,Austria
PS,1968,86.07065750736015,Palau
AC,1968,17.485714285714284,Antigua and Barbuda
AC,1962,30.917355371900825,Antigua and Barbuda
DA,1962,17.613698630136987,Denmark
LY,1962,6.581491257010888,Libya
EI,1961,27.791224018475752,Ireland
MD,1961,12.300880372863801,Moldova
PS,1961,99.38804554079697,Palau
RO,1961,14.786195995785038,Romania
SA,1961,1.8312586445366528,Saudi Arabia
VM,1961,74.37368421052632,Vietnam
FJ,1961,65.78014184397163,Fiji
BM,1961,196.7568493150685,Burma
MP,1954,45.583561643835615,Mauritius
NC,1954,388.16438356164383,New Caledonia [France]
PS,1954,103.40504201680672,Palau
TX,1954,4.934860557768924,Turkmenistan
VE,1954,23.102383053839365,Venezuela
CH,1953,23.914913150453526,China
GV,1953,68.775,Guinea
KE,1953,24.487671232876714,Kenya
LE,1953,30.867448151487828,Lebanon
BD,1948,42.61495844875346,Bermuda [United Kingdom]
BO,1948,15.478102189781023,Belarus
CH,1948,46.40561797752809,China
DA,1948,17.342022116903635,Denmark
RS,1948,12.603434373483223,Russia
SW,1948,16.380249292527783,Sweden
GL,1947,9.374545454545455,Greenland [Denmark]
KE,1942,13.345205479452055,Kenya
EN,1941,10.968435191403627,Estonia
BN,1941,32.782967032967036,Benin
AS,2001,17.5788059951436,Australia
BU,2001,50.9080459770115,Bulgaria
SW,2001,19.55936448363372,Sweden
SY,2001,30.440613026819925,Syria
WA,2001,10.568019093078759,Namibia
TE,2001,38.924050632911396,Tromelin Island [France]
UV,2001,82.38361266294227,Burkina Faso
ID,2001,45.5,Indonesia
EG,1938,1.0657534246575342,Egypt
MQ,1938,38.21459227467811,Midway Islands [United States}
SF,1937,14.156626506024097,South Africa
BC,1998,33.69565217391305,Botswana
MX,1998,23.57736218594269,Mexico
TH,1998,42.325860948667966,Thailand
ZI,1998,52.07764705882353,Zimbabwe
TI,1998,322.8888888888889,Tajikistan
CF,1998,70.16778523489933,Congo (Brazzaville)
JN,1922,10.046575342465754,Jan Mayen [Norway]
SZ,1916,46.17915690866511,Switzerland
AS,1921,20.561500873829328,Australia
CY,1921,18.152328767123286,Cyprus
MI,1921,29.18812785388128,Malawi
GM,1918,19.68488541287741,Germany
RS,1918,12.243474413803273,Russia
CA,1920,20.876730103806228,Canada
SZ,1919,37.617221135029354,Switzerland
WZ,1919,20.877808219178082,Swaziland
FR,1898,25.54794520547945,France
TS,1897,7.024602026049204,Tunisia
DA,1895,17.438926712054464,Denmark
NO,1895,32.622068021892105,Norway
EI,1894,23.28698224852071,Ireland
DA,1893,15.355381604696673,Denmark
DA,1890,14.790606653620353,Denmark
TX,1888,5.570909090909091,Turkmenistan
AM,1887,9.238356164383562,Armenia
AS,1887,21.648114573879653,Australia
EG,1887,1.295890410958904,Egypt
EN,1887,12.803287671232876,Estonia
IT,1887,25.85088062622309,Italy
RO,1887,19.671232876712327,Romania
TS,1887,5.142723880597015,Tunisia
UP,1887,13.183650925158796,Ukraine
EG,1886,1.884931506849315,Egypt
GG,1885,11.786301369863013,Georgia
KZ,1885,4.723188405797101,Kazakhstan
UP,1885,9.738572837882275,Ukraine
CA,1884,23.038766800194676,Canada
LH,1884,16.836734693877553,Lithuania
SW,1883,14.702630643441166,Sweden
GL,1882,5.156164383561644,Greenland [Denmark]
GL,1880,3.133879781420765,Greenland [Denmark]
AG,1878,10.562634216177523,Algeria
EI,1876,22.596685082872927,Ireland
DA,1875,13.481800391389433,Denmark
GM,1875,20.813827383642113,Germany
AS,1874,18.911633290267012,Australia
IT,1874,22.099021526418788,Italy
NL,1874,17.96109589041096,Netherlands
HR,1872,30.946859903381643,Croatia
AS,1871,21.79113924050633,Australia
MD,1886,9.327868852459016,Moldova
JM,1991,24.384401114206128,Jamaica
TD,1991,37.747252747252745,Trinidad and Tobago
MZ,1991,50.585780525502315,Mozambique
EU,1991,27.466666666666665,Europa Island [France]
HO,1994,33.398884239888424,Honduras
IR,1994,8.705122686181662,Iran
PA,1994,36.90527420624508,Paraguay
PO,1994,29.8501709667392,Portugal
TD,1994,30.900293255131963,Trinidad and Tobago
WF,1994,83.82513661202186,Wallis and Futuna [France]
BN,1994,74.54973262032085,Benin
AE,1994,183.8235294117647,United Arab Emirates
CY,1987,17.28952772073922,Cyprus
GR,1987,17.244617868675995,Greece
TH,1987,41.51437483048549,Thailand
CT,1987,87.12585034013605,Central African Republic
FI,2011,18.584321208184477,Finland
FK,2011,13.19774011299435,Falkland Islands (Islas Malvinas) [United Kingdom]
LH,2011,38.31475409836066,Lithuania
MC,2011,36.30386740331492,Macau S.A.R
JM,2011,29.857142857142858,Jamaica
BL,1975,33.27459016393443,Bolivia
CH,1975,21.712880179628495,China
FG,1975,98.21917808219177,French Guiana [France]
FI,1975,13.96291423178832,Finland
UK,1975,20.95802075437175,United Kingdom
WQ,1975,24.38082191780822,Wake Island [United States]
TN,1975,533.9333333333333,Tonga
AU,2016,35.78912901113294,Austria
BF,2016,46.35651608709782,"Bahamas, The"
BR,2016,82.03393602225313,Brazil
MD,2016,96.53478260869565,Moldova
TD,2016,39.30252100840336,Trinidad and Tobago
GI,2016,22.53295128939828,Gibraltar [United Kingdom]
EI,1978,28.285257342250656,Ireland
EU,1978,15.31768953068592,Europa Island [France]
FG,1978,101.04928457869634,French Guiana [France]
IO,1978,51.88493150684931,British Indian Ocean Territory [United Kingdom]
RE,1978,46.441717791411044,Reunion [France]
SZ,1978,34.297260273972604,Switzerland
UG,1978,38.19408502772643,Uganda
NN,1978,1292.8695652173913,Sint Maarten
MA,2017,104.55315420560747,Madagascar
PA,2017,106.27704590818364,Paraguay
TV,2017,80.34806629834254,Tuvalu
MD,2017,79.45454545454545,Moldova
ES,2017,63.85576923076923,El Salvador
LG,2006,28.9173859432799,Latvia
CE,2006,47.92727272727273,Sri Lanka
RW,2006,52.557522123893804,Rwanda
AL,2006,68.37931034482759,Albania
CW,2014,36.89795918367347,Cook Islands [New Zealand]
MX,2014,21.34664131812421,Mexico
SI,2014,50.19931506849315,Slovenia
TE,2014,52.78431372549019,Tromelin Island [France]
BN,2014,79.15565345080763,Benin
ET,2014,66.03732162458836,Ethiopia
UV,2014,69.91117092866756,Burkina Faso
BL,2003,68.85097493036211,Bolivia
PS,2003,112.81234963913393,Palau
ZI,2003,68.16774193548387,Zimbabwe
CV,2003,3.388170055452865,Cape Verde
LY,1984,7.25811378388698,Libya
MD,1984,17.296417499138823,Moldova
MX,1984,27.357376124079043,Mexico
PE,1984,28.258191867350966,Peru
UG,1984,27.51918735891648,Uganda
WZ,1984,32.41232945932289,Swaziland
CG,1984,207.28571428571428,Congo (Kinshasa)
NI,1984,41.0,Nigeria
AY,1992,12.818691588785047,Antarctica
BP,1992,74.5879917184265,Solomon Islands
FM,1992,78.9909896380838,Federated States of Micronesia
IR,1992,11.62642290444981,Iran
MX,1992,27.727248338304477,Mexico
PO,1992,22.86852122986823,Portugal
PP,1992,50.51912568306011,Papua New Guinea
RI,1992,14.724954462659381,Serbia
SU,1992,29.349468713105075,Sudan
SV,1992,10.462937062937064,Svalbard [Norway]
RE,1992,17.484536082474225,Reunion [France]
JO,1992,2.612040133779264,Jordan
KR,1981,22.18867924528302,Kiribati
MJ,1981,21.627388535031848,Montenegro
CE,1988,9.510204081632653,Sri Lanka
CV,1988,0.5198412698412699,Cape Verde
KR,1988,37.17254901960784,Kiribati
LG,1988,18.978772593526692,Latvia
NH,1988,105.06499429874573,Vanuatu
PA,1988,41.31352992194276,Paraguay
SN,1988,78.76086956521739,Singapore
TH,1988,46.71018818948735,Thailand
WA,1988,13.648524590163934,Namibia
JU,1988,37.954887218045116,Juan De Nova Island [France]
TD,1988,47.28352490421456,Trinidad and Tobago
UV,1974,24.529477196885427,Burkina Faso
ES,1974,59.666666666666664,El Salvador
LH,1980,22.64519906323185,Lithuania
MZ,1980,24.946157735085947,Mozambique
SX,1980,22.89814814814815,South Georgia and the South Sandwich Islands [United Kingdom]
CV,1980,2.75,Cape Verde
MB,1980,184.28571428571428,Martinique [France]
BB,1980,415.1904761904762,Barbados
AJ,1977,13.310407006697579,Azerbaijan
BR,1977,35.460746075838635,Brazil
DA,1977,20.125095932463545,Denmark
IS,1977,13.735159817351597,Israel
NU,1977,266.17543859649123,Nicaragua
VM,1971,9.61111111111111,Vietnam
ZI,1971,18.265340244106337,Zimbabwe
AJ,1969,16.487375957794246,Azerbaijan
EN,1969,14.303001519756839,Estonia
JA,1969,46.19813891777531,Japan
ZA,1969,31.360456036233014,Zambia
CE,1969,74.05970149253731,Sri Lanka
KE,1966,17.65150684931507,Kenya
KG,1966,14.369266954135632,Kyrgyzstan
AU,1972,26.191712204007285,Austria
LU,1972,19.601589667163438,Luxembourg
MQ,1972,27.281420765027324,Midway Islands [United States}
US,1972,24.67171508846376,United States
SF,1960,15.535713233127026,South Africa
SY,1960,2.7411207576953434,Syria
GI,1960,52.41818181818182,Gibraltar [United Kingdom]
AQ,1959,147.03634003893575,American Samoa [United States]
BY,1959,27.55221745350501,Burundi
CU,1959,8.123626373626374,Cuba
RS,1959,13.491705676094192,Russia
SF,1959,15.507039799694864,South Africa
UZ,1959,7.7684621492853365,Uzbekistan
WZ,1959,21.330406147091107,Swaziland
SG,1952,16.671232876712327,Senegal
SI,1952,40.89617486338798,Slovenia
CF,1965,40.55841338704679,Congo (Brazzaville)
FM,1965,104.79984865682935,Federated States of Micronesia
GL,1965,17.93095961788971,Greenland [Denmark]
MG,1965,3.828767123287671,Mongolia
RS,1965,13.113599581636024,Russia
EG,1951,1.2589018302828618,Egypt
LH,1951,13.140878701050621,Lithuania
NC,1951,307.09589041095893,New Caledonia [France]
SA,1951,1.8164383561643835,Saudi Arabia
UZ,1951,6.894819312506121,Uzbekistan
BN,1944,58.271232876712325,Benin
TH,1944,73.16619318181819,Thailand
VQ,1944,29.273026315789473,Virgin Islands [United States]
NG,1943,18.085164835164836,Niger
WA,1943,8.624750499001996,Namibia
CU,1958,19.636363636363637,Cuba
IS,1958,5.607671232876712,Israel
KR,1958,44.37361111111111,Kiribati
SA,1958,1.188767550702028,Saudi Arabia
NO,1934,35.834102679576674,Norway
GM,1932,20.035920655454937,Germany
PK,1932,17.162790697674417,Pakistan
PL,1932,36.69318181818182,Poland
NO,1931,27.713943268078307,Norway
IV,1957,52.197807673144,Cote D'Ivoire
LH,1957,17.503473830477073,Lithuania
RM,1957,62.09280190362879,Marshall Islands
UP,1957,12.109490557600358,Ukraine
WZ,1957,25.33041095890411,Swaziland
ZA,1957,29.79214729370009,Zambia
TS,1926,7.349064279902359,Tunisia
EG,1924,1.824464409122322,Egypt
BR,1923,22.11211300068523,Brazil
MO,1923,13.490787269681743,Morocco
BR,1917,33.33937010214292,Brazil
GL,1917,13.994520547945205,Greenland [Denmark]
CA,1900,23.751792466728872,Canada
LH,1899,19.095890410958905,Lithuania
SP,1899,17.455555555555556,Spain
EZ,1867,12.6,Czech Republic
NL,1867,23.372325249643367,Netherlands
US,1861,22.83944087646392,United States
SW,1849,12.657534246575343,Sweden
IT,1845,27.70867579908676,Italy
GM,1844,27.985010706638114,Germany
IT,1840,20.31181727904667,Italy
UK,1835,17.816438356164383,United Kingdom
EZ,1823,12.158904109589042,Czech Republic
GM,1819,101.04838709677419,Germany
EZ,1813,12.517808219178082,Czech Republic
GM,1797,15.95068493150685,Germany
GM,1950,24.107565635975146,Germany
GV,1950,60.61506849315069,Guinea
JQ,1950,24.5414364640884,Johnston Atoll [United States]
SA,1950,0.4958904109589041,Saudi Arabia
TD,1950,42.51246537396122,Trinidad and Tobago
IR,1950,23.8,Iran
LA,1950,107.33333333333333,Laos
AG,1949,6.418307086614173,Algeria
MY,1949,85.17894736842105,Malaysia
IN,1940,34.804935549260925,India
MX,1940,17.95356181589808,Mexico
SP,1940,14.468418286915396,Spain
SW,1940,15.2068655643422,Sweden
WZ,1940,25.972762645914397,Swaziland
GG,1939,39.17355939970214,Georgia
LG,1939,12.141535615171138,Latvia
BC,1936,16.329234972677597,Botswana
KZ,1936,6.310049134666541,Kazakhstan
NO,1936,29.06691149876193,Norway
RQ,1936,56.098838459883844,Puerto Rico [United States]
BO,1935,18.467120181405896,Belarus
JN,1935,17.756164383561643,Jan Mayen [Norway]
SY,1935,13.69811320754717,Syria
AG,1909,12.06806661839247,Algeria
BR,1909,38.79817351598174,Brazil
SF,1909,20.284543395073776,South Africa
RQ,1908,44.85885546256503,Puerto Rico [United States]
IS,1908,46.1063829787234,Israel
EG,1907,1.3721413721413722,Egypt
EI,1907,24.519634703196346,Ireland
IT,1906,25.193103448275863,Italy
FM,2023,90.23695198329854,Federated States of Micronesia
MF,2023,50.738461538461536,Mayotte [France]
MZ,2023,149.5503355704698,Mozambique
TI,1904,3.1695804195804196,Tajikistan
