Country_Code,year,avg(Value),Country_Name
GQ,2010,54.9614260666277,Guam [United States]
IR,2010,12.635845749342682,Iran
JM,2010,47.416666666666664,Jamaica
SU,2010,122.95833333333333,Sudan
KG,2010,53.22222222222222,Kyrgyzstan
AR,2012,66.9606484688929,Argentina
BE,2012,25.478991596638654,Belgium
BR,2012,78.22008196721312,Brazil
FI,2012,20.66003307682845,Finland
GR,2012,16.605367008681927,Greece
IC,2012,26.756830601092897,Iceland
SV,2012,13.970247933884297,Svalbard [Norway]
BF,2018,40.860941910563064,"Bahamas, The"
CQ,2018,66.41359773371104,Northern Mariana Islands [United States]
CW,2018,38.365019011406844,Cook Islands [New Zealand]
NO,2018,31.88478495965394,Norway
NP,2018,26.68343815513627,Nepal
LY,2018,24.655172413793103,Libya
CV,2018,83.04166666666667,Cape Verde
BK,2020,26.793370944992947,Bosnia and Herzegovina
BL,2020,85.4776357827476,Bolivia
EG,2020,41.166666666666664,Egypt
FI,2020,19.47828968663779,Finland
GI,2020,12.568047337278106,Gibraltar [United Kingdom]
TZ,2020,88.97030752916224,Tanzania
BF,2004,44.05128205128205,"Bahamas, The"
BX,2004,72.1,Brunei
FP,2004,52.67286084701815,French Polynesia
UC,2004,30.869127516778523,Curacao
WF,2004,76.38931297709924,Wallis and Futuna [France]
CD,2004,32.01573426573427,Chad
AJ,2004,191.88785046728972,Azerbaijan
AY,2005,15.99769053117783,Antarctica
BL,2005,74.76947040498442,Bolivia
DA,2005,18.881971465629054,Denmark
GQ,2005,57.730373578776394,Guam [United States]
KZ,2005,4.05563063063063,Kazakhstan
NE,2005,62.778301886792455,Niue [New Zealand]
UY,2005,64.301243339254,Uruguay
ZA,2005,87.0,Zambia
CA,1983,25.087786916858086,Canada
EZ,1983,15.293291731669267,Czech Republic
GB,1983,137.1578947368421,Gabon
LI,1983,10.514705882352942,Liberia
MK,1983,17.627397260273973,Macedonia
PA,1983,56.02302302302302,Paraguay
SZ,1983,33.89109589041096,Switzerland
BR,1982,36.15313716408993,Brazil
CF,1982,217.10520094562648,Congo (Brazzaville)
CW,1982,41.15925925925926,Cook Islands [New Zealand]
FR,1982,26.2301894918174,France
SN,1982,55.68018018018018,Singapore
TD,1982,87.61818181818182,Trinidad and Tobago
DA,1993,20.63726845452032,Denmark
EZ,1993,20.527611677805137,Czech Republic
FG,1993,99.61058601134215,French Guiana [France]
FS,1993,46.06408544726302,French Southern and Antarctic Lands [France]
IN,1993,40.56125793894694,India
MX,1993,25.44966977424623,Mexico
AJ,1993,118.15789473684211,Azerbaijan
MA,1985,62.0065637065637,Madagascar
TD,1985,67.17808219178082,Trinidad and Tobago
CV,1996,1.6978723404255318,Cape Verde
NH,1996,69.83656792645557,Vanuatu
NS,1996,79.64882943143813,Suriname
SL,1996,39.666666666666664,Sierra Leone
BG,1995,16.168141592920353,Bangladesh
EI,1995,31.348896219233698,Ireland
MT,1995,20.028089887640448,Malta
BO,1979,16.448053344805334,Belarus
ID,1979,59.18761258140501,Indonesia
LG,1979,17.054274956377995,Latvia
LH,1979,18.422309197651664,Lithuania
MG,1979,4.578386605783866,Mongolia
NO,1979,32.31913836368606,Norway
SV,1979,10.19605077574048,Svalbard [Norway]
CK,1979,7.1,Cocos (Keeling) Islands [Australia]
LA,1979,4.0,Laos
NN,1979,1967.0,Sint Maarten
AQ,1976,92.55674342105263,American Samoa [United States]
IN,1976,91.27297917821234,India
MB,1976,128.25,Martinique [France]
EN,1967,18.269107580229857,Estonia
LT,1967,21.70171513795675,Lesotho
MP,1967,46.47890410958904,Mauritius
MY,1967,82.48322580645161,Malaysia
SW,1967,19.82666867523588,Sweden
UY,1967,25.766207591535103,Uruguay
WQ,1967,43.46849315068493,Wake Island [United States]
IC,1968,31.090619307832423,Iceland
LH,1968,16.68434744905333,Lithuania
NC,1968,203.08743169398906,New Caledonia [France]
GM,1961,24.357843707401496,Germany
MZ,1961,28.251027397260273,Mozambique
IN,1954,33.35078230403614,India
LU,1953,15.104109589041096,Luxembourg
PS,1953,113.6137339055794,Palau
TI,1953,17.60075594752835,Tajikistan
BR,1948,30.189341347310016,Brazil
GV,1948,65.97233606557377,Guinea
HO,1948,35.42622950819672,Honduras
IS,1948,17.39435545385202,Israel
KS,1948,37.60928961748634,"Korea, South"
LE,1948,35.10043041606887,Lebanon
SF,1948,14.688279708624298,South Africa
CI,1948,58.7962962962963,Chile
NG,1947,10.438902743142144,Niger
RS,1947,12.038808491648604,Russia
UV,1947,22.066838046272494,Burkina Faso
UV,1942,21.0114122681883,Burkina Faso
FR,1941,24.841688227684347,France
KE,1941,7.47945205479452,Kenya
NG,1941,12.883977900552486,Niger
SF,1941,13.2569553145737,South Africa
BO,1938,14.494857142857143,Belarus
DA,1938,18.288454011741685,Denmark
LH,1937,14.09967697277342,Lithuania
FR,1922,22.920397313933968,France
GG,1922,14.852054794520548,Georgia
KG,1922,9.951845906902086,Kyrgyzstan
MO,1916,8.929503916449086,Morocco
RS,1916,12.238364258318649,Russia
KG,1921,11.298059964726631,Kyrgyzstan
SF,1921,18.932465082625942,South Africa
UP,1921,9.061047325679082,Ukraine
WZ,1921,25.6050139275766,Swaziland
BK,1918,20.257534246575343,Bosnia and Herzegovina
IT,1918,20.38082191780822,Italy
LH,1918,15.156164383561643,Lithuania
GM,1919,19.205533596837945,Germany
NL,1919,19.515205479452053,Netherlands
UZ,1919,5.468406593406593,Uzbekistan
UZ,1897,8.224965706447188,Uzbekistan
FR,1896,24.85635103926097,France
KZ,1893,4.586474501108648,Kazakhstan
IT,1891,23.542465753424658,Italy
GL,1890,4.358904109589041,Greenland [Denmark]
BE,1889,18.252054794520546,Belgium
AG,1888,13.135831889081455,Algeria
BO,1887,15.401826484018265,Belarus
LH,1887,15.832876712328767,Lithuania
IT,1885,26.913698630136988,Italy
AU,1884,27.325136612021858,Austria
LG,1883,19.144444444444446,Latvia
DA,1882,18.421526418786694,Denmark
US,1876,30.07978196233895,United States
NO,1874,0.0,Norway
IT,1873,22.148858447488585,Italy
NL,1873,18.08821917808219,Netherlands
EI,1871,23.92439024390244,Ireland
EN,1870,17.794545454545453,Estonia
SF,1870,13.347945205479451,South Africa
NP,2011,17.74074074074074,Nepal
NS,2011,56.7787610619469,Suriname
MU,2011,52.310880829015545,Oman
CY,2016,6.235616438356164,Cyprus
DR,2016,79.17250673854447,Dominican Republic
FJ,2016,73.95979020979021,Fiji
MT,2016,7.930167597765363,Malta
SI,2016,38.49943470887507,Slovenia
UK,2016,25.77391449010148,United Kingdom
RW,2016,46.10791366906475,Rwanda
BN,2016,72.5359477124183,Benin
AR,2017,61.619369369369366,Argentina
CE,2017,41.07101167315175,Sri Lanka
US,2017,29.962656230414062,United States
CG,2017,103.67307692307692,Congo (Kinshasa)
KG,2017,3.5806451612903225,Kyrgyzstan
GA,2017,85.71111111111111,"Gambia, The"
AR,2006,62.757270203127284,Argentina
BH,2006,78.55592105263158,Belize
MA,2006,87.7186512118019,Madagascar
RQ,2006,46.479029895285116,Puerto Rico [United States]
MR,2006,54.47560975609756,Mauritania
IV,2014,87.45055710306407,Cote D'Ivoire
LY,2014,37.83248730964467,Libya
NP,2014,14.574545454545454,Nepal
TI,2014,77.31539888682745,Tajikistan
KG,2014,4.827586206896552,Kyrgyzstan
CH,2003,19.834594791761656,China
GI,2003,26.52364864864865,Gibraltar [United Kingdom]
GL,2003,22.71973929236499,Greenland [Denmark]
GQ,2003,60.488854727132974,Guam [United States]
LE,2003,33.014224751066855,Lebanon
MD,2003,12.583561643835617,Moldova
SP,2003,17.317319063386943,Spain
JO,2003,3.016835016835017,Jordan
GY,2003,48.63448275862069,Guyana
NE,2003,24.13235294117647,Niue [New Zealand]
GP,1984,31.37521815008726,Guadeloupe [France]
RP,1992,50.63342673479479,Philippines
SY,1992,7.723463687150838,Syria
CF,1992,69.48616600790514,Congo (Brazzaville)
MF,1992,52.775,Mayotte [France]
BY,1981,22.226027397260275,Burundi
MT,1981,9.68370607028754,Malta
MY,1981,82.36271415689811,Malaysia
TX,1981,6.926415681393902,Turkmenistan
BH,1981,53.49230769230769,Belize
LA,1981,129.5,Laos
PU,1981,21.358974358974358,Guinea-Bissau
BK,1988,24.081967213114755,Bosnia and Herzegovina
PE,1988,16.163829151732376,Peru
SW,1988,19.27494050367634,Sweden
VE,1988,45.85233206013246,Venezuela
AS,1974,26.23654385245932,Australia
EN,1974,17.1941794889647,Estonia
GI,1974,13.13855421686747,Gibraltar [United Kingdom]
JA,1974,46.43831600006899,Japan
SF,1974,20.691977854161795,South Africa
PK,1974,8.448504983388704,Pakistan
FG,1980,85.11787819253438,French Guiana [France]
GP,1980,77.16582914572864,Guadeloupe [France]
MR,1980,2.7472027972027973,Mauritania
PU,1980,22.626666666666665,Guinea-Bissau
AY,1977,4.09541511771995,Antarctica
EZ,1977,18.957309582309584,Czech Republic
LT,1977,21.37863247863248,Lesotho
MK,1977,10.63888888888889,Macedonia
MX,1977,22.6844200549759,Mexico
SL,1977,105.228,Sierra Leone
BB,1977,639.25,Barbados
GA,1977,14.472222222222221,"Gambia, The"
AO,1977,4.271028037383178,Angola
CT,1969,42.91710609576039,Central African Republic
MI,1969,31.259688784497946,Malawi
NO,1969,27.74649453675987,Norway
TI,1969,19.96316218418908,Tajikistan
AG,1966,5.149431818181818,Algeria
BY,1966,27.82054794520548,Burundi
EZ,1966,17.0986301369863,Czech Republic
GQ,1966,49.89851150202977,Guam [United States]
LG,1966,18.766536964980546,Latvia
MP,1966,35.182565789473685,Mauritius
RP,1966,63.477260273972604,Philippines
TZ,1972,29.70019870839543,Tanzania
TU,1972,67.55927475592748,Turkey
BF,1960,36.19398907103825,"Bahamas, The"
CH,1960,20.72221915615773,China
FM,1960,115.70938542162935,Federated States of Micronesia
LH,1960,19.375596658711217,Lithuania
LO,1960,24.395061728395063,Slovakia
MQ,1960,37.27988748241913,Midway Islands [United States}
MZ,1960,27.782201405152225,Mozambique
TS,1960,7.259562841530054,Tunisia
AR,1960,62.71935483870968,Argentina
AY,1959,5.164760914760914,Antarctica
CQ,1959,45.09043927648579,Northern Mariana Islands [United States]
EZ,1959,26.22778675282714,Czech Republic
JA,1959,53.0734339326484,Japan
VE,1959,22.70051635111876,Venezuela
GL,1952,15.343723673125526,Greenland [Denmark]
PA,1952,41.521857923497265,Paraguay
AU,1951,26.331115459882582,Austria
MK,1951,17.67032967032967,Macedonia
TS,1951,10.28380634390651,Tunisia
WQ,1951,17.26890756302521,Wake Island [United States]
AG,1944,5.82483156881617,Algeria
BK,1944,30.379781420765028,Bosnia and Herzegovina
BO,1944,12.196735395189004,Belarus
AU,1943,22.013698630136986,Austria
BE,1943,20.5972602739726,Belgium
RO,1943,15.952250489236791,Romania
EZ,1934,13.167123287671233,Czech Republic
UG,1934,33.91248606465998,Uganda
UP,1934,8.92995854243945,Ukraine
DA,1933,13.88454011741683,Denmark
KS,1932,22.650273224043715,"Korea, South"
WZ,1932,23.954776710005653,Swaziland
SF,1931,15.656606986253005,South Africa
SI,1931,41.81095890410959,Slovenia
SW,1931,15.86388078585738,Sweden
UK,1931,25.190749863163656,United Kingdom
UZ,1931,8.643835616438356,Uzbekistan
LT,1926,21.80365296803653,Lesotho
MI,1926,31.650929899856937,Malawi
RO,1926,14.505753424657534,Romania
GL,1925,11.85068493150685,Greenland [Denmark]
AG,1923,18.10974399682477,Algeria
AS,1917,21.394173785289148,Australia
CA,1903,23.208281661529014,Canada
LG,1903,20.6994459833795,Latvia
NO,1903,34.09766317485899,Norway
BO,1901,13.895342465753425,Belarus
EG,1901,0.9908675799086758,Egypt
NO,1901,25.244124823423654,Norway
SF,1901,15.222648326102728,South Africa
SZ,1901,36.038356164383565,Switzerland
AG,1900,20.144367176634216,Algeria
EZ,1869,11.276712328767124,Czech Republic
HR,1867,22.7,Croatia
UK,1866,22.511019283746556,United Kingdom
AG,1865,17.9013698630137,Algeria
SW,1864,11.681990001219363,Sweden
IT,1862,28.948630136986303,Italy
NL,1859,17.806849315068494,Netherlands
UK,1859,18.79276773296245,United Kingdom
IT,1856,23.25204918032787,Italy
IT,1854,17.086986301369862,Italy
EZ,1838,14.841095890410958,Czech Republic
GM,1836,21.133474576271187,Germany
IT,1830,15.565753424657535,Italy
AR,2008,60.038339723287216,Argentina
CQ,2008,53.478753541076486,Northern Mariana Islands [United States]
FJ,2008,78.5545371219065,Fiji
ID,2008,167.3587962962963,Indonesia
MC,2008,66.33791208791209,Macau S.A.R
MP,2008,50.06805708013172,Mauritius
CF,2008,85.52489626556017,Congo (Brazzaville)
BA,2008,169.88888888888889,Bahrain
CG,2008,66.58333333333333,Congo (Kinshasa)
NI,2008,112.97872340425532,Nigeria
BO,2022,44.25059780009565,Belarus
BU,2022,13.217123287671233,Bulgaria
CF,2022,92.46184472461844,Congo (Brazzaville)
GL,2022,26.515822784810126,Greenland [Denmark]
NS,2022,79.40055248618785,Suriname
KN,2022,180.65902578796562,"Korea, North"
GG,2015,25.06456863809007,Georgia
IR,2015,5.900485687713134,Iran
LO,2015,18.48761695101816,Slovakia
RS,2015,14.80344541382832,Russia
ZA,2015,170.14285714285714,Zambia
SU,2015,68.0,Sudan
GB,2019,95.23035230352303,Gabon
IV,2019,71.96969696969697,Cote D'Ivoire
PP,2019,77.98578199052133,Papua New Guinea
KS,2019,98.56861258529189,"Korea, South"
JO,2019,25.15126050420168,Jordan
AQ,2000,80.00273224043715,American Samoa [United States]
GP,2000,32.076502732240435,Guadeloupe [France]
GR,2000,12.55565153010859,Greece
SI,2000,38.98360655737705,Slovenia
US,2000,22.602155230398136,United States
MI,2000,68.09545454545454,Malawi
TI,2000,73.16666666666667,Tajikistan
ES,2000,36.827586206896555,El Salvador
GG,1999,32.094091903719914,Georgia
SI,1999,38.588320115356886,Slovenia
ID,1999,18.36075205640423,Indonesia
RE,1999,23.310344827586206,Reunion [France]
AJ,1999,154.3125,Azerbaijan
BU,1990,13.27878787878788,Bulgaria
GQ,1990,71.08782051282051,Guam [United States]
JM,1990,25.952908587257618,Jamaica
BU,1989,14.301234567901234,Bulgaria
GT,1989,32.893150684931506,Guatemala
MB,1989,7.238738738738738,Martinique [France]
UP,1989,15.275427444103464,Ukraine
ZI,1989,20.269883527454244,Zimbabwe
BA,1989,0.0,Bahrain
AS,1986,16.57295512550217,Australia
VM,1986,1.0558252427184467,Vietnam
TO,1986,61.67605633802817,Togo
CK,1997,12.866666666666667,Cocos (Keeling) Islands [Australia]
CO,1997,36.57787065552134,Colombia
JM,1997,13.481632653061224,Jamaica
LU,1997,25.42821917808219,Luxembourg
RE,1997,70.16991643454038,Reunion [France]
SA,1997,19.634036532029842,Saudi Arabia
UC,1997,9.244252873563218,Curacao
KR,1997,74.93203883495146,Kiribati
AL,1973,42.87193460490463,Albania
BB,1973,12.509615384615385,Barbados
BN,1973,30.424114671163576,Benin
CQ,1973,59.41310975609756,Northern Mariana Islands [United States]
PL,1973,16.140203932993444,Poland
SP,1973,14.144147892765856,Spain
VQ,1973,20.763904891588982,Virgin Islands [United States]
BH,1973,4.0,Belize
WI,1973,0.0,Western Sahara
BF,1964,29.34980694980695,"Bahamas, The"
BY,1964,21.737704918032787,Burundi
EN,1964,11.742468041369564,Estonia
FM,1964,94.39120293235588,Federated States of Micronesia
IC,1964,29.29462659380692,Iceland
NZ,1964,19.930434782608696,New Zealand
NC,1963,282.7671232876712,New Caledonia [France]
NG,1963,9.240560140035008,Niger
TU,1963,26.29245283018868,Turkey
TX,1963,4.471357642410976,Turkmenistan
PL,1963,40.864197530864196,Poland
IC,1956,30.10873362445415,Iceland
SF,1956,17.390115585898773,South Africa
TO,1956,26.007650273224044,Togo
MR,1955,5.9006738208135765,Mauritania
TH,1955,43.18380910184189,Thailand
TX,1955,3.9996041563582385,Turkmenistan
TZ,1955,28.42987665600731,Tanzania
UZ,1955,6.053904375115377,Uzbekistan
BM,1955,141.21779141104295,Burma
IZ,1955,2.97119341563786,Iraq
BC,1946,14.515068493150684,Botswana
CH,1946,27.282828282828284,China
CY,1945,14.26095890410959,Cyprus
GM,1945,22.550141311762985,Germany
HR,1945,16.19514472455649,Croatia
MR,1945,3.069664344521849,Mauritania
SI,1945,29.04931506849315,Slovenia
NL,1930,23.007671232876714,Netherlands
AM,1929,11.221206581352833,Armenia
IS,1929,7.867123287671233,Israel
SZ,1929,30.442465753424656,Switzerland
VQ,1929,31.763532763532762,Virgin Islands [United States]
SG,1929,28.486842105263158,Senegal
LT,1928,20.06830601092896,Lesotho
DA,1927,23.074363992172213,Denmark
MO,1915,12.376936316695353,Morocco
UP,1915,14.015127067365873,Ukraine
EZ,1914,15.076712328767123,Czech Republic
TS,1914,5.934379457917261,Tunisia
HR,1913,27.054109589041097,Croatia
NL,1913,18.363013698630137,Netherlands
RO,1912,19.281420765027324,Romania
AS,1911,17.603777076647393,Australia
AM,1910,10.319742489270386,Armenia
IS,1910,14.936986301369863,Israel
RQ,1910,43.80592930444698,Puerto Rico [United States]
KS,2009,125.16508538899431,"Korea, South"
KG,2009,53.8,Kyrgyzstan
ET,2007,59.91970802919708,Ethiopia
GL,2007,30.35480492275465,Greenland [Denmark]
HR,2007,27.58547092226356,Croatia
MC,2007,25.128133704735376,Macau S.A.R
NP,2007,39.80864197530864,Nepal
PS,2007,88.87671232876713,Palau
BU,2013,14.915579958819492,Bulgaria
RE,2013,39.798898071625345,Reunion [France]
CT,2013,79.32683982683983,Central African Republic
TO,2013,76.19664268585132,Togo
NG,2013,61.53733170134639,Niger
BL,2021,89.74227831285287,Bolivia
CG,2021,126.8780487804878,Congo (Kinshasa)
KN,2021,128.93083573487033,"Korea, North"
MA,2021,86.96912114014252,Madagascar
MP,2021,41.847088931541904,Mauritius
GH,2021,76.07177033492823,Ghana
JO,2021,12.425,Jordan
UV,2021,73.1295871559633,Burkina Faso
PS,2002,76.83103975535168,Palau
WA,2002,9.64213649851632,Namibia
CO,2002,56.07457443934072,Colombia
WF,2002,57.25566343042071,Wallis and Futuna [France]
SG,2002,43.06239460370995,Senegal
EU,2002,4.378378378378378,Europa Island [France]
AM,2001,11.459665144596652,Armenia
TH,2001,56.16430305353264,Thailand
BA,2001,13.25,Bahrain
CV,2001,57.8,Cape Verde
IR,1998,9.111669458403126,Iran
SY,1998,6.817140238313474,Syria
AU,1991,35.68303249097473,Austria
CQ,1991,51.93698630136986,Northern Mariana Islands [United States]
LG,1991,17.862065331928346,Latvia
RQ,1991,35.460484126704486,Puerto Rico [United States]
SP,1991,15.424135476600036,Spain
CG,1991,52.130718954248366,Congo (Kinshasa)
DR,1991,68.24285714285715,Dominican Republic
NG,1991,68.29651162790698,Niger
CM,1991,105.3076923076923,Cameroon
MT,1994,19.939226519337016,Malta
TI,1994,11.08183221821925,Tajikistan
TX,1994,6.435946769280102,Turkmenistan
UY,1994,29.57428930422491,Uruguay
SG,1994,88.55604883462819,Senegal
NG,1994,81.74974039460021,Niger
GG,1987,37.225465325086226,Georgia
LU,1987,25.912328767123288,Luxembourg
RQ,1987,53.88856427378965,Puerto Rico [United States]
TX,1987,4.885643396864779,Turkmenistan
ZA,1987,23.389767441860464,Zambia
ML,1987,64.1219512195122,Mali
NI,1987,0.0,Nigeria
RM,1975,71.59381044487428,Marshall Islands
TU,1975,27.079971051203184,Turkey
TV,1975,298.65,Tuvalu
NS,1975,104.5,Suriname
CH,1978,19.507504753684948,China
KN,1978,0.12177835051546392,"Korea, North"
US,1978,23.28567226946395,United States
BC,1971,11.49985469340308,Botswana
FG,1971,135.64383561643837,French Guiana [France]
LH,1971,14.010855214903916,Lithuania
SI,1971,33.05386488131467,Slovenia
TO,1971,30.952328767123287,Togo
WA,1971,8.113501692267638,Namibia
ET,1965,25.981080015766654,Ethiopia
LO,1965,25.061643835616437,Slovakia
TX,1965,4.21959534987704,Turkmenistan
UV,1965,24.672910004568298,Burkina Faso
WQ,1965,18.44931506849315,Wake Island [United States]
FI,1958,20.461638491547465,Finland
GG,1958,31.99859943977591,Georgia
GP,1958,56.87671232876713,Guadeloupe [France]
JN,1958,21.82191780821918,Jan Mayen [Norway]
SU,1958,9.4603892274425,Sudan
NL,1957,22.511355997800095,Netherlands
MC,1957,93.37878787878788,Macau S.A.R
BK,1950,19.915068493150685,Bosnia and Herzegovina
KS,1950,27.644736842105264,"Korea, South"
MO,1950,13.021917808219179,Morocco
IZ,1950,2.3993055555555554,Iraq
SP,1949,16.690837854128993,Spain
UZ,1949,9.145335580450084,Uzbekistan
WA,1949,7.639917695473251,Namibia
GM,1939,26.47432851968578,Germany
LY,1939,5.700831024930748,Libya
SZ,1939,45.933855185909984,Switzerland
UK,1939,24.90038419319429,United Kingdom
GG,1936,37.559937928358984,Georgia
MD,1909,12.19830028328612,Moldova
GM,1908,17.192891290791934,Germany
SP,1907,15.56986301369863,Spain
DA,1907,15.319603960396039,Denmark
EZ,1906,13.827397260273973,Czech Republic
KG,1906,11.873972602739727,Kyrgyzstan
AS,1905,14.923787107376834,Australia
US,1905,27.547394222157912,United States
AG,2023,10.996478873239436,Algeria
BH,2023,25.772727272727273,Belize
MU,2023,14.422818791946309,Oman
VQ,2023,17.459269662921347,Virgin Islands [United States]
JO,2023,35.6,Jordan
MD,2023,22.714285714285715,Moldova
IV,2023,54.89403973509934,Cote D'Ivoire
CY,1904,17.096994535519126,Cyprus
HU,1904,16.092896174863387,Hungary
