Country_Code,year,avg(Value),Country_Name
MA,2008,79.90200286123033,Madagascar
PL,2008,16.242440901594282,Poland
CT,2008,74.65228426395939,Central African Republic
MG,2008,56.37886872998933,Mongolia
SL,2008,160.0,Sierra Leone
BD,2022,40.80722891566265,Bermuda [United Kingdom]
GB,2022,88.73140495867769,Gabon
LY,2022,48.428223844282236,Libya
GH,2022,97.17830188679245,Ghana
PK,2015,56.28629404168972,Pakistan
PO,2015,33.4239175257732,Portugal
VQ,2015,21.300847457627118,Virgin Islands [United States]
MD,2015,40.93333333333333,Moldova
NF,2015,10.0,Norfolk Island [Australia]
SL,2015,235.0,Sierra Leone
AJ,2019,108.95204513399153,Azerbaijan
BA,2019,14.672727272727272,Bahrain
EZ,2019,22.674519846350833,Czech Republic
GR,2019,22.022121212121213,Greece
LO,2019,22.13655172413793,Slovakia
MK,2019,15.291314373558802,Macedonia
MV,2019,8.258823529411766,Maldives
MX,2019,17.170468918349183,Mexico
CT,2019,99.149377593361,Central African Republic
LI,2019,205.7,Liberia
CA,2000,22.79395144624071,Canada
UC,1999,58.5,Curacao
WA,1999,11.489724016441574,Namibia
NS,1999,38.96774193548387,Suriname
GV,1999,38.03921568627451,Guinea
AJ,1990,11.886974371734262,Azerbaijan
AQ,1990,95.14429223744293,American Samoa [United States]
KG,1990,11.32392138063279,Kyrgyzstan
KS,1990,91.79612220916569,"Korea, South"
NC,1990,203.09455587392551,New Caledonia [France]
SI,1990,39.12267884322679,Slovenia
TN,1990,45.5234375,Tonga
TX,1990,4.163600782778865,Turkmenistan
FM,1989,114.58379768538363,Federated States of Micronesia
HU,1989,14.82777597928132,Hungary
TN,1989,80.24909747292419,Tonga
TX,1989,3.8876448524883838,Turkmenistan
AM,1986,15.945481995079401,Armenia
JN,1986,18.08219178082192,Jan Mayen [Norway]
KS,1986,73.71547848426461,"Korea, South"
MC,1986,0.0,Macau S.A.R
SY,1986,7.7478368355995055,Syria
SZ,1986,38.208561643835615,Switzerland
BM,1986,199.66666666666666,Burma
AR,1997,28.882235619418886,Argentina
BM,1997,0.0,Burma
CF,1997,74.1923076923077,Congo (Brazzaville)
GP,1997,22.25294117647059,Guadeloupe [France]
IN,1997,28.634303149177292,India
JO,1997,3.624502784407319,Jordan
KN,1997,134.91203703703704,"Korea, North"
KZ,1997,5.073571480965305,Kazakhstan
MR,1997,38.61607142857143,Mauritania
CT,1997,82.87237921604375,Central African Republic
CM,1997,112.77830188679245,Cameroon
KT,1997,1.6267605633802817,Christmas Island [Australia]
BD,1973,39.00547945205479,Bermuda [United Kingdom]
EC,1973,80.13162939297125,Ecuador
RP,1973,70.53476519839825,Philippines
SY,1973,7.537619699042407,Syria
ID,1973,2.925264750378215,Indonesia
TV,1973,338.95454545454544,Tuvalu
FR,1970,20.87124380979855,France
KS,1970,35.0958904109589,"Korea, South"
SU,1970,12.006193934216148,Sudan
TU,1970,73.36779911373708,Turkey
TX,1970,3.65330987750847,Turkmenistan
AY,1964,3.3141514973576043,Antarctica
PM,1964,47.46174863387978,Panama
SY,1964,10.855670103092784,Syria
US,1964,23.365083074628817,United States
ES,1964,117.7062937062937,El Salvador
AL,1963,50.99178082191781,Albania
BC,1963,11.901912489133585,Botswana
KS,1963,40.07260273972603,"Korea, South"
RM,1963,66.98488241881299,Marshall Islands
SG,1963,12.01095890410959,Senegal
SU,1963,11.815733143061006,Sudan
MD,1956,12.124716553287982,Moldova
MK,1956,14.524590163934427,Macedonia
MP,1956,40.92622950819672,Mauritius
NH,1956,115.12035398230088,Vanuatu
RI,1956,17.852459016393443,Serbia
MQ,1955,26.64471879286694,Midway Islands [United States}
RO,1955,21.003238341968913,Romania
DA,1946,19.482583170254404,Denmark
AG,1945,5.1527001862197395,Algeria
LT,1945,18.038533834586467,Lesotho
SG,1945,13.337233310392293,Senegal
UZ,1945,8.587724004721537,Uzbekistan
PS,1945,124.29387755102042,Palau
RO,1930,16.416438356164385,Romania
SP,1930,18.011989100817438,Spain
FI,1928,14.30958904109589,Finland
NO,1928,29.2376019071725,Norway
AS,1927,16.22216524819825,Australia
BK,1927,18.487671232876714,Bosnia and Herzegovina
FI,1927,14.167582417582418,Finland
JN,1927,8.90958904109589,Jan Mayen [Norway]
LT,1927,20.665413533834588,Lesotho
KZ,1915,7.5206361989128245,Kazakhstan
EG,1914,1.4937214611872147,Egypt
HU,1914,18.75068493150685,Hungary
US,1914,23.699580013286443,United States
EI,1913,22.251141552511417,Ireland
AJ,1912,14.80464480874317,Azerbaijan
FR,1912,25.409532483302975,France
IS,1912,13.314207650273223,Israel
IT,1912,25.992263177758208,Italy
UZ,1912,6.875878220140515,Uzbekistan
UZ,1911,7.469291338582678,Uzbekistan
MX,1910,9.827505407354002,Mexico
RO,1910,17.556164383561644,Romania
IC,2011,35.48219178082192,Iceland
IS,2011,9.811764705882354,Israel
PL,2011,16.42247191011236,Poland
SF,2011,40.046117725976856,South Africa
TE,2011,37.30927835051546,Tromelin Island [France]
SY,2011,69.37373737373737,Syria
BC,2016,26.017421602787458,Botswana
FI,2016,17.34723851007986,Finland
IC,2016,30.866120218579233,Iceland
MK,2016,20.302679217958,Macedonia
NS,2016,61.57692307692308,Suriname
PK,2016,51.18755926417599,Pakistan
TI,2016,74.4525993883792,Tajikistan
GH,2016,65.62184189079055,Ghana
AO,2016,53.80808080808081,Angola
ML,2016,74.71077184054283,Mali
KU,2016,7.908163265306122,Kuwait
MU,2017,20.99526963103122,Oman
KS,2017,76.27678571428571,"Korea, South"
IZ,2017,1.621212121212121,Iraq
BK,2006,30.465156794425088,Bosnia and Herzegovina
JA,2006,61.34715391731996,Japan
LO,2006,17.618002195389682,Slovakia
PS,2006,109.2958904109589,Palau
WF,2006,102.34703196347031,Wallis and Futuna [France]
SG,2006,84.39889958734526,Senegal
BE,2014,20.751381215469614,Belgium
BL,2014,104.34024713150927,Bolivia
BU,2014,27.37054794520548,Bulgaria
CH,2014,55.90404578120841,China
IZ,2014,6.172,Iraq
MZ,2014,74.64276885043263,Mozambique
PL,2014,15.888613861386139,Poland
RP,2014,109.64497444633732,Philippines
AY,2003,36.866361925248725,Antarctica
CO,2003,39.63809523809524,Colombia
ES,2003,64.21782178217822,El Salvador
IO,2003,100.81593406593407,British Indian Ocean Territory [United Kingdom]
IT,2003,20.378961948993727,Italy
ML,2003,23.567010309278352,Mali
PP,2003,98.91881188118812,Papua New Guinea
WI,2003,0.7335329341317365,Western Sahara
ZA,2003,151.57142857142858,Zambia
SL,2003,180.8125,Sierra Leone
BF,1984,62.132492113564666,"Bahamas, The"
CH,1984,19.83417182912792,China
CW,1984,47.255892255892256,Cook Islands [New Zealand]
MK,1984,12.953551912568306,Macedonia
PK,1984,0.547105561861521,Pakistan
TH,1984,41.475359037006136,Thailand
JU,1984,36.617283950617285,Juan De Nova Island [France]
BA,1984,164.66666666666666,Bahrain
BB,1992,43.11036789297659,Barbados
PE,1992,16.59041891331398,Peru
RO,1992,11.699933276141454,Romania
MI,1992,19.26878612716763,Malawi
BR,1981,32.16613672436874,Brazil
CS,1981,104.07102451288497,Costa Rica
LT,1981,21.50502283105023,Lesotho
MO,1981,5.8325198291641245,Morocco
PP,1981,69.52511415525115,Papua New Guinea
US,1981,23.351040234411503,United States
RE,1981,104.74006116207951,Reunion [France]
TN,1981,6.609523809523809,Tonga
GV,1981,68.32446808510639,Guinea
NN,1981,975.4375,Sint Maarten
SN,1981,58.86896551724138,Singapore
AM,1988,18.451637043966322,Armenia
BB,1988,47.39259259259259,Barbados
FI,1988,17.845661950366797,Finland
HU,1988,13.984410522897045,Hungary
KE,1988,22.11143695014663,Kenya
SE,1988,55.21857923497268,Seychelles
NP,1988,41.833333333333336,Nepal
UG,1974,32.31637630662021,Uganda
BK,1980,27.401639344262296,Bosnia and Herzegovina
CU,1980,22.30163043478261,Cuba
GB,1980,52.55469356089992,Gabon
ML,1980,14.218369829683699,Mali
MY,1980,86.47374252160425,Malaysia
SE,1980,52.868852459016395,Seychelles
UK,1980,26.1140506491837,United Kingdom
CG,1980,41.13013698630137,Congo (Kinshasa)
KN,1980,4.0,"Korea, North"
EC,1977,55.432147562582344,Ecuador
ET,1977,31.517426850258175,Ethiopia
FJ,1977,273.6381578947368,Fiji
HR,1977,28.12855637513172,Croatia
IT,1977,19.322381105398456,Italy
SP,1977,19.374068638518853,Spain
TO,1977,18.908602150537636,Togo
WZ,1977,24.01095890410959,Swaziland
EG,1977,1.3618233618233617,Egypt
AU,1969,33.84322200392927,Austria
ET,1969,31.91869918699187,Ethiopia
RO,1969,19.872349061390157,Romania
SF,1969,14.623432432432432,South Africa
UG,1969,34.59334637964775,Uganda
BE,1966,28.92054794520548,Belgium
JA,1966,54.7977669665045,Japan
AM,1972,17.257204027311655,Armenia
VE,1972,39.277340892465254,Venezuela
AQ,1960,129.82625698324023,American Samoa [United States]
AJ,1959,12.53903796352416,Azerbaijan
BF,1959,29.849452554744527,"Bahamas, The"
IT,1959,26.636986301369863,Italy
TU,1959,44.02844394868935,Turkey
KN,1952,40.11026615969582,"Korea, North"
MQ,1952,28.92349726775956,Midway Islands [United States}
TI,1952,12.78777614138439,Tajikistan
VQ,1952,37.16393442622951,Virgin Islands [United States]
FG,1951,100.21917808219177,French Guiana [France]
SZ,1951,39.65088062622309,Switzerland
MY,1951,193.55555555555554,Malaysia
ID,1951,99.0,Indonesia
GV,1944,99.2235294117647,Guinea
UZ,1944,4.317799688635184,Uzbekistan
AE,1944,6.195121951219512,United Arab Emirates
DR,1944,229.33333333333334,Dominican Republic
IT,1943,20.259099804305283,Italy
GG,1934,18.106293706293705,Georgia
PL,1933,35.08860759493671,Poland
BK,1931,26.997260273972604,Bosnia and Herzegovina
GL,1931,11.46639231824417,Greenland [Denmark]
VQ,1931,47.706849315068496,Virgin Islands [United States]
LY,1926,7.808236808236808,Libya
NL,1926,20.082328767123286,Netherlands
GG,1925,9.706849315068494,Georgia
UK,1925,20.84283420313127,United Kingdom
BA,2010,79.33333333333333,Bahrain
CE,2010,53.70743179680151,Sri Lanka
TX,2010,48.03846153846154,Turkmenistan
TI,2010,36.25,Tajikistan
AY,2012,18.405693003458367,Antarctica
GM,2012,21.31656637697664,Germany
JA,2012,51.428230600750936,Japan
JU,2012,62.86923076923077,Juan De Nova Island [France]
UP,2012,31.983327483327482,Ukraine
SU,2012,131.85714285714286,Sudan
MJ,2012,208.73181818181817,Montenegro
CD,2012,99.90378006872852,Chad
AF,2018,9.264984227129338,Afghanistan
GL,2018,20.793973731650784,Greenland [Denmark]
MD,2018,56.22788203753351,Moldova
MI,2018,80.98979591836735,Malawi
IV,2020,82.80677083333333,Cote D'Ivoire
MA,2020,91.73870220162225,Madagascar
TI,2020,79.85326953748006,Tajikistan
ES,2020,157.21495327102804,El Salvador
CU,2004,22.885245901639344,Cuba
JM,2004,26.610507246376812,Jamaica
KG,2004,4.062412342215989,Kyrgyzstan
MP,2004,43.253914988814316,Mauritius
NH,2004,68.00344115622849,Vanuatu
PK,2004,5.223837849746641,Pakistan
DR,2005,72.95503875968993,Dominican Republic
MJ,2005,90.23839662447257,Montenegro
GA,2005,46.054794520547944,"Gambia, The"
ET,2005,59.31818181818182,Ethiopia
AU,1983,30.174439955930957,Austria
QA,1983,587.5,Qatar
GG,1982,32.684696375379716,Georgia
HO,1982,64.77110481586402,Honduras
JN,1982,17.747945205479454,Jan Mayen [Norway]
LT,1982,15.653703703703703,Lesotho
RS,1982,14.192398480200957,Russia
SG,1982,57.39366053169734,Senegal
SY,1982,7.429415239220319,Syria
BB,1982,27.7557003257329,Barbados
TN,1982,68.38388625592417,Tonga
BO,1993,18.449250859907888,Belarus
EC,1993,71.76684636118598,Ecuador
KU,1993,3.641025641025641,Kuwait
RE,1993,77.7030303030303,Reunion [France]
TL,1993,122.18181818181819,Tokelau [New Zealand]
AM,1985,12.624247538677919,Armenia
GM,1985,20.49165720919353,Germany
IS,1985,8.196560196560197,Israel
MC,1985,0.0,Macau S.A.R
NF,1985,59.41721854304636,Norfolk Island [Australia]
PO,1985,30.199129804205946,Portugal
TE,1985,37.69672131147541,Tromelin Island [France]
CV,1985,2.407725321888412,Cape Verde
KU,1985,0.0,Kuwait
BK,1924,19.683060109289617,Bosnia and Herzegovina
SG,1924,6.426470588235294,Senegal
LG,1923,15.010446343779677,Latvia
GG,1917,18.915980230642504,Georgia
PK,1917,27.39406392694064,Pakistan
HU,1903,17.715068493150685,Hungary
KG,1902,14.777188328912468,Kyrgyzstan
KG,1901,18.115384615384617,Kyrgyzstan
NL,1901,18.399817351598173,Netherlands
BO,1899,17.3329602686066,Belarus
GG,1899,29.88639551192146,Georgia
EN,1867,20.802739726027397,Estonia
AG,1864,20.620218579234972,Algeria
UK,1863,18.599451303155007,United Kingdom
EZ,1852,10.336065573770492,Czech Republic
AS,1846,16.426436781609194,Australia
US,1844,44.67032967032967,United States
GM,1842,21.45823927765237,Germany
UK,1843,20.480821917808218,United Kingdom
EZ,1820,10.915300546448087,Czech Republic
IT,1816,14.994535519125684,Italy
IT,1802,10.424657534246576,Italy
GM,1786,24.167123287671235,Germany
GM,1789,18.476712328767125,Germany
AQ,1996,104.91565135895033,American Samoa [United States]
GL,1996,26.69092741935484,Greenland [Denmark]
JN,1996,15.23224043715847,Jan Mayen [Norway]
AJ,1996,20.0,Azerbaijan
AM,1995,9.547550432276656,Armenia
AQ,1995,125.25191675794085,American Samoa [United States]
AR,1995,27.50330111445624,Argentina
CS,1995,99.02412280701755,Costa Rica
EN,1995,20.32716406400617,Estonia
GQ,1995,52.384944396920446,Guam [United States]
MD,1995,38.416666666666664,Moldova
MP,1995,56.87692307692308,Mauritius
PE,1995,21.332278957674347,Peru
PS,1995,101.95855717574827,Palau
SP,1995,14.174112089578353,Spain
KN,1995,133.24128686327077,"Korea, North"
KR,1995,28.54385964912281,Kiribati
BC,1979,9.837456937049797,Botswana
FM,1979,113.72839506172839,Federated States of Micronesia
KE,1979,20.57147862648914,Kenya
KZ,1979,8.647577804624888,Kazakhstan
PE,1979,19.87589864466706,Peru
WZ,1979,19.336569579288025,Swaziland
GM,1976,16.559108969773234,Germany
NG,1976,9.361658561556181,Niger
SW,1976,13.753483068849182,Sweden
TU,1976,22.656985736380822,Turkey
NS,1976,388.54545454545456,Suriname
PU,1976,16.127659574468087,Guinea-Bissau
AM,1967,18.640632264063225,Armenia
CY,1967,19.421232876712327,Cyprus
GG,1967,36.620157736024126,Georgia
AG,1968,4.989913544668588,Algeria
AM,1968,16.603912408759125,Armenia
GG,1968,34.44706363693586,Georgia
RQ,1968,42.28479467258602,Puerto Rico [United States]
KS,1962,31.886301369863013,"Korea, South"
BY,1961,38.31369863013698,Burundi
CF,1961,51.42745995423341,Congo (Brazzaville)
JN,1961,18.73972602739726,Jan Mayen [Norway]
KR,1961,14.348377997179126,Kiribati
NO,1961,34.391279844801616,Norway
RI,1961,12.042922374429224,Serbia
SP,1961,17.44981027940669,Spain
BH,1961,99.15853658536585,Belize
PK,1961,8.954592363261094,Pakistan
DA,1954,22.288062622309198,Denmark
ER,1954,9.632876712328768,Eritrea
JA,1954,55.882282355396335,Japan
JN,1954,17.52054794520548,Jan Mayen [Norway]
BD,1953,35.196969696969695,Bermuda [United Kingdom]
MZ,1953,33.14186426819297,Mozambique
NC,1953,120.41095890410959,New Caledonia [France]
NO,1953,35.66498061832277,Norway
VM,1953,85.85915492957747,Vietnam
BN,1948,27.320765027322405,Benin
IT,1948,20.35753317720531,Italy
MX,1948,22.604608116835237,Mexico
BE,1947,17.504109589041096,Belgium
HR,1947,20.966507177033492,Croatia
AG,1942,3.9753937007874014,Algeria
EI,1942,25.960924600990644,Ireland
GM,1941,25.22595848483454,Germany
SI,1941,41.90958904109589,Slovenia
WZ,1941,16.557260273972602,Swaziland
AU,1938,27.933333333333334,Austria
RQ,1938,52.85096747632771,Puerto Rico [United States]
SG,1938,14.13946587537092,Senegal
WZ,1938,25.09197324414716,Swaziland
BO,1937,14.938264738598443,Belarus
AU,1922,28.65808219178082,Austria
MO,1922,9.955734406438632,Morocco
PK,1922,15.614279091330552,Pakistan
WA,1922,6.050228310502283,Namibia
TI,1916,1.6229050279329609,Tajikistan
TX,1916,6.0944,Turkmenistan
GL,1921,13.543633762517883,Greenland [Denmark]
VQ,1921,18.64723032069971,Virgin Islands [United States]
BE,1918,22.82191780821918,Belgium
AM,1920,11.768,Armenia
TS,1920,8.425389755011135,Tunisia
IN,1919,36.73201266447846,India
WA,1919,7.217351598173516,Namibia
AS,1898,15.288611074663528,Australia
LT,1898,17.516339869281047,Lesotho
BO,1897,14.945753424657534,Belarus
TI,1896,0.6235294117647059,Tajikistan
US,1894,25.609653550144635,United States
NL,1893,17.853620352250488,Netherlands
BE,1892,16.183060109289617,Belgium
UK,1892,23.01743119266055,United Kingdom
EN,1891,12.707945205479453,Estonia
IT,1890,20.403131115459882,Italy
AJ,1889,6.002739726027397,Azerbaijan
TS,1889,7.030097087378641,Tunisia
DA,1888,15.145979703356753,Denmark
IT,1888,24.883684621389538,Italy
RO,1888,12.762295081967213,Romania
AU,1885,25.054794520547944,Austria
BE,1885,21.052054794520547,Belgium
KG,1885,7.410958904109589,Kyrgyzstan
RS,1883,13.414505414505415,Russia
BE,1881,21.6,Belgium
CA,1880,24.25737988247494,Canada
EN,1880,17.47310847766636,Estonia
NO,1880,21.01912568306011,Norway
GM,1879,21.585365853658537,Germany
UK,1879,21.613698630136987,United Kingdom
UP,1879,23.0,Ukraine
SW,1878,15.105639169365594,Sweden
EN,1877,16.048128342245988,Estonia
GL,1877,5.50958904109589,Greenland [Denmark]
DA,1874,16.616213442791175,Denmark
NL,1872,23.145445641527914,Netherlands
GM,1870,18.36060606060606,Germany
HR,1874,35.06666666666667,Croatia
BX,2009,109.76691729323308,Brunei
IC,2009,30.842235004108463,Iceland
MF,2009,32.2,Mayotte [France]
SV,2009,9.189383070301291,Svalbard [Norway]
MJ,2009,194.8829431438127,Montenegro
NI,2009,161.575,Nigeria
IZ,2009,749.5,Iraq
KG,2007,2.5158878504672897,Kyrgyzstan
GH,2007,67.87951807228916,Ghana
BN,2007,86.57589285714286,Benin
CV,2007,8.222222222222221,Cape Verde
PO,2013,75.01518784972022,Portugal
GY,2013,74.79411764705883,Guyana
IZ,2013,4.261363636363637,Iraq
AJ,2021,106.94196642685851,Azerbaijan
CJ,2021,39.71739130434783,Cayman Islands [United Kingdom]
SV,2021,13.854748603351956,Svalbard [Norway]
UY,2021,30.916109873793616,Uruguay
MR,2021,13.181818181818182,Mauritania
BB,2002,34.7986798679868,Barbados
CI,2002,39.58609591245575,Chile
NO,2002,28.98387368309129,Norway
SU,2002,180.07571801566579,Sudan
DR,2002,46.03611457036114,Dominican Republic
IS,2001,11.45294912201711,Israel
VQ,2001,29.164995224450813,Virgin Islands [United States]
LE,2001,91.9247311827957,Lebanon
TD,2001,22.816568047337277,Trinidad and Tobago
BB,1998,48.11918604651163,Barbados
NU,1998,28.228855721393035,Nicaragua
SH,1998,42.97260273972603,Saint Helena [United Kingdom]
TE,1998,35.85329341317365,Tromelin Island [France]
US,1998,26.340895995948667,United States
BA,1998,0.8301282051282052,Bahrain
GP,1991,35.16304347826087,Guadeloupe [France]
RE,1991,53.608695652173914,Reunion [France]
MB,1991,35.203592814371255,Martinique [France]
SL,1991,0.0,Sierra Leone
EC,1994,62.3515731874145,Ecuador
GL,1994,19.344619858745325,Greenland [Denmark]
TE,1994,35.60550458715596,Tromelin Island [France]
CJ,1994,32.7,Cayman Islands [United Kingdom]
NU,1994,38.89473684210526,Nicaragua
BC,1987,9.796636085626911,Botswana
EZ,1987,20.53435731608731,Czech Republic
KU,1987,0.0,Kuwait
SN,1987,56.70817120622568,Singapore
NP,1987,118.15625,Nepal
BN,1975,32.52258064516129,Benin
CO,1975,45.73865030674847,Colombia
CT,1975,39.22105041130563,Central African Republic
EN,1975,14.667841915382093,Estonia
IT,1975,20.476890062726973,Italy
MF,1975,86.1,Mayotte [France]
BH,1975,109.0,Belize
AL,1978,49.25616438356165,Albania
BD,1978,38.172602739726024,Bermuda [United Kingdom]
BO,1978,17.48577865390031,Belarus
DA,1978,19.59376571141277,Denmark
MG,1978,3.2754946727549465,Mongolia
DR,1978,11.046511627906977,Dominican Republic
CH,1971,19.18508034188034,China
CU,1971,14.627397260273973,Cuba
KN,1971,35.32533333333333,"Korea, North"
MQ,1971,31.713166144200628,Midway Islands [United States}
PA,1971,41.1972602739726,Paraguay
PP,1971,62.78082191780822,Papua New Guinea
RI,1971,14.386301369863014,Serbia
SF,1971,16.836273884715773,South Africa
TI,1971,7.848168380462725,Tajikistan
WQ,1971,36.66575342465753,Wake Island [United States]
ZA,1971,25.35144365104005,Zambia
IC,1965,25.38447488584475,Iceland
TH,1965,42.50931639073859,Thailand
TU,1965,26.891941022015754,Turkey
AO,1965,6.342105263157895,Angola
MI,1958,23.405017921146953,Malawi
TX,1958,4.069864442127216,Turkmenistan
AS,1957,13.72347447273909,Australia
GR,1957,17.444383561643836,Greece
MO,1957,11.651234567901234,Morocco
AG,1950,7.507218479307026,Algeria
AM,1950,13.66958740961293,Armenia
BO,1950,16.11356830223451,Belarus
NL,1950,25.266062602965402,Netherlands
FR,1949,17.67611043081376,France
MD,1949,14.426726279185296,Moldova
AG,1940,6.230614300100705,Algeria
LT,1940,21.31238615664845,Lesotho
BR,1939,25.772043492663535,Brazil
GL,1939,16.265753424657536,Greenland [Denmark]
SW,1939,14.473712542616186,Sweden
UK,1936,24.994753127942957,United Kingdom
UZ,1936,5.937128399746996,Uzbekistan
LH,1935,20.24724517906336,Lithuania
RO,1935,15.284383561643835,Romania
SZ,1935,43.44853228962818,Switzerland
SP,1908,18.450819672131146,Spain
TS,1908,4.52079207920792,Tunisia
BK,1907,23.446575342465753,Bosnia and Herzegovina
LH,1906,19.315068493150687,Lithuania
TS,1906,8.908756438557763,Tunisia
TI,1906,1.6527415143603132,Tajikistan
PK,1905,17.37095890410959,Pakistan
AS,2023,30.594875739197317,Australia
MO,2023,13.866295264623956,Morocco
TI,2023,72.95424836601308,Tajikistan
