Country_Code,year,avg(Value),Country_Name
CI,2008,15.558259149357072,Chile
FR,2008,23.895835594630775,France
PA,2008,95.63438438438439,Paraguay
VQ,2008,31.511620074099024,Virgin Islands [United States]
TX,2008,37.05531914893617,Turkmenistan
JU,2008,12.81547619047619,Juan De Nova Island [France]
BH,2022,69.38571428571429,Belize
CO,2022,61.086383826007044,Colombia
FJ,2022,73.54841402337229,Fiji
IT,2022,14.184968152866242,Italy
LE,2022,34.596774193548384,Lebanon
MJ,2022,41.63217953594523,Montenegro
PO,2022,21.157022106631988,Portugal
SA,2022,107.5391304347826,Saudi Arabia
WI,2022,13.333333333333334,Western Sahara
AE,2022,2.074792243767313,United Arab Emirates
BR,2015,69.78951048951049,Brazil
SF,2015,37.074472243940576,South Africa
EG,2015,32.46762589928058,Egypt
MG,2015,42.812551610239474,Mongolia
IV,2015,78.56392294220666,Cote D'Ivoire
BK,2019,35.00791366906475,Bosnia and Herzegovina
CF,2019,85.54699407281964,Congo (Brazzaville)
GQ,2019,70.76397107166338,Guam [United States]
GY,2019,58.34735202492212,Guyana
JN,2019,17.0,Jan Mayen [Norway]
MI,2019,75.19148936170212,Malawi
NL,2019,23.486453814975466,Netherlands
PO,2019,30.219347980155916,Portugal
AO,2019,50.421052631578945,Angola
ET,2019,66.12981744421907,Ethiopia
CG,2019,135.98969072164948,Congo (Kinshasa)
BE,2000,48.49579831932773,Belgium
KZ,2000,8.668703067328497,Kazakhstan
MP,2000,42.51018973998595,Mauritius
PE,2000,63.49217002237136,Peru
SF,2000,33.649270343804105,South Africa
UC,2000,38.13186813186813,Curacao
UV,2000,61.427937915742795,Burkina Faso
CH,1999,19.535270114062087,China
HU,1999,21.585043988269796,Hungary
NN,1999,46.70545454545454,Sint Maarten
CF,1999,95.7127659574468,Congo (Brazzaville)
BP,1999,54.07575757575758,Solomon Islands
CD,1999,35.74074074074074,Chad
SN,1999,40.4367816091954,Singapore
AR,1990,38.565845369583684,Argentina
BB,1990,37.93262411347518,Barbados
EC,1990,42.93850520340587,Ecuador
GV,1990,65.71411483253588,Guinea
JN,1990,20.602739726027398,Jan Mayen [Norway]
MQ,1990,24.021459227467812,Midway Islands [United States}
RI,1990,12.368949771689497,Serbia
RS,1990,15.545611405332634,Russia
CT,1990,160.1904761904762,Central African Republic
CI,1989,19.618367896579585,Chile
MA,1989,74.70592783505154,Madagascar
MU,1989,1.9246671338472319,Oman
TS,1989,6.87768115942029,Tunisia
FS,1986,45.399022801302934,French Southern and Antarctic Lands [France]
MZ,1986,30.905233380480905,Mozambique
NN,1986,36.192567567567565,Sint Maarten
NZ,1986,34.68385650224215,New Zealand
TD,1986,45.541463414634144,Trinidad and Tobago
KR,1986,70.70967741935483,Kiribati
BA,1986,0.0,Bahrain
AL,1997,40.18356164383562,Albania
LY,1997,4.128707893413776,Libya
MZ,1997,63.462890625,Mozambique
SP,1997,18.06967560768713,Spain
MJ,1997,37.97478991596638,Montenegro
IV,1973,48.00818521983162,Cote D'Ivoire
GH,1973,62.08571428571429,Ghana
FS,1973,34.921052631578945,French Southern and Antarctic Lands [France]
GP,1970,68.87671232876713,Guadeloupe [France]
JA,1970,47.10107408914763,Japan
KN,1970,26.815850815850816,"Korea, North"
FR,1964,18.90851386780737,France
IV,1964,46.16994535519126,Cote D'Ivoire
SU,1964,14.873790492217081,Sudan
TO,1964,28.630054644808745,Togo
DA,1963,18.504109589041096,Denmark
IN,1963,30.90845918174698,India
PO,1963,47.272511415525116,Portugal
WZ,1963,23.27919383521043,Swaziland
AS,1956,25.866986948004318,Australia
MO,1956,11.018612521150592,Morocco
PM,1956,72.85388127853881,Panama
UZ,1956,7.033940397350993,Uzbekistan
BK,1955,50.257936507936506,Bosnia and Herzegovina
IC,1955,25.607578397212542,Iceland
SP,1955,18.08469462523167,Spain
UG,1955,33.28812785388128,Uganda
UV,1955,31.0013698630137,Burkina Faso
BL,1955,34.131147540983605,Bolivia
EZ,1946,17.487671232876714,Czech Republic
GM,1946,21.894407854616418,Germany
SZ,1946,35.297455968688844,Switzerland
TI,1945,11.314283024197344,Tajikistan
JQ,1945,10.512727272727274,Johnston Atoll [United States]
EC,1945,0.29411764705882354,Ecuador
AU,1930,26.784565916398712,Austria
IS,1930,7.936986301369863,Israel
WZ,1930,18.20958904109589,Swaziland
AU,1929,24.89041095890411,Austria
EZ,1929,11.643835616438356,Czech Republic
GG,1929,14.52640545144804,Georgia
LG,1929,18.010147601476014,Latvia
TS,1929,10.231920199501246,Tunisia
EG,1928,1.1948142957252978,Egypt
GL,1928,11.751366120218579,Greenland [Denmark]
HR,1928,23.881147540983605,Croatia
IN,1928,32.758260013768265,India
AG,1915,16.611879432624114,Algeria
AU,1915,30.10958904109589,Austria
SF,1915,15.467098300442009,South Africa
SI,1915,47.605479452054794,Slovenia
TX,1915,5.14006734006734,Turkmenistan
UP,1914,13.617047061199758,Ukraine
WA,1914,7.352054794520548,Namibia
AG,1913,9.193643512450851,Algeria
LG,1913,17.42240587695133,Latvia
WA,1913,4.138356164383562,Namibia
EZ,1912,14.584699453551913,Czech Republic
LH,1912,17.161202185792348,Lithuania
EG,1911,1.1656576774903686,Egypt
LT,1911,20.504716981132077,Lesotho
SZ,1911,30.659099804305285,Switzerland
GL,1910,7.973640856672158,Greenland [Denmark]
RP,2010,104.59653465346534,Philippines
TH,2010,96.2241486840464,Thailand
SY,2010,55.128571428571426,Syria
AJ,2010,80.63492063492063,Azerbaijan
GV,2010,132.77777777777777,Guinea
FG,2012,83.35139442231076,French Guiana [France]
FK,2012,18.628415300546447,Falkland Islands (Islas Malvinas) [United Kingdom]
TX,2012,45.72571428571428,Turkmenistan
LA,2012,102.7760989010989,Laos
TO,2012,75.27927927927928,Togo
PL,2018,13.942068965517242,Poland
KU,2018,26.9645390070922,Kuwait
NI,2018,152.4655172413793,Nigeria
AG,2020,10.857808022922637,Algeria
FM,2020,99.07412300014678,Federated States of Micronesia
GL,2020,20.955377574370708,Greenland [Denmark]
NP,2020,16.970588235294116,Nepal
PE,2020,70.90194174757282,Peru
MG,2020,57.2015065913371,Mongolia
TO,2020,86.1190130624093,Togo
RE,2004,39.91954022988506,Reunion [France]
VM,2004,36.74246420497362,Vietnam
LA,2004,68.49341438703141,Laos
DR,2004,64.15912208504801,Dominican Republic
CW,2004,45.31147540983606,Cook Islands [New Zealand]
MD,2004,68.60810810810811,Moldova
MV,2004,0.0,Maldives
FJ,2005,77.27128157156221,Fiji
CW,2005,35.82389937106918,Cook Islands [New Zealand]
AG,1983,6.237632737632738,Algeria
EG,1983,23.503311258278146,Egypt
FG,1983,91.44719101123596,French Guiana [France]
MA,1983,64.24,Madagascar
SP,1983,14.532066648909408,Spain
KU,1983,0.4262295081967213,Kuwait
NF,1983,41.3,Norfolk Island [Australia]
FJ,1982,85.5962691538974,Fiji
JA,1982,48.51199238029267,Japan
MK,1982,16.431168831168833,Macedonia
WZ,1982,15.975,Swaziland
BN,1982,77.70757180156657,Benin
AQ,1993,117.39569892473118,American Samoa [United States]
AS,1993,17.040572531183116,Australia
FI,1993,15.338371185935449,Finland
IV,1993,79.80265435660704,Cote D'Ivoire
MO,1993,10.330532212885155,Morocco
GA,1993,44.181347150259064,"Gambia, The"
LH,1985,21.0426614481409,Lithuania
MQ,1985,29.36417910447761,Midway Islands [United States}
PK,1985,0.21074789499752353,Pakistan
SV,1985,10.63728323699422,Svalbard [Norway]
SW,1985,20.25078934402909,Sweden
KN,1985,103.13282732447819,"Korea, North"
CG,1985,48.410714285714285,Congo (Kinshasa)
JQ,1996,20.601092896174862,Johnston Atoll [United States]
TS,1996,11.110107284020328,Tunisia
DR,1996,59.21717990275527,Dominican Republic
CM,1996,84.64772727272727,Cameroon
GL,1995,21.921401907922025,Greenland [Denmark]
KG,1995,6.438910505836576,Kyrgyzstan
RS,1995,15.018537212076719,Russia
ID,2011,173.74844720496895,Indonesia
VE,2011,69.95555555555555,Venezuela
ES,2011,196.88524590163934,El Salvador
AR,2016,59.33476088508208,Argentina
FP,2016,53.237972824091074,French Polynesia
GM,2016,20.451200723204263,Germany
MA,2016,87.02145593869731,Madagascar
RQ,2016,51.60840027769513,Puerto Rico [United States]
SF,2016,44.20222465353756,South Africa
TH,2016,99.1124853534696,Thailand
TX,2016,54.862637362637365,Turkmenistan
UV,2016,82.77489768076398,Burkina Faso
CQ,2017,58.074040219378425,Northern Mariana Islands [United States]
EI,2017,31.791096808795924,Ireland
EZ,2017,36.67079463364293,Czech Republic
FI,2017,17.782735875272405,Finland
IV,2017,76.62839569451563,Cote D'Ivoire
BE,2006,19.130281690140844,Belgium
BU,1979,17.900284900284902,Bulgaria
JQ,1979,21.471232876712328,Johnston Atoll [United States]
ML,1979,16.67065042518961,Mali
TE,1979,33.34117647058824,Tromelin Island [France]
SX,1979,28.379310344827587,South Georgia and the South Sandwich Islands [United Kingdom]
NI,1979,129.875,Nigeria
EN,1976,13.551048059297043,Estonia
LY,1976,41.46153846153846,Libya
NC,1976,413.2967032967033,New Caledonia [France]
NP,1976,4.468085106382978,Nepal
AG,1967,6.158278628738147,Algeria
GB,1967,53.84929356357928,Gabon
IC,1967,28.18310502283105,Iceland
KN,1967,25.83936451897617,"Korea, North"
PO,1967,25.295815823131736,Portugal
SP,1967,15.355486105881466,Spain
AO,1968,14.158523344191096,Angola
AQ,1968,97.39425770308124,American Samoa [United States]
CI,1968,49.20792079207921,Chile
SZ,1968,40.59084699453552,Switzerland
AR,1962,56.3140756302521,Argentina
CH,1962,20.441359843242576,China
KE,1962,15.865205479452055,Kenya
KN,1962,32.29475833900613,"Korea, North"
MP,1962,42.26684931506849,Mauritius
PM,1962,53.43287671232877,Panama
PS,1962,106.57653791130186,Palau
RI,1962,15.000913242009132,Serbia
SY,1962,14.32688588007737,Syria
BO,1961,13.701017888333434,Belarus
HR,1961,28.650790305584827,Croatia
KE,1961,26.620821917808218,Kenya
MC,1961,60.47761194029851,Macau S.A.R
UY,1961,29.94413407821229,Uruguay
VQ,1961,18.016574585635357,Virgin Islands [United States]
LH,1954,20.36655798789008,Lithuania
AM,1953,14.532607756759091,Armenia
TO,1953,36.782876712328765,Togo
UP,1948,13.047419342971711,Ukraine
IT,1942,19.777690802348335,Italy
LT,1942,31.03287671232877,Lesotho
RS,1942,12.139083968768967,Russia
SF,1942,17.99333893761309,South Africa
GG,1941,33.249348958333336,Georgia
LT,1941,17.55799086757991,Lesotho
LY,1941,3.8837579617834397,Libya
IN,1938,34.59469805809647,India
LY,1938,11.346575342465753,Libya
BE,1937,23.635616438356163,Belgium
HR,1937,37.12671232876713,Croatia
LG,1937,15.478976234003657,Latvia
SI,1937,65.17808219178082,Slovenia
SY,1937,9.47237431557989,Syria
UK,1937,24.395652173913042,United Kingdom
BK,1922,26.682191780821917,Bosnia and Herzegovina
TS,1922,5.008028098344205,Tunisia
BC,1916,7.043681747269891,Botswana
BE,1916,27.972677595628415,Belgium
EI,1921,21.611216730038024,Ireland
NG,1921,175.35294117647058,Niger
HR,1920,22.22495446265938,Croatia
MI,1919,0.0,Malawi
MD,1898,9.572602739726028,Moldova
RS,1898,12.1536543095067,Russia
EN,1897,14.84986301369863,Estonia
SW,1897,14.367415143603132,Sweden
BO,1895,17.12758813654169,Belarus
IT,1895,22.86132829280866,Italy
AM,1894,8.07681755829904,Armenia
AS,1894,20.72692862341122,Australia
GL,1894,5.279452054794521,Greenland [Denmark]
LT,1894,24.554945054945055,Lesotho
KG,1893,7.589041095890411,Kyrgyzstan
US,1893,28.347755023946817,United States
FR,1892,19.99288451012589,France
HR,1892,26.520036429872494,Croatia
AG,1891,11.759820426487094,Algeria
CY,1886,10.95068493150685,Cyprus
NL,1886,19.394769613947695,Netherlands
GL,1884,3.650273224043716,Greenland [Denmark]
AG,1879,11.063949402670415,Algeria
NO,1879,25.167123287671235,Norway
FR,1878,31.561643835616437,France
US,1875,29.07427447122479,United States
SF,1874,16.337671232876712,South Africa
EZ,1873,10.961643835616439,Czech Republic
AS,1872,21.309115646258505,Australia
EZ,1870,10.767123287671232,Czech Republic
HO,2014,42.40309278350515,Honduras
LO,2014,21.65825562260011,Slovakia
SN,2014,42.558904109589044,Singapore
ES,2014,124.88,El Salvador
BU,2003,29.240037950664135,Bulgaria
IN,2003,27.11413043478261,India
JA,2003,96.75987266626517,Japan
RE,2003,49.660493827160494,Reunion [France]
TD,2003,33.54406130268199,Trinidad and Tobago
CT,2003,49.77372262773723,Central African Republic
NP,2003,4.435897435897436,Nepal
AG,1984,12.702553400441934,Algeria
PA,1984,45.44602128737962,Paraguay
CT,1984,96.81401617250674,Central African Republic
SL,1984,3.4225352112676055,Sierra Leone
BF,1992,40.08945686900959,"Bahamas, The"
CY,1992,15.154191616766466,Cyprus
IN,1992,30.89399779735683,India
SZ,1992,37.65266393442623,Switzerland
UC,1992,18.75432525951557,Curacao
GI,1992,21.537634408602152,Gibraltar [United Kingdom]
CM,1992,88.77989130434783,Cameroon
GT,1981,31.222551928783382,Guatemala
SH,1981,70.21917808219177,Saint Helena [United Kingdom]
BE,1988,27.44808743169399,Belgium
IT,1988,17.718013856812934,Italy
TN,1988,59.58561643835616,Tonga
QA,1988,0.0,Qatar
BN,1974,32.65192956163357,Benin
BR,1974,38.43198131795514,Brazil
NG,1974,10.153179849555505,Niger
SU,1974,11.914788004136504,Sudan
ZA,1974,32.81888306078371,Zambia
NI,1974,265.5,Nigeria
LT,1980,13.982658959537572,Lesotho
MT,1980,13.568027210884354,Malta
TH,1980,44.209428452231954,Thailand
CJ,1977,50.1013698630137,Cayman Islands [United Kingdom]
TU,1977,19.988290807409996,Turkey
WF,1977,4.115702479338843,Wallis and Futuna [France]
TV,1977,275.11764705882354,Tuvalu
TL,1977,842.5,Tokelau [New Zealand]
ES,1977,737.4285714285714,El Salvador
BK,1969,37.364814814814814,Bosnia and Herzegovina
LE,1969,19.698630136986303,Lebanon
MT,1969,86.02380952380952,Malta
TO,1969,30.432876712328767,Togo
UP,1969,16.663923447824274,Ukraine
ZI,1969,26.032850870060173,Zimbabwe
GP,1966,63.50684931506849,Guadeloupe [France]
JN,1966,14.942465753424658,Jan Mayen [Norway]
DO,1972,200.8306010928962,Dominica
IS,1972,10.259562841530055,Israel
MX,1972,27.19616921727264,Mexico
PS,1972,94.54670599803343,Palau
TI,1972,13.733886848688062,Tajikistan
EG,1960,1.2436064152579107,Egypt
EN,1960,15.358717574240211,Estonia
RM,1960,63.17451690821256,Marshall Islands
SV,1960,17.169398907103826,Svalbard [Norway]
GQ,1959,45.541369472182595,Guam [United States]
KG,1959,11.605897771952819,Kyrgyzstan
LO,1952,21.22554347826087,Slovakia
RO,1952,19.940855030536806,Romania
RQ,1952,52.24104118381173,Puerto Rico [United States]
SV,1952,9.942622950819672,Svalbard [Norway]
LE,1951,20.648731744811684,Lebanon
MD,1951,10.027737924438068,Moldova
MQ,1951,23.454794520547946,Midway Islands [United States}
PO,1944,18.118700667880997,Portugal
UP,1944,12.11418458311484,Ukraine
LE,1944,26.565656565656564,Lebanon
CA,1943,20.785324766481292,Canada
HU,1943,15.910136986301369,Hungary
KS,1943,28.013698630136986,"Korea, South"
UK,1943,21.353769433851568,United Kingdom
BC,1934,15.582752439753037,Botswana
GL,1934,11.678082191780822,Greenland [Denmark]
IT,1934,25.740900195694717,Italy
PK,1934,17.64452588181402,Pakistan
PO,1934,45.205479452054796,Portugal
TX,1934,4.220031796502385,Turkmenistan
HU,1933,18.685479452054796,Hungary
KZ,1933,5.599539232958396,Kazakhstan
EI,1932,23.982695810564664,Ireland
NL,1932,20.582435597189697,Netherlands
LY,1931,8.01497646555413,Libya
SG,1931,6.387387387387387,Senegal
TU,1931,95.73573573573573,Turkey
UP,1931,14.988650963597431,Ukraine
SY,1931,10.863198458574182,Syria
AU,1926,31.400913242009132,Austria
SW,1926,15.370477177488397,Sweden
VQ,1925,23.92054794520548,Virgin Islands [United States]
LH,1923,20.483578708946773,Lithuania
GG,1903,25.385146804835923,Georgia
WZ,1903,25.027173913043477,Swaziland
SZ,1902,35.87749510763209,Switzerland
HR,1901,25.626364399664148,Croatia
UP,1900,9.770302121277052,Ukraine
MD,1899,9.934246575342465,Moldova
IT,1863,24.42983565107459,Italy
HR,1861,11.259445843828715,Croatia
HR,1858,26.319218241042346,Croatia
UK,1857,20.185595567867036,United Kingdom
SW,1854,11.084931506849315,Sweden
NL,1851,21.432876712328767,Netherlands
IT,1839,33.88173455978975,Italy
EZ,1809,11.038356164383561,Czech Republic
IS,2009,9.070869224745497,Israel
SY,2009,43.61904761904762,Syria
PU,2009,367.5,Guinea-Bissau
BR,2007,75.64559819413093,Brazil
UK,2007,26.306463305013484,United Kingdom
VM,2007,52.873528825054855,Vietnam
UY,2007,83.68698196001951,Uruguay
CF,2013,81.03273040482343,Congo (Brazzaville)
FR,2013,23.254462672544626,France
TU,2013,16.00430007938608,Turkey
UZ,2013,52.90184049079755,Uzbekistan
MZ,2013,72.9464493597206,Mozambique
BN,2013,70.00445765230312,Benin
AE,2021,0.0,United Arab Emirates
BK,2021,32.850267379679146,Bosnia and Herzegovina
EZ,2021,29.584063950489945,Czech Republic
PK,2021,42.50655294362388,Pakistan
SI,2021,34.42420091324201,Slovenia
SY,2021,93.08510638297872,Syria
ZA,2021,160.6,Zambia
AM,2002,11.040572792362768,Armenia
JN,2002,14.183561643835617,Jan Mayen [Norway]
MT,2002,13.699346405228757,Malta
MZ,2002,54.37565674255692,Mozambique
QA,2002,35.0,Qatar
NF,2002,40.608695652173914,Norfolk Island [Australia]
GH,2002,32.53191489361702,Ghana
PK,2001,69.80288461538461,Pakistan
RS,2001,15.418132611637347,Russia
WQ,2001,30.776859504132233,Wake Island [United States]
MR,2001,54.25833333333333,Mauritania
CO,1998,43.88068181818182,Colombia
EN,1998,21.436487034035657,Estonia
GR,1998,17.16584294343767,Greece
IO,1998,72.6027397260274,British Indian Ocean Territory [United Kingdom]
SE,1998,58.41095890410959,Seychelles
MV,1998,1.2574850299401197,Maldives
RW,1998,25.943396226415093,Rwanda
IS,1991,18.57136946628051,Israel
RS,1991,13.862912410738497,Russia
TH,1991,39.41019307027238,Thailand
VM,1991,9.858807709547289,Vietnam
WZ,1991,33.913162705667276,Swaziland
CJ,1991,7.823008849557522,Cayman Islands [United Kingdom]
KU,1991,0.3541666666666667,Kuwait
AY,1994,12.057908070937387,Antarctica
BB,1994,35.5503144654088,Barbados
IS,1994,17.524701195219123,Israel
KN,1994,143.928,"Korea, North"
CG,1994,60.946107784431135,Congo (Kinshasa)
QA,1994,914.5,Qatar
MV,1987,50.87755102040816,Maldives
NU,1987,42.50131926121372,Nicaragua
WA,1987,9.75621546961326,Namibia
GM,1975,18.784104317046086,Germany
IC,1975,31.172819472616634,Iceland
MG,1975,4.882800608828006,Mongolia
MZ,1975,29.83939601921757,Mozambique
PO,1975,24.85314039408867,Portugal
RO,1975,17.17837837837838,Romania
TO,1975,20.99271844660194,Togo
BB,1975,230.63636363636363,Barbados
CO,1978,47.21312410841655,Colombia
JQ,1978,16.805479452054794,Johnston Atoll [United States]
RS,1978,14.436313278191134,Russia
VM,1978,75.72727272727273,Vietnam
EC,1965,83.89643347050755,Ecuador
BN,1958,25.31356397583745,Benin
HR,1958,28.097135740971357,Croatia
SG,1958,19.747252747252748,Senegal
BU,1958,73.26495726495726,Bulgaria
IC,1957,25.504109589041096,Iceland
KS,1957,29.83562027443293,"Korea, South"
RO,1957,19.65881583251554,Romania
MI,1950,31.74742781281115,Malawi
EG,1949,0.8651603498542274,Egypt
GG,1949,25.864663303356,Georgia
UG,1949,30.92876712328767,Uganda
NG,1939,30.991666666666667,Niger
TX,1939,5.180240320427236,Turkmenistan
WA,1939,9.831050228310502,Namibia
CY,1936,17.80396174863388,Cyprus
LT,1936,19.07559198542805,Lesotho
PO,1936,62.704918032786885,Portugal
NG,1936,50.51903114186851,Niger
EZ,1935,11.24931506849315,Czech Republic
LY,1935,6.503048780487805,Libya
IT,1909,26.26312603192075,Italy
RS,1909,12.349680242342645,Russia
TI,1909,3.106534090909091,Tajikistan
UK,1909,20.98870204939569,United Kingdom
BR,1908,35.7103825136612,Brazil
AM,1906,12.1380042462845,Armenia
SP,1906,13.893150684931507,Spain
SZ,1906,29.899021526418785,Switzerland
TX,1906,6.583379810373676,Turkmenistan
BR,1905,40.2337899543379,Brazil
CU,2023,26.22222222222222,Cuba
MT,2023,10.28,Malta
PP,2023,102.29032258064517,Papua New Guinea
LA,2023,36.083333333333336,Laos
ZA,2023,54.4,Zambia
ML,2023,46.666666666666664,Mali
FR,1904,18.328779599271403,France
KZ,1904,10.316191799861015,Kazakhstan
MX,1904,12.91047355686139,Mexico
RS,1904,11.914288568479238,Russia
