Country_Code,year,avg(Value),Country_Name
AJ,2011,129.64444444444445,Azerbaijan
NI,2011,79.28888888888889,Nigeria
SW,2011,19.794930481364748,Sweden
BX,2011,100.04377104377105,Brunei
CI,2016,9.706999648258881,Chile
NG,2016,65.95203836930456,Niger
CD,2016,79.88418079096046,Chad
AF,2016,1.5,Afghanistan
HO,2017,42.64442759666414,Honduras
LH,2017,42.76740237691002,Lithuania
RM,2017,77.57741067998464,Marshall Islands
SP,2017,13.127524960264186,Spain
UY,2017,40.79289251383629,Uruguay
BU,2006,24.60893470790378,Bulgaria
JU,2006,38.14102564102564,Juan De Nova Island [France]
TS,2006,9.996119733924612,Tunisia
KN,2006,124.46948356807512,"Korea, North"
MJ,2006,159.23222748815166,Montenegro
BC,2014,26.56869565217391,Botswana
LH,2014,36.55197792088317,Lithuania
MO,2014,23.242823894491853,Morocco
SA,2014,74.20879120879121,Saudi Arabia
MK,2014,108.95555555555555,Macedonia
BN,2003,32.68683812405446,Benin
EG,2003,0.994703899855561,Egypt
ID,2003,26.42173340562311,Indonesia
KS,2003,105.06727976766699,"Korea, South"
MU,2003,1.6107843137254902,Oman
MI,2003,91.94736842105263,Malawi
QA,2003,36.92307692307692,Qatar
NF,2003,43.06666666666667,Norfolk Island [Australia]
GQ,1984,65.55016181229773,Guam [United States]
KG,1984,10.428772588594226,Kyrgyzstan
BK,1992,21.270491803278688,Bosnia and Herzegovina
JN,1992,20.688524590163933,Jan Mayen [Norway]
NL,1992,22.81106958384076,Netherlands
GV,1992,49.65113871635611,Guinea
NU,1992,42.857142857142854,Nicaragua
CJ,1981,33.704109589041096,Cayman Islands [United Kingdom]
CW,1981,16.0,Cook Islands [New Zealand]
FJ,1981,55.44046920821114,Fiji
JA,1981,45.46344937513778,Japan
VE,1981,49.789806347498654,Venezuela
JU,1981,21.885714285714286,Juan De Nova Island [France]
NS,1981,17.385964912280702,Suriname
NI,1981,180.66666666666666,Nigeria
BL,1988,60.38016224188791,Bolivia
GI,1988,15.44636678200692,Gibraltar [United Kingdom]
NS,1988,66.78594249201278,Suriname
RE,1988,48.26132404181185,Reunion [France]
RS,1988,13.773269653551663,Russia
SH,1988,80.92537313432835,Saint Helena [United Kingdom]
UK,1988,26.838713183349636,United Kingdom
CJ,1988,46.8235294117647,Cayman Islands [United Kingdom]
AU,1974,30.377259475218658,Austria
BU,1974,15.228601252609604,Bulgaria
IO,1974,45.16164383561644,British Indian Ocean Territory [United Kingdom]
MX,1974,26.8232036052399,Mexico
NH,1974,18.803289924605895,Vanuatu
SV,1974,17.493150684931507,Svalbard [Norway]
UZ,1974,6.59735907767184,Uzbekistan
RW,1974,0.0,Rwanda
SH,1980,88.85245901639344,Saint Helena [United Kingdom]
CA,1977,24.231376537421035,Canada
CU,1977,23.338797814207652,Cuba
SF,1977,17.244324601560496,South Africa
AJ,1966,14.509303012404017,Azerbaijan
HO,1966,52.0406976744186,Honduras
KS,1966,45.87702753677858,"Korea, South"
NO,1966,30.315017099175215,Norway
PL,1966,17.80821917808219,Poland
TI,1966,13.920571656322952,Tajikistan
ZA,1966,27.098475420037335,Zambia
AS,1972,17.075321328839106,Australia
CD,1972,17.635716242125444,Chad
MD,1972,17.2760347129506,Moldova
MG,1972,3.758348512446873,Mongolia
ET,1960,30.05877034358047,Ethiopia
GQ,1960,57.53499132446501,Guam [United States]
SZ,1960,48.531261699737925,Switzerland
UP,1960,16.731274427159168,Ukraine
NZ,1960,26.74585635359116,New Zealand
AG,1959,6.2480045610034205,Algeria
BN,1959,37.71217105263158,Benin
CT,1959,26.157719714964372,Central African Republic
GB,1959,69.39280709948622,Gabon
GM,1959,15.827669879951186,Germany
CH,1952,24.866424752539025,China
FM,1952,100.7761452031115,Federated States of Micronesia
HU,1952,19.318229715489988,Hungary
AM,1951,16.948658210371903,Armenia
GV,1951,64.88972602739726,Guinea
KS,1951,27.669538325601945,"Korea, South"
CB,1951,49.529411764705884,Cambodia
IN,1944,36.54090565488356,India
SF,1944,14.910921775698844,South Africa
WZ,1944,23.456968350916156,Swaziland
BN,1943,41.0364238410596,Benin
DA,1943,16.549510763209394,Denmark
ER,1943,15.164383561643836,Eritrea
SF,1943,20.28307504119532,South Africa
HU,1934,14.207123287671234,Hungary
BC,1933,9.817416829745596,Botswana
EZ,1933,8.95890410958904,Czech Republic
SF,1933,13.334110213244148,South Africa
AU,1931,28.831963470319636,Austria
KG,1931,10.922967189728958,Kyrgyzstan
AS,1926,15.806425232090344,Australia
EN,1925,19.742948038176035,Estonia
HR,1925,33.32694063926941,Croatia
UP,1925,16.500727096461464,Ukraine
US,1925,22.360460876644574,United States
HU,1924,15.467213114754099,Hungary
RS,1924,11.597914570566175,Russia
SZ,1924,38.175644028103044,Switzerland
UZ,1924,8.431693989071038,Uzbekistan
AS,1923,15.726235594805011,Australia
EZ,1923,14.347945205479451,Czech Republic
LE,1923,16.97808219178082,Lebanon
LY,1923,9.008241758241759,Libya
SZ,1923,43.347945205479455,Switzerland
BO,1917,20.5254110612855,Belarus
EN,1903,16.937007874015748,Estonia
BO,1902,16.364947310038826,Belarus
KZ,1902,11.276335129838314,Kazakhstan
NL,1902,17.727123287671233,Netherlands
GL,1901,20.778082191780822,Greenland [Denmark]
SI,1901,47.61917808219178,Slovenia
HR,1899,20.863013698630137,Croatia
UK,1865,22.442307692307693,United Kingdom
HR,1863,17.987373737373737,Croatia
EZ,1851,13.276712328767124,Czech Republic
IT,1849,18.553424657534247,Italy
US,1845,31.697802197802197,United States
UK,1840,15.566939890710383,United Kingdom
UK,1829,15.375342465753425,United Kingdom
IT,1823,15.144560357675111,Italy
IT,1819,18.936986301369863,Italy
GM,1803,19.63013698630137,Germany
GM,1800,16.016438356164382,Germany
IN,2010,116.16993320924121,India
LH,2010,42.56941649899397,Lithuania
UK,2010,23.578827201525968,United Kingdom
ML,2010,75.78485370051635,Mali
PU,2010,0.0,Guinea-Bissau
FR,2012,21.46443544375755,France
SF,2012,43.12679738562092,South Africa
AJ,2012,112.54597701149426,Azerbaijan
NP,2012,49.97546012269939,Nepal
SG,2012,106.48435923309788,Senegal
CI,2018,12.472074468085106,Chile
JN,2018,18.649315068493152,Jan Mayen [Norway]
UP,2018,28.380595369349503,Ukraine
JU,2018,60.035714285714285,Juan De Nova Island [France]
CU,2018,51.895833333333336,Cuba
CD,2018,73.72705882352942,Chad
GQ,2020,74.72526690391459,Guam [United States]
IR,2020,9.642167638344644,Iran
KN,2020,163.0,"Korea, North"
LG,2020,14.560109289617486,Latvia
NL,2020,23.281713016408844,Netherlands
BE,2020,21.98083067092652,Belgium
SP,2004,14.406576723668758,Spain
FK,2004,13.945686900958467,Falkland Islands (Islas Malvinas) [United Kingdom]
RW,2005,45.42028985507246,Rwanda
SF,2005,23.418198409594577,South Africa
TU,2005,20.388094139363176,Turkey
BF,1983,59.66554054054054,"Bahamas, The"
CE,1983,19.892230576441104,Sri Lanka
MD,1983,11.065753424657535,Moldova
RS,1983,14.742023051373288,Russia
VM,1983,0.15514018691588785,Vietnam
ZI,1983,13.456107230507834,Zimbabwe
TO,1983,81.36347197106691,Togo
NP,1983,67.34426229508196,Nepal
BC,1982,9.338428262436913,Botswana
BE,1982,21.90684931506849,Belgium
GM,1982,20.61821553785033,Germany
GT,1982,29.85753424657534,Guatemala
KE,1982,30.903042596348886,Kenya
KS,1982,64.38237243207422,"Korea, South"
MA,1982,74.09025407660219,Madagascar
WI,1982,0.3194444444444444,Western Sahara
AL,1993,35.465753424657535,Albania
CA,1993,23.77506727583222,Canada
CE,1993,39.21837708830549,Sri Lanka
IC,1993,34.87545620437956,Iceland
JN,1993,18.994520547945207,Jan Mayen [Norway]
PL,1993,21.12949976624591,Poland
KR,1993,137.29677419354837,Kiribati
FS,1985,51.733333333333334,French Southern and Antarctic Lands [France]
LU,1985,19.980074719800747,Luxembourg
SN,1985,58.07326007326007,Singapore
LE,1985,3.9316239316239314,Lebanon
BR,1996,43.0753221850521,Brazil
MA,1996,74.21529452290734,Madagascar
SI,1996,40.900091102338294,Slovenia
UK,1996,21.905245856731955,United Kingdom
SU,1996,24.4,Sudan
BU,1995,20.64666666666667,Bulgaria
CQ,1995,52.96543408360129,Northern Mariana Islands [United States]
FK,1995,17.908783783783782,Falkland Islands (Islas Malvinas) [United Kingdom]
MZ,1995,49.8692070030896,Mozambique
PK,1995,3.1908619572261827,Pakistan
RP,1995,58.156646673176176,Philippines
WQ,1995,19.726027397260275,Wake Island [United States]
CF,1979,41.83121362362578,Congo (Brazzaville)
EN,1979,16.302840727736992,Estonia
GB,1979,50.6467522052927,Gabon
GP,1979,84.35026737967914,Guadeloupe [France]
VQ,1979,52.02213558043013,Virgin Islands [United States]
AO,1979,0.0,Angola
KN,1976,0.1918075422626788,"Korea, North"
SE,1976,55.945205479452056,Seychelles
SV,1976,15.429850746268658,Svalbard [Norway]
ID,1976,2.5076622106292796,Indonesia
TE,1976,6.783783783783784,Tromelin Island [France]
IT,1967,25.636104783599087,Italy
KE,1967,24.895342465753426,Kenya
US,1967,23.430160713617568,United States
PO,1968,36.481459797033565,Portugal
AG,1962,7.119197707736389,Algeria
FG,1962,89.34246575342466,French Guiana [France]
MD,1962,14.617364391594723,Moldova
MG,1962,5.095890410958904,Mongolia
SI,1962,45.679756468797564,Slovenia
GI,1961,64.75352112676056,Gibraltar [United Kingdom]
GL,1954,11.560424966799468,Greenland [Denmark]
IV,1954,59.38430884184309,Cote D'Ivoire
LT,1954,21.500456621004567,Lesotho
SZ,1954,39.99843444227006,Switzerland
BF,1954,42.660633484162894,"Bahamas, The"
CB,1953,62.75879396984924,Cambodia
KZ,1953,9.644749189558096,Kazakhstan
NH,1953,104.69258589511755,Vanuatu
UG,1953,31.25972602739726,Uganda
UV,1953,28.318721461187213,Burkina Faso
LA,1953,82.30798479087453,Laos
BN,1942,43.34903047091413,Benin
BR,1942,28.118586783015857,Brazil
GL,1942,16.554794520547944,Greenland [Denmark]
SP,1942,15.947673907308065,Spain
UP,1942,10.207817803569473,Ukraine
BR,1941,28.139581872422358,Brazil
KZ,1941,9.216167551175133,Kazakhstan
JN,1941,15.016260162601625,Jan Mayen [Norway]
BR,1938,24.37376323331148,Brazil
LG,1938,15.061355311355312,Latvia
NO,1938,37.93789381403759,Norway
UY,1938,30.84931506849315,Uruguay
IS,1937,9.316438356164383,Israel
SP,1937,14.755665942253959,Spain
LG,1922,10.81542699724518,Latvia
DA,1916,20.730288836846213,Denmark
EI,1916,26.726168224299066,Ireland
IS,1916,16.19672131147541,Israel
MD,1916,12.281420765027322,Moldova
NO,1916,30.739835396736073,Norway
GM,1921,16.187026371627766,Germany
NO,1921,35.17273551898406,Norway
SZ,1921,25.387084148727983,Switzerland
CA,1918,20.92048679942332,Canada
EG,1918,1.6821097647897363,Egypt
WZ,1918,34.01783723522854,Swaziland
NG,1918,146.0212765957447,Niger
DA,1920,18.17946851110302,Denmark
WZ,1920,31.379781420765028,Swaziland
AS,1919,13.171799151367196,Australia
KZ,1919,11.70332024277044,Kazakhstan
UP,1919,15.301053687907677,Ukraine
EG,2009,20.323529411764707,Egypt
PE,2009,68.33400402414487,Peru
JM,2009,29.983957219251337,Jamaica
EN,2007,19.35257410296412,Estonia
FS,2007,39.45454545454545,French Southern and Antarctic Lands [France]
LO,2007,21.207464324917673,Slovakia
MX,2007,24.816298583243846,Mexico
PO,2007,58.8546845124283,Portugal
SZ,2007,40.22842465753425,Switzerland
VQ,2007,26.799115044247788,Virgin Islands [United States]
CE,2007,37.901681759379045,Sri Lanka
NU,2007,9.923076923076923,Nicaragua
DR,2013,46.47104247104247,Dominican Republic
MX,2013,19.001457710089745,Mexico
SF,2013,43.02782290820471,South Africa
CV,2013,47.032786885245905,Cape Verde
CD,2013,74.58730158730158,Chad
BO,1898,14.013698630136986,Belarus
EN,1898,16.229654403567448,Estonia
EZ,1898,10.715068493150685,Czech Republic
US,1898,27.48508765622859,United States
IT,1897,22.743318096262435,Italy
RS,1897,11.808096584912828,Russia
GL,1896,3.5397260273972604,Greenland [Denmark]
KZ,1896,7.536158452326117,Kazakhstan
GG,1893,51.822535211267606,Georgia
BO,1892,13.427097661623108,Belarus
MD,1892,9.85989010989011,Moldova
TS,1892,10.211567732115677,Tunisia
BE,1890,22.197260273972603,Belgium
KG,1890,12.903314917127071,Kyrgyzstan
NL,1890,18.407762557077625,Netherlands
CA,1889,21.103765621120584,Canada
CY,1889,10.128767123287671,Cyprus
EI,1888,21.434426229508198,Ireland
EZ,1886,14.35890410958904,Czech Republic
SF,1886,14.543771630939286,South Africa
SW,1884,13.297660721231317,Sweden
US,1884,32.20462743481397,United States
UZ,1884,6.0109289617486334,Uzbekistan
CY,1883,14.602739726027398,Cyprus
EI,1881,24.28904109589041,Ireland
KG,1881,14.091666666666667,Kyrgyzstan
RS,1879,55.794520547945204,Russia
CA,1877,22.69525050337558,Canada
EZ,1876,11.352459016393443,Czech Republic
UK,1875,27.522374429223746,United Kingdom
EZ,1872,10.816939890710383,Czech Republic
US,1872,26.63981098641465,United States
AG,2008,9.540155695703588,Algeria
SB,2008,34.46153846153846,Saint Pierre and Miquelon [France]
SV,2008,12.124633431085044,Svalbard [Norway]
UV,2008,80.42717086834733,Burkina Faso
PA,2021,96.56763754045308,Paraguay
CT,2021,92.86666666666666,Central African Republic
KZ,2021,129.97058823529412,Kazakhstan
DA,2022,15.184357541899441,Denmark
TS,2022,5.1527857553130385,Tunisia
DR,2022,55.474125874125875,Dominican Republic
AO,2022,293.15384615384613,Angola
MX,2002,23.045341027276937,Mexico
RM,2002,69.35795246800731,Marshall Islands
SW,2002,17.458536017776176,Sweden
PA,2002,54.31482040446725,Paraguay
MG,2002,7.362110796603316,Mongolia
FJ,2002,92.79683377308707,Fiji
TI,2002,16.90566037735849,Tajikistan
AF,2002,15.071428571428571,Afghanistan
AG,2001,36.94093457943925,Algeria
EN,2001,24.679036041799957,Estonia
NO,2001,32.69754395931156,Norway
PO,2001,65.03306727480046,Portugal
RQ,2001,45.642686621981454,Puerto Rico [United States]
SP,2001,15.600942126514132,Spain
ZA,2001,92.75,Zambia
BC,2015,16.50176056338028,Botswana
FM,2015,97.58680608949716,Federated States of Micronesia
GY,2015,57.27979274611399,Guyana
IT,2015,19.053945384486514,Italy
NL,2015,28.036690196078432,Netherlands
WA,2015,35.58575197889182,Namibia
SG,2015,102.84128878281624,Senegal
SA,2015,120.75308641975309,Saudi Arabia
JO,2015,46.52,Jordan
FJ,1998,35.999285203716944,Fiji
FP,1998,54.91084523350058,French Polynesia
IN,1998,32.51425037642504,India
KN,1998,152.19202898550725,"Korea, North"
KZ,1998,5.045702698486975,Kazakhstan
MZ,1998,56.15206929740135,Mozambique
SF,1998,16.172741345341965,South Africa
UY,1998,43.89044323369165,Uruguay
GG,1991,29.786874549263366,Georgia
KE,1991,27.151920438957475,Kenya
LY,1991,7.203521894966495,Libya
PK,1991,2.288964033200123,Pakistan
JU,1991,126.84873949579831,Juan De Nova Island [France]
FK,1991,12.473282442748092,Falkland Islands (Islas Malvinas) [United Kingdom]
LE,1991,0.0,Lebanon
BE,2019,63.383720930232556,Belgium
BO,2019,28.400774443368828,Belarus
LG,2019,18.614525139664803,Latvia
PS,2019,77.73992673992674,Palau
RS,2019,14.659338253839088,Russia
TH,2019,87.70945662802067,Thailand
KZ,2019,150.72413793103448,Kazakhstan
QA,2019,24.764705882352942,Qatar
PL,1994,20.964535697620157,Poland
BX,1994,81.50541516245487,Brunei
FK,1994,13.856677524429967,Falkland Islands (Islas Malvinas) [United Kingdom]
EU,1994,23.00888888888889,Europa Island [France]
TZ,1994,55.100278551532035,Tanzania
CQ,2000,60.616361071932296,Northern Mariana Islands [United States]
GG,2000,40.14758269720102,Georgia
PA,2000,92.61818181818182,Paraguay
AY,1987,8.857559836544075,Antarctica
CV,1987,3.3981481481481484,Cape Verde
EN,1987,18.485563469855,Estonia
GQ,1987,53.13277880468269,Guam [United States]
KR,1987,89.23863636363636,Kiribati
TN,1987,33.27467811158798,Tonga
BB,1987,42.509727626459146,Barbados
IV,1987,87.82019115890084,Cote D'Ivoire
BX,1987,85.67336683417085,Brunei
CY,1975,19.665068493150685,Cyprus
ID,1975,4.097883597883598,Indonesia
PA,1975,37.5958904109589,Paraguay
FM,1999,113.59286169534735,Federated States of Micronesia
JA,1999,64.45523059906886,Japan
CM,1999,84.0,Cameroon
MZ,1999,65.34210526315789,Mozambique
VE,1999,51.10790598290598,Venezuela
AS,1978,21.38090520230364,Australia
BB,1978,442.6923076923077,Barbados
ET,1978,26.834393553859204,Ethiopia
GR,1978,16.63865096359743,Greece
NG,1978,12.46742209631728,Niger
SG,1978,16.27915470910514,Senegal
SW,1978,16.04029711986648,Sweden
SY,1978,12.61187214611872,Syria
UK,1978,24.068007763323543,United Kingdom
BL,1990,63.491068630523344,Bolivia
JA,1990,104.05787435456111,Japan
MK,1990,13.175853018372704,Macedonia
MO,1990,9.754495699765442,Morocco
TI,1990,12.351240739781382,Tajikistan
CM,1990,53.78787878787879,Cameroon
NG,1990,52.07573632538569,Niger
IC,1971,31.309132420091323,Iceland
IT,1971,21.612514757969304,Italy
KZ,1971,7.7682218394616624,Kazakhstan
MY,1971,11.124223602484472,Malaysia
GP,1965,48.57534246575342,Guadeloupe [France]
IV,1965,44.040821917808216,Cote D'Ivoire
LT,1965,11.75068493150685,Lesotho
WZ,1965,14.487016733987305,Swaziland
AJ,1989,9.099077191669783,Azerbaijan
CV,1989,0.19262295081967212,Cape Verde
EG,1989,32.71823204419889,Egypt
ID,1989,29.76741293532338,Indonesia
IT,1989,18.793051708217913,Italy
MQ,1989,35.76,Midway Islands [United States}
TU,1989,17.39727219965177,Turkey
NF,1989,66.98936170212765,Norfolk Island [Australia]
GH,1989,63.157407407407405,Ghana
AQ,1958,97.68619662363456,American Samoa [United States]
BY,1986,31.78857142857143,Burundi
MG,1986,4.617496589358799,Mongolia
MT,1986,14.397683397683398,Malta
PE,1986,28.102990033222593,Peru
NF,1986,47.06273062730627,Norfolk Island [Australia]
CM,1986,120.66060606060606,Cameroon
BH,1986,71.7707509881423,Belize
LA,1986,102.07142857142857,Laos
AU,1957,28.683718861209965,Austria
LY,1957,8.612590372068418,Libya
TZ,1957,30.777117973079967,Tanzania
LA,1957,20.0,Laos
KR,1950,10.515068493150684,Kiribati
RO,1950,12.893835616438356,Romania
RP,1950,63.524126455906824,Philippines
UY,1949,27.56111111111111,Uruguay
TH,1949,71.09608540925267,Thailand
GG,1997,32.426600985221675,Georgia
SE,1997,97.67123287671232,Seychelles
TU,1997,26.701938711694808,Turkey
WQ,1997,26.53972602739726,Wake Island [United States]
SU,1997,35.75,Sudan
CY,1973,9.808219178082192,Cyprus
TU,1973,18.94927366447985,Turkey
TZ,1973,24.672452268782543,Tanzania
ZI,1973,21.6372829934266,Zimbabwe
RE,1973,35.671875,Reunion [France]
GQ,1970,56.816118935837245,Guam [United States]
IC,1970,33.010502283105026,Iceland
PS,1970,78.8889970788705,Palau
TX,1940,4.272288381074992,Turkmenistan
RI,1939,21.356164383561644,Serbia
RO,1939,20.54481409001957,Romania
AR,1964,57.92849846782431,Argentina
AU,1964,31.685739055049847,Austria
EZ,1964,11.48360655737705,Czech Republic
GB,1964,50.46476673823931,Gabon
MD,1964,14.375512133627481,Moldova
SW,1964,15.011715952892423,Sweden
BE,1936,20.379781420765028,Belgium
TI,1936,7.208590918780644,Tajikistan
HR,1935,23.177397260273974,Croatia
PK,1935,20.4321608040201,Pakistan
HU,1908,14.827868852459016,Hungary
GQ,1963,90.98583146905294,Guam [United States]
KN,1963,27.533639143730888,"Korea, North"
BO,1905,17.333698630136986,Belarus
CW,2023,67.36538461538461,Cook Islands [New Zealand]
HU,2023,22.325259515570934,Hungary
PE,2023,67.34955752212389,Peru
RS,2023,9.176414982866596,Russia
LG,2023,0.0,Latvia
US,1904,23.289728593964018,United States
RS,1956,14.066180835527586,Russia
UK,1956,20.519752259792433,United Kingdom
CT,1955,44.85849852382961,Central African Republic
LA,1955,38.888888888888886,Laos
KG,1946,10.304970341583147,Kyrgyzstan
KE,1945,5.778082191780822,Kenya
KZ,1945,8.04784665777023,Kazakhstan
VQ,1945,22.14246575342466,Virgin Islands [United States]
TD,1945,50.54237288135593,Trinidad and Tobago
AJ,1930,13.134931506849314,Azerbaijan
LE,1930,12.920542635658915,Lebanon
EG,1929,2.251655629139073,Egypt
MO,1929,9.95045045045045,Morocco
RQ,1929,40.59681697612732,Puerto Rico [United States]
CA,1928,21.01283461520067,Canada
DA,1928,18.82357533177205,Denmark
EZ,1927,12.873972602739727,Czech Republic
IN,1927,34.39431192380254,India
NO,1927,29.665251450098665,Norway
SI,1927,43.64383561643836,Slovenia
UZ,1927,4.802739726027397,Uzbekistan
IS,1914,10.947945205479453,Israel
TX,1914,6.055299539170507,Turkmenistan
IN,1910,35.69988544756052,India
MO,1910,9.952513966480447,Morocco
