Country_Code,year,avg(Value),Country_Name
CF,2009,85.5056603773585,Congo (Brazzaville)
DA,2009,20.602702702702704,Denmark
LO,2009,20.12821917808219,Slovakia
TS,2009,10.688397790055248,Tunisia
UK,2009,28.916129032258066,United Kingdom
FK,2009,22.25574712643678,Falkland Islands (Islas Malvinas) [United Kingdom]
PK,2007,21.440541048281045,Pakistan
RS,2007,15.22381037491852,Russia
SN,2007,73.40389972144847,Singapore
TS,2007,10.109505280711506,Tunisia
MU,2007,34.38529411764706,Oman
BG,2013,68.74187287724406,Bangladesh
FJ,2013,73.460777385159,Fiji
IR,2013,6.446747812856599,Iran
KE,2013,54.60831889081456,Kenya
MF,2013,26.43646408839779,Mayotte [France]
SV,2013,12.2782874617737,Svalbard [Norway]
SA,2013,154.42857142857142,Saudi Arabia
MK,2013,86.6734693877551,Macedonia
FP,2021,35.30075901328273,French Polynesia
LE,2021,25.628865979381445,Lebanon
UK,2021,24.815616152585307,United Kingdom
BO,2002,15.16497168612042,Belarus
FM,2002,108.59233242052625,Federated States of Micronesia
GG,2002,47.70612244897959,Georgia
UP,2002,31.12658293009369,Ukraine
UZ,2002,11.086757581195048,Uzbekistan
TO,2002,56.338568935427574,Togo
KR,2002,140.3793103448276,Kiribati
BP,2002,88.57303370786516,Solomon Islands
PL,2001,42.13269384492406,Poland
SN,2001,81.70847457627119,Singapore
CM,2001,129.68421052631578,Cameroon
ML,2001,66.54048964218455,Mali
AR,1991,37.88014481707317,Argentina
EI,1991,29.311666193585012,Ireland
ES,1991,43.78326474622771,El Salvador
LU,1991,18.11357409713574,Luxembourg
MG,1991,1.669733815313835,Mongolia
TE,1991,40.6742671009772,Tromelin Island [France]
TX,1991,6.773870230349921,Turkmenistan
BM,1991,1.8349056603773586,Burma
SG,1991,77.8967320261438,Senegal
UV,1991,93.51023622047244,Burkina Faso
FG,1994,105.93023255813954,French Guiana [France]
WA,1994,11.144634525660964,Namibia
BG,1994,28.021406727828747,Bangladesh
CG,1987,65.92207792207792,Congo (Kinshasa)
CI,1987,22.833102172908,Chile
CO,1987,43.69091874668083,Colombia
NC,1987,89.21406727828746,New Caledonia [France]
PM,1987,63.27239884393064,Panama
SU,1987,10.194386933517368,Sudan
WF,1987,68.0363951473137,Wallis and Futuna [France]
BL,1987,54.968620212275034,Bolivia
NF,1987,32.899253731343286,Norfolk Island [Australia]
CM,1987,109.32773109243698,Cameroon
BR,1975,33.92198807963151,Brazil
CD,1975,21.38406788940597,Chad
JA,1975,49.1591363730427,Japan
SF,1975,17.87699247741334,South Africa
LO,1978,16.61282879556991,Slovakia
ML,1978,18.56605080831409,Mali
MX,1978,28.67603581224816,Mexico
MZ,1978,32.31476473769605,Mozambique
SE,1978,75.17808219178082,Seychelles
SH,1978,94.43835616438356,Saint Helena [United Kingdom]
ZI,1978,28.310962697507737,Zimbabwe
ET,1971,28.154213328437674,Ethiopia
BK,1965,32.95676691729323,Bosnia and Herzegovina
GB,1965,48.388420019627084,Gabon
IS,1965,11.608675799086758,Israel
TO,1965,32.63890410958904,Togo
AG,1958,9.399597044996643,Algeria
DA,1958,21.284540117416828,Denmark
IT,1958,22.35771812080537,Italy
MC,1958,62.224489795918366,Macau S.A.R
MY,1958,106.11504907306434,Malaysia
MZ,1958,30.052054794520547,Mozambique
UZ,1958,9.868153980752407,Uzbekistan
CQ,1957,41.490950226244344,Northern Mariana Islands [United States]
ET,1957,29.22277748553393,Ethiopia
VQ,1957,23.264383561643836,Virgin Islands [United States]
AL,1950,31.65753424657534,Albania
AM,1949,10.889098066061955,Armenia
FM,1949,77.56981132075472,Federated States of Micronesia
GY,1949,69.57575757575758,Guyana
JQ,1949,16.488950276243095,Johnston Atoll [United States]
SF,1949,13.502150948326983,South Africa
BO,1940,15.622650602409639,Belarus
CY,1940,15.584699453551913,Cyprus
HU,1940,22.42568306010929,Hungary
IS,1940,14.234972677595628,Israel
IV,1940,47.74520547945205,Cote D'Ivoire
RI,1940,22.29972752043597,Serbia
TU,1940,81.11271676300578,Turkey
UY,1940,42.19581056466302,Uruguay
IN,1939,32.58358931569438,India
EN,1936,15.397596656217345,Estonia
SV,1936,10.420765027322405,Svalbard [Norway]
DA,1935,19.76164383561644,Denmark
KS,1935,20.904109589041095,"Korea, South"
BE,1908,18.008196721311474,Belgium
MD,1907,13.002739726027396,Moldova
SI,1907,36.80821917808219,Slovenia
EZ,1905,11.301369863013699,Czech Republic
UP,1905,11.596837944664031,Ukraine
RE,2023,109.58208955223881,Reunion [France]
TD,2023,13.619047619047619,Trinidad and Tobago
AM,1904,19.53276699029126,Armenia
LT,1904,16.28688524590164,Lesotho
BD,2011,27.0,Bermuda [United Kingdom]
EZ,2011,21.32710752145381,Czech Republic
FG,2011,84.19154030327215,French Guiana [France]
HR,2011,20.02956147220047,Croatia
LY,2011,32.7687074829932,Libya
TS,2011,11.426183844011142,Tunisia
TU,2011,17.05250112663362,Turkey
GR,2016,16.55237215033888,Greece
LE,2016,19.468562874251496,Lebanon
UP,2016,39.41072516758074,Ukraine
UY,2016,40.16242821985234,Uruguay
PE,2017,67.33285094066571,Peru
PL,2017,22.743174061433447,Poland
TU,2017,18.901156069364163,Turkey
MY,2006,85.15831030398736,Malaysia
GY,2006,69.63257575757575,Guyana
TV,2006,117.38095238095238,Tuvalu
CM,2006,150.97619047619048,Cameroon
QA,2006,65.7,Qatar
AY,2014,14.562731481481482,Antarctica
CJ,2014,14.785714285714286,Cayman Islands [United Kingdom]
SP,2014,18.985421772472133,Spain
ML,2014,75.75152129817444,Mali
JM,2003,39.40949033391916,Jamaica
JQ,2003,18.41917808219178,Johnston Atoll [United States]
MZ,2003,53.18674211802749,Mozambique
UC,2003,16.523961661341854,Curacao
MR,2003,20.691099476439792,Mauritania
GR,1984,17.547793122122936,Greece
ID,1984,37.00513083632632,Indonesia
LG,1984,17.50687770868664,Latvia
RQ,1984,47.48386878821661,Puerto Rico [United States]
RS,1984,13.867373853353824,Russia
BM,1984,80.25,Burma
BM,1992,17.49342105263158,Burma
EG,1992,2.3356466876971607,Egypt
MP,1992,40.72496371552975,Mauritius
UY,1992,32.82318770907197,Uruguay
WQ,1992,27.75136612021858,Wake Island [United States]
NF,1992,35.78823529411765,Norfolk Island [Australia]
EU,1992,11.357798165137615,Europa Island [France]
TL,1992,119.15,Tokelau [New Zealand]
CH,1981,20.84907487091222,China
ES,1981,76.56164383561644,El Salvador
RP,1981,56.731536576828844,Philippines
AS,1988,20.727757518566502,Australia
BC,1988,16.329453208760913,Botswana
BF,1988,55.087774294670844,"Bahamas, The"
MB,1988,16.76060606060606,Martinique [France]
MO,1988,9.398912762101993,Morocco
TU,1988,26.275499313919806,Turkey
CY,1974,12.42945205479452,Cyprus
JQ,1974,15.92876712328767,Johnston Atoll [United States]
NL,1974,23.339435790867462,Netherlands
RI,1974,20.631050228310503,Serbia
EU,1974,14.680327868852459,Europa Island [France]
MB,1974,420.6363636363636,Martinique [France]
NU,1974,85.0,Nicaragua
GH,1980,15.406862745098039,Ghana
HR,1980,34.257881462799496,Croatia
MO,1980,9.304278922345484,Morocco
NG,1980,9.863537763754683,Niger
SP,1980,14.902677247754426,Spain
VE,1980,41.56400381584991,Venezuela
MY,1977,42.77705683882689,Malaysia
SH,1977,78.79452054794521,Saint Helena [United Kingdom]
VE,1977,37.59863023732787,Venezuela
KR,1977,69.12068965517241,Kiribati
NS,1977,154.6,Suriname
FM,1969,98.04050464807437,Federated States of Micronesia
GQ,1969,102.18794607454402,Guam [United States]
LO,1969,17.43013698630137,Slovakia
RP,1969,45.87602739726027,Philippines
WA,1969,7.581128205128205,Namibia
AY,1966,3.2351190476190474,Antarctica
FR,1966,25.232118325854017,France
GM,1966,27.64731335278664,Germany
KN,1966,37.57471264367816,"Korea, North"
LE,1966,20.70777027027027,Lebanon
TX,1966,4.137967351237493,Turkmenistan
US,1966,21.375422199886696,United States
GQ,1972,62.26654411764706,Guam [United States]
AS,1960,18.13551932108458,Australia
AY,1960,2.6540847983453983,Antarctica
NG,1960,10.049467067504782,Niger
TI,1960,12.0988608865018,Tajikistan
BM,1960,130.41904761904763,Burma
HO,1959,33.90728476821192,Honduras
JQ,1959,28.53698630136986,Johnston Atoll [United States]
RO,1959,20.609647730879086,Romania
UP,1959,13.395038330494037,Ukraine
BD,1952,26.632513661202186,Bermuda [United Kingdom]
BN,1952,34.215300546448084,Benin
CA,1952,20.818595375333185,Canada
CY,1952,19.05396174863388,Cyprus
UY,1952,29.833641404805913,Uruguay
UZ,1952,8.361986269162042,Uzbekistan
CD,1951,20.426825446568476,Chad
EN,1951,12.363054695562436,Estonia
GL,1951,13.132206328565236,Greenland [Denmark]
LT,1951,20.17442922374429,Lesotho
US,1951,25.202416744008897,United States
WA,1951,8.131506849315068,Namibia
KN,1951,27.747252747252748,"Korea, North"
EG,1944,3.306451612903226,Egypt
GL,1944,14.666666666666666,Greenland [Denmark]
AM,1943,12.013721973094171,Armenia
VQ,1943,31.503311258278146,Virgin Islands [United States]
UK,1934,22.55712936732767,United Kingdom
GL,1933,15.26986301369863,Greenland [Denmark]
BC,1932,13.040747366328763,Botswana
CY,1932,11.03825136612022,Cyprus
EN,1931,16.02938179347826,Estonia
BE,1926,23.893150684931506,Belgium
CA,1926,21.392537585184414,Canada
SP,1925,14.20718941339127,Spain
EN,1924,16.250060871682493,Estonia
MI,1924,19.983606557377048,Malawi
JN,1923,11.342465753424657,Jan Mayen [Norway]
AM,1917,7.145922746781116,Armenia
EI,1917,22.915270018621975,Ireland
MX,1917,3.672268907563025,Mexico
NO,1917,30.381800336511496,Norway
US,1917,21.247538639138995,United States
NL,1903,24.446027397260274,Netherlands
RO,1903,14.789041095890411,Romania
BE,1902,20.273972602739725,Belgium
BE,1901,18.526027397260275,Belgium
FR,1901,24.13607305936073,France
TX,1901,4.230821917808219,Turkmenistan
EI,1900,24.92876712328767,Ireland
GM,1900,20.34068353487112,Germany
AG,1899,12.888805597201399,Algeria
AS,1899,15.216488538117542,Australia
EI,1863,41.76900584795322,Ireland
CA,1861,24.18082191780822,Canada
GM,1862,24.773466833541928,Germany
CA,1853,20.23013698630137,Canada
IT,1853,26.694520547945206,Italy
SF,1854,14.07123287671233,South Africa
CA,1849,25.534246575342465,Canada
IT,1847,18.478538812785388,Italy
UK,1848,22.32377049180328,United Kingdom
GM,1846,28.52784503631961,Germany
EZ,1827,13.994520547945205,Czech Republic
IT,1798,13.408219178082192,Italy
EZ,1805,11.827397260273973,Czech Republic
AE,2010,5.478899082568807,United Arab Emirates
FK,2010,17.615384615384617,Falkland Islands (Islas Malvinas) [United Kingdom]
IC,2010,24.57716894977169,Iceland
JN,2010,13.479452054794521,Jan Mayen [Norway]
RQ,2010,60.681187170895164,Puerto Rico [United States]
TS,2010,8.261231281198004,Tunisia
IZ,2010,57.06153846153846,Iraq
IR,2012,9.163096442033648,Iran
NF,2012,60.1875,Norfolk Island [Australia]
PA,2012,99.91859991859992,Paraguay
US,2012,24.579708495376643,United States
CT,2012,76.35764705882353,Central African Republic
AF,2012,35.42553191489362,Afghanistan
KZ,2012,61.0,Kazakhstan
AR,2018,57.870660694288915,Argentina
FJ,2018,76.27101200686106,Fiji
FM,2018,100.9049504950495,Federated States of Micronesia
MY,2018,82.98691552818934,Malaysia
PS,2018,76.37228915662651,Palau
SA,2018,114.10687022900764,Saudi Arabia
LI,2018,530.0,Liberia
CF,2020,85.85969230769231,Congo (Brazzaville)
FJ,2020,72.18813216453135,Fiji
GH,2020,71.98297872340426,Ghana
GR,2020,16.286685202347854,Greece
MD,2020,63.808429118773944,Moldova
MU,2020,34.22129436325678,Oman
AO,2020,80.35135135135135,Angola
BM,2004,0.0,Burma
JN,2004,18.043715846994534,Jan Mayen [Norway]
NC,2004,19.971066907775768,New Caledonia [France]
SI,2004,40.20995110727639,Slovenia
TS,2004,10.233015494636472,Tunisia
UZ,2004,9.505355486210677,Uzbekistan
QA,2004,57.5,Qatar
BU,2005,28.48038540949759,Bulgaria
LG,2005,31.1984126984127,Latvia
PO,2005,22.31854684512428,Portugal
RI,2005,20.58995433789954,Serbia
MD,2005,60.81428571428572,Moldova
SL,2005,267.25,Sierra Leone
AJ,1983,11.445794178317671,Azerbaijan
BR,1983,41.60540394267316,Brazil
EC,1983,165.10075394105553,Ecuador
MJ,1983,26.397759103641455,Montenegro
RM,1983,57.81369863013698,Marshall Islands
SU,1983,11.157455447778029,Sudan
SL,1983,12.15032679738562,Sierra Leone
AJ,1982,16.395448926331213,Azerbaijan
BF,1982,59.01593625498008,"Bahamas, The"
BY,1982,27.0,Burundi
FM,1982,116.714126186488,Federated States of Micronesia
LH,1982,14.389562948467058,Lithuania
LO,1982,15.100726895119418,Slovakia
LU,1982,24.295890410958904,Luxembourg
NO,1982,34.56912526265283,Norway
PO,1982,26.920876445526474,Portugal
PP,1982,60.858447488584474,Papua New Guinea
KN,1982,126.59356725146199,"Korea, North"
CG,1982,94.5701754385965,Congo (Kinshasa)
CO,1993,56.68218579234973,Colombia
GT,1993,38.38461538461539,Guatemala
MA,1993,56.527334465195246,Madagascar
NN,1993,37.1622418879056,Sint Maarten
UP,1993,17.209697472026523,Ukraine
NF,1993,33.640316205533594,Norfolk Island [Australia]
CF,1993,82.68595041322314,Congo (Brazzaville)
NZ,1985,31.512898330804248,New Zealand
TV,1985,74.61821705426357,Tuvalu
BE,1996,20.34426229508197,Belgium
BO,1996,16.00715033135682,Belarus
CW,1996,54.287425149700596,Cook Islands [New Zealand]
DA,1996,14.805362206754317,Denmark
PO,1996,38.38008756283444,Portugal
UY,1996,28.039965515117927,Uruguay
VM,1996,52.07635769701919,Vietnam
CG,1996,85.72950819672131,Congo (Kinshasa)
MI,1996,15.75,Malawi
KU,1995,0.717391304347826,Kuwait
LU,1995,27.41554559043348,Luxembourg
MI,1995,28.12542372881356,Malawi
UK,1995,24.138623275019015,United Kingdom
UP,1995,32.58219981238274,Ukraine
ZI,1995,59.880208333333336,Zimbabwe
BY,1979,29.3,Burundi
CJ,1979,58.778082191780825,Cayman Islands [United Kingdom]
CO,1979,47.4545593401558,Colombia
FG,1979,91.40345821325649,French Guiana [France]
LI,1979,127.90588235294118,Liberia
MA,1979,40.11881386495692,Madagascar
MY,1979,72.77866312527667,Malaysia
NU,1979,59.584210526315786,Nicaragua
WQ,1979,26.07123287671233,Wake Island [United States]
KU,1979,328.25,Kuwait
BY,1976,21.420765027322403,Burundi
CD,1976,17.299921486521853,Chad
GQ,1976,93.29636533084809,Guam [United States]
HR,1976,34.52774274905423,Croatia
MG,1976,5.859137826350941,Mongolia
US,1976,20.730551785371507,United States
MO,1976,22.780065005417118,Morocco
LI,1976,36.333333333333336,Liberia
CT,1967,38.53873759763563,Central African Republic
FJ,1967,71.92640692640693,Fiji
FR,1967,18.892016197570364,France
UK,1967,26.47306450230059,United Kingdom
CJ,1968,44.59836065573771,Cayman Islands [United Kingdom]
IS,1968,12.78825136612022,Israel
LE,1968,20.43169398907104,Lebanon
LO,1968,19.213797814207652,Slovakia
MI,1968,26.63566722843573,Malawi
RP,1968,45.665055248618785,Philippines
SH,1968,25.528767123287672,Saint Helena [United Kingdom]
FJ,1968,73.64018691588785,Fiji
CF,1962,48.33173515981735,Congo (Brazzaville)
FJ,1962,67.55102040816327,Fiji
HU,1962,13.836164383561643,Hungary
MO,1962,14.432441700960219,Morocco
MX,1962,24.395597471252806,Mexico
SW,1962,17.31741611661166,Sweden
NZ,1962,25.17269076305221,New Zealand
LT,1961,20.803755868544602,Lesotho
NG,1961,13.903761061946902,Niger
RQ,1961,48.265419543358064,Puerto Rico [United States]
EN,1954,17.232910106653122,Estonia
NG,1954,12.503013698630136,Niger
PO,1954,23.818402524884682,Portugal
RI,1954,21.642922374429222,Serbia
RQ,1954,50.4338749126485,Puerto Rico [United States]
VM,1954,109.6,Vietnam
CD,1953,19.308234701586503,Chad
GB,1953,57.151644336175394,Gabon
AU,1948,26.602914389799636,Austria
TO,1948,31.867898699520875,Togo
AS,1947,20.479760595137297,Australia
CU,1947,15.030219780219781,Cuba
GG,1942,28.660326958008334,Georgia
NG,1942,15.94475138121547,Niger
PK,1942,18.694658944658944,Pakistan
AJ,1941,11.782878534134568,Azerbaijan
SP,1941,15.884827007367342,Spain
UK,1941,21.134558303886926,United Kingdom
AS,1938,14.390353366363868,Australia
HR,1938,21.02054794520548,Croatia
EZ,1922,16.583561643835615,Czech Republic
HR,1922,37.47214611872146,Croatia
SP,1916,15.990531682447196,Spain
AJ,1918,17.766423357664234,Azerbaijan
FR,1920,28.909065315315317,France
RS,1920,11.136569426400536,Russia
FI,1919,12.09375,Finland
SP,1919,16.69041095890411,Spain
US,1919,25.655409365436995,United States
EG,1898,0.9917808219178083,Egypt
TX,1896,4.7176684881602915,Turkmenistan
CY,1893,14.372602739726027,Cyprus
IT,1893,19.61588683351469,Italy
UK,1893,17.1092821216278,United Kingdom
CA,1891,22.30877092789083,Canada
FR,1891,19.050223214285715,France
LT,1889,21.21698113207547,Lesotho
UP,1889,11.974128233970754,Ukraine
UZ,1889,7.034246575342466,Uzbekistan
DA,1887,12.374559686888453,Denmark
GG,1887,20.75046210720887,Georgia
AS,1886,16.07944477637966,Australia
UK,1886,23.984246575342464,United Kingdom
TX,1885,7.36986301369863,Turkmenistan
GG,1884,10.907103825136613,Georgia
NL,1884,17.009935419771484,Netherlands
KZ,1883,2.937007874015748,Kazakhstan
RS,1881,15.405046948356807,Russia
IT,1879,24.55308219178082,Italy
SF,1878,9.78173901211049,South Africa
SF,1876,13.915983606557377,South Africa
NL,1879,19.030479452054795,Netherlands
AS,2008,19.710586424095776,Australia
CA,2008,23.287346183999727,Canada
FP,2008,38.191497510532365,French Polynesia
KS,2008,89.0169992609017,"Korea, South"
SN,2008,63.24109589041096,Singapore
AJ,2008,140.83838383838383,Azerbaijan
BE,2008,20.082386363636363,Belgium
CM,2022,109.86514522821577,Cameroon
CW,2022,53.18257261410788,Cook Islands [New Zealand]
EZ,2022,23.066161616161615,Czech Republic
PS,2022,107.81235697940504,Palau
CT,2022,96.16477272727273,Central African Republic
BE,2015,29.647727272727273,Belgium
BF,2015,28.350806451612904,"Bahamas, The"
HR,2015,27.77573385518591,Croatia
IS,2015,12.476058931860036,Israel
JN,2015,18.506849315068493,Jan Mayen [Norway]
NC,2015,25.591044776119404,New Caledonia [France]
RI,2015,18.035616438356165,Serbia
CG,2015,145.4,Congo (Kinshasa)
CJ,2019,25.116343490304708,Cayman Islands [United Kingdom]
MO,2019,13.849952963311383,Morocco
MU,2019,26.451707317073172,Oman
SB,2019,33.106849315068494,Saint Pierre and Miquelon [France]
WA,2019,23.83888888888889,Namibia
ES,2019,72.55208333333333,El Salvador
EI,2000,36.97665644895072,Ireland
FR,2000,24.496602277732336,France
GL,2000,30.064928553522186,Greenland [Denmark]
IN,2000,89.28511821974965,India
KR,2000,11.578947368421053,Kiribati
MR,2000,56.601010101010104,Mauritania
UZ,2000,6.977730548881907,Uzbekistan
AE,2000,58.6,United Arab Emirates
AU,1999,34.441389728096674,Austria
BF,1999,56.02040816326531,"Bahamas, The"
PA,1999,35.287772087067864,Paraguay
UK,1999,28.27984986482585,United Kingdom
BD,1999,46.16,Bermuda [United Kingdom]
GH,1999,45.0,Ghana
CO,1990,45.71001088139282,Colombia
ES,1990,44.906122448979595,El Salvador
FI,1990,15.843152810002227,Finland
IN,1990,36.89693178433125,India
KR,1990,94.53617021276595,Kiribati
RM,1990,66.62183908045976,Marshall Islands
RQ,1990,47.16933063446639,Puerto Rico [United States]
CV,1990,1.8935361216730038,Cape Verde
CG,1989,55.30538922155689,Congo (Kinshasa)
KS,1989,85.81423401688782,"Korea, South"
NC,1989,235.3946587537092,New Caledonia [France]
RS,1989,14.479295120061968,Russia
SY,1989,6.6230876216968015,Syria
UK,1989,23.137082411355173,United Kingdom
FJ,1986,69.84499314128944,Fiji
PO,1986,26.164849734826163,Portugal
ZI,1986,20.939790153349474,Zimbabwe
CG,1986,64.4739336492891,Congo (Kinshasa)
DA,1997,17.567941415785192,Denmark
EN,1997,18.944737375785845,Estonia
PP,1997,68.23794549266248,Papua New Guinea
MF,1997,23.652818991097924,Mayotte [France]
QA,1997,3.142857142857143,Qatar
CU,1973,24.956852791878173,Cuba
MD,1973,11.725957446808511,Moldova
MI,1973,26.54794520547945,Malawi
SZ,1973,34.75616438356165,Switzerland
WQ,1973,19.40821917808219,Wake Island [United States]
AM,1970,12.681694608065246,Armenia
BY,1970,29.34246575342466,Burundi
HU,1970,18.045479452054796,Hungary
LO,1970,24.173972602739727,Slovakia
BC,1964,6.860454476132378,Botswana
CU,1964,12.508196721311476,Cuba
HR,1964,32.51387137452711,Croatia
MX,1964,25.301490235769634,Mexico
TU,1964,21.252549697493517,Turkey
WA,1964,3.035695399259651,Namibia
EG,1963,0.5867768595041323,Egypt
GP,1963,57.80821917808219,Guadeloupe [France]
JA,1963,48.04629917452423,Japan
TH,1963,44.3580639014165,Thailand
ZI,1963,18.069481765834933,Zimbabwe
AL,1956,47.782786885245905,Albania
FI,1956,20.326174496644295,Finland
IS,1956,9.126775956284153,Israel
LY,1956,4.894897182025895,Libya
NC,1956,418.0601092896175,New Caledonia [France]
PA,1956,40.521857923497265,Paraguay
US,1956,21.484316047534737,United States
AS,1955,23.427856015399424,Australia
EG,1955,0.2565293093441672,Egypt
KR,1955,12.073972602739726,Kiribati
KS,1955,28.015721023295697,"Korea, South"
NG,1955,10.88,Niger
TI,1955,11.476866456361725,Tajikistan
FI,1946,11.947945205479453,Finland
JN,1946,15.997260273972604,Jan Mayen [Norway]
LY,1946,9.42134831460674,Libya
MX,1946,22.275383239258506,Mexico
RI,1946,14.586552217453505,Serbia
UG,1946,33.96546052631579,Uganda
UK,1946,25.541054334636645,United Kingdom
AS,1945,16.641272283001882,Australia
BC,1945,10.026301369863013,Botswana
NG,1945,13.314756174794173,Niger
RI,1945,12.012820512820513,Serbia
TX,1945,4.486312064119913,Turkmenistan
CU,1945,30.91588785046729,Cuba
HR,1930,28.894520547945206,Croatia
JN,1930,11.509589041095891,Jan Mayen [Norway]
BO,1929,13.74151074151074,Belarus
LT,1929,28.23928215353938,Lesotho
UG,1929,34.8772602739726,Uganda
SW,1928,16.8921434085256,Sweden
SY,1928,15.630969609261939,Syria
RQ,1927,52.49002849002849,Puerto Rico [United States]
UK,1915,22.448654244306418,United Kingdom
TS,1913,5.415954415954416,Tunisia
NG,1913,149.72727272727272,Niger
UZ,1913,6.876119402985075,Uzbekistan
SZ,1912,40.89188134270101,Switzerland
US,1912,24.28849661393904,United States
TI,1911,1.910739191073919,Tajikistan
KZ,1910,5.725739233974995,Kazakhstan
