Country_Code,year,avg(Value),Country_Name
FR,2010,21.92233975894733,France
MG,2010,51.870182555780936,Mongolia
MR,2010,91.73469387755102,Mauritania
QA,2010,18.6,Qatar
GY,2010,61.054545454545455,Guyana
MO,2012,22.152024446142093,Morocco
PE,2012,72.63460505104783,Peru
WA,2012,41.291739894551846,Namibia
FG,2018,95.8732782369146,French Guiana [France]
GY,2018,52.64107485604607,Guyana
IR,2018,8.533256770982868,Iran
NL,2018,18.03903813816896,Netherlands
TU,2018,27.365039537712896,Turkey
LA,2018,121.24386724386724,Laos
AJ,2020,98.6399810516343,Azerbaijan
AU,2020,38.381141439205955,Austria
BC,2020,22.967032967032967,Botswana
HU,2020,19.198134448375683,Hungary
SB,2020,33.52646239554318,Saint Pierre and Miquelon [France]
ET,2020,78.46625766871166,Ethiopia
CS,2020,110.99772209567197,Costa Rica
AM,2004,6.135349172066235,Armenia
AS,2004,18.433837783148025,Australia
BP,2004,101.95510204081633,Solomon Islands
GA,2004,20.324324324324323,"Gambia, The"
JA,2004,59.13824808153762,Japan
LH,2004,19.1215564738292,Lithuania
MX,2004,24.74348800125648,Mexico
NU,2004,24.727272727272727,Nicaragua
SU,2004,171.5984555984556,Sudan
EU,2004,5.393939393939394,Europa Island [France]
SA,2004,108.76363636363637,Saudi Arabia
BK,2005,44.45943708609271,Bosnia and Herzegovina
CJ,2005,44.873873873873876,Cayman Islands [United Kingdom]
CY,2005,11.3519882179676,Cyprus
FK,2005,13.925675675675675,Falkland Islands (Islas Malvinas) [United Kingdom]
IT,2005,20.274167829380108,Italy
RQ,2005,57.45583824019553,Puerto Rico [United States]
UK,2005,23.734194197551567,United Kingdom
MV,2005,0.08421052631578947,Maldives
NF,2005,39.125,Norfolk Island [Australia]
CI,1983,22.786277602523658,Chile
ER,1983,6.911174785100287,Eritrea
GM,1983,22.172525806062485,Germany
GT,1983,30.556164383561644,Guatemala
ID,1983,38.221901091843286,Indonesia
KS,1983,71.68801004394224,"Korea, South"
SG,1983,44.30635838150289,Senegal
UP,1983,13.321493322052335,Ukraine
BO,1982,14.893606716176945,Belarus
HR,1982,29.12876712328767,Croatia
LY,1982,9.502313990744037,Libya
NN,1982,67.51801801801801,Sint Maarten
NU,1982,48.69757311761045,Nicaragua
WF,1982,104.21348314606742,Wallis and Futuna [France]
BX,1982,112.34497816593887,Brunei
UV,1982,69.01330108827086,Burkina Faso
BG,1982,14.039614561027838,Bangladesh
NL,1993,24.765867101834196,Netherlands
SP,1993,15.26690120199355,Spain
DR,1993,96.44117647058823,Dominican Republic
RW,1993,19.9453125,Rwanda
SB,1993,275.5,Saint Pierre and Miquelon [France]
EZ,1985,19.33751383253412,Czech Republic
FR,1985,19.359677475410976,France
MB,1985,7.749077490774908,Martinique [France]
NS,1985,55.61392405063291,Suriname
SH,1985,98.0,Saint Helena [United Kingdom]
SZ,1985,30.93082191780822,Switzerland
AL,1996,64.25956284153006,Albania
BF,1996,57.64642857142857,"Bahamas, The"
IC,1996,30.62929061784897,Iceland
MV,1996,12.73076923076923,Maldives
UP,1996,22.90800126169698,Ukraine
UV,1996,62.875800256081945,Burkina Faso
WZ,1996,72.32835820895522,Swaziland
SG,1996,77.98929663608563,Senegal
GB,1996,111.75581395348837,Gabon
CF,1995,84.82328042328042,Congo (Brazzaville)
MY,1995,96.79389846297158,Malaysia
PO,1995,32.18470705064548,Portugal
RI,1995,18.272146118721462,Serbia
SA,1995,94.59020791415158,Saudi Arabia
TO,1995,77.87967644084934,Togo
CS,1979,120.46654275092936,Costa Rica
NC,1979,87.493993993994,New Caledonia [France]
PO,1979,34.16405931165828,Portugal
UK,1979,26.75290262655452,United Kingdom
BH,1979,1755.5454545454545,Belize
EZ,1976,14.962099125364432,Czech Republic
GL,1976,30.50594267070613,Greenland [Denmark]
LG,1976,14.557479224376731,Latvia
BF,1976,855.0,"Bahamas, The"
VM,1976,14.96,Vietnam
BK,1967,29.821942446043167,Bosnia and Herzegovina
JN,1967,13.312328767123288,Jan Mayen [Norway]
NL,1967,21.21017474224309,Netherlands
RI,1967,17.623744292237443,Serbia
VE,1967,29.463360473723167,Venezuela
FG,1968,112.10382513661202,French Guiana [France]
MD,1968,16.751806833114323,Moldova
BY,1962,31.305479452054794,Burundi
MY,1962,98.4656034277553,Malaysia
VE,1962,26.957106422443776,Venezuela
ZA,1962,36.20254539810647,Zambia
AU,1961,28.613724643936123,Austria
MO,1961,10.893004115226338,Morocco
CB,1961,56.71830985915493,Cambodia
AJ,1954,11.342991977347806,Azerbaijan
AM,1954,13.33915339408909,Armenia
KG,1954,12.23728384647828,Kyrgyzstan
KZ,1954,8.926846862137735,Kazakhstan
NL,1954,22.13396206533193,Netherlands
SF,1954,14.97829814459373,South Africa
VQ,1954,32.21536351165981,Virgin Islands [United States]
BR,1953,26.038825334315845,Brazil
WA,1953,10.454607977991747,Namibia
SI,1948,40.778688524590166,Slovenia
BR,1947,37.80571562997394,Brazil
CH,1947,53.10985277463194,China
GG,1947,28.405692482210995,Georgia
GM,1947,19.51129143958327,Germany
TX,1947,3.1445617740232312,Turkmenistan
SV,1947,4.161290322580645,Svalbard [Norway]
FI,1942,14.0,Finland
DA,1941,14.76320939334638,Denmark
RO,1941,22.31311154598826,Romania
MQ,1941,21.904153354632587,Midway Islands [United States}
FI,1938,14.73972602739726,Finland
TX,1938,4.358210658450302,Turkmenistan
UG,1938,28.554520547945206,Uganda
EZ,1937,13.076712328767123,Czech Republic
IT,1937,28.262230919765166,Italy
LE,1937,11.65,Lebanon
SZ,1937,41.5679060665362,Switzerland
WA,1937,11.323287671232876,Namibia
BE,1922,24.898630136986302,Belgium
BR,1922,29.05637996035602,Brazil
RQ,1922,47.79227895392279,Puerto Rico [United States]
BC,1918,19.239811912225704,Botswana
US,1918,24.36961482920138,United States
AS,1920,18.355257244618578,Australia
TX,1920,3.099462365591398,Turkmenistan
RQ,1919,43.333943833943835,Puerto Rico [United States]
CY,1898,5.47945205479452,Cyprus
AS,1897,14.071789563208904,Australia
LH,1897,19.915068493150685,Lithuania
DA,1896,16.036299765807964,Denmark
LT,1895,23.37828947368421,Lesotho
KZ,1894,5.558004640371229,Kazakhstan
SF,1894,14.745520667021465,South Africa
CA,1892,22.832522024787217,Canada
TS,1891,0.0,Tunisia
GM,1889,20.433157281020645,Germany
FR,1888,17.705828779599273,France
RS,1888,13.605861356377982,Russia
MD,1887,13.558904109589042,Moldova
RO,1886,21.10958904109589,Romania
AJ,1885,4.07981220657277,Azerbaijan
BO,1885,14.263013698630138,Belarus
EZ,1885,9.87945205479452,Czech Republic
RO,1885,17.980821917808218,Romania
AS,1884,12.373576875091363,Australia
AS,1883,13.021416097627288,Australia
BO,1883,14.99634703196347,Belarus
GG,1882,11.684931506849315,Georgia
LG,1882,13.12863070539419,Latvia
EZ,1881,13.676712328767124,Czech Republic
CA,1878,26.105518244132107,Canada
HR,1878,38.21187214611872,Croatia
GM,1877,22.571986774872258,Germany
HR,1877,27.464840182648402,Croatia
AR,2011,57.59964200477327,Argentina
IN,2011,111.95147292507029,India
BU,2016,16.983572895277206,Bulgaria
CU,2016,72.15966386554622,Cuba
DA,2016,19.380414312617702,Denmark
IR,2016,6.574154543737011,Iran
MX,2016,19.57901589296938,Mexico
IN,2016,109.9096958174905,India
CH,2017,65.46226895031371,China
EG,2017,40.18181818181818,Egypt
FK,2017,20.423566878980893,Falkland Islands (Islas Malvinas) [United Kingdom]
IN,2017,110.16070495108654,India
LA,2017,106.0752427184466,Laos
MO,2017,19.64185544768069,Morocco
VE,2017,57.53495440729483,Venezuela
WF,2017,104.4006791171477,Wallis and Futuna [France]
KN,2017,177.8054054054054,"Korea, North"
TI,2017,75.77090301003345,Tajikistan
FI,2006,15.24628585666677,Finland
FR,2006,20.24130133488949,France
MZ,2006,77.5992141453831,Mozambique
SP,2006,15.757959956399517,Spain
LE,2006,107.64429530201342,Lebanon
AF,2014,49.142857142857146,Afghanistan
BH,2014,55.258823529411764,Belize
CU,2014,43.763392857142854,Cuba
IT,2014,23.433827004884197,Italy
MA,2014,90.26023391812865,Madagascar
PO,2014,63.51464766429137,Portugal
TU,2014,20.726293832450107,Turkey
WF,2014,97.49319727891157,Wallis and Futuna [France]
SE,2014,72.88352272727273,Seychelles
CG,2014,92.54166666666667,Congo (Kinshasa)
CE,2003,42.77797202797203,Sri Lanka
EN,2003,19.625762355415354,Estonia
GR,2003,18.973155116252947,Greece
KZ,2003,3.8650571495218102,Kazakhstan
BL,1984,53.37753076617705,Bolivia
NO,1984,29.04775199927524,Norway
PM,1984,77.78210382513662,Panama
SE,1984,55.90163934426229,Seychelles
SI,1984,39.86124121779859,Slovenia
SU,1984,7.836688014638609,Sudan
PU,1984,675.5,Guinea-Bissau
BL,1992,68.92929569745135,Bolivia
GP,1992,44.13138686131387,Guadeloupe [France]
HO,1992,39.89569945625309,Honduras
ID,1992,29.631051344743277,Indonesia
IS,1992,15.385813858138581,Israel
JM,1992,10.770392749244714,Jamaica
LG,1992,20.079741379310345,Latvia
TS,1992,14.883418222976797,Tunisia
VM,1992,9.28882391163093,Vietnam
AS,1981,20.360488839724784,Australia
BL,1981,25.587403993855606,Bolivia
CU,1981,12.651226158038147,Cuba
CY,1981,19.06156316916488,Cyprus
FI,1981,20.18187004634803,Finland
NU,1981,47.89240080699395,Nicaragua
MB,1981,220.73821989528795,Martinique [France]
SA,1981,208.08333333333334,Saudi Arabia
KU,1981,284.4583333333333,Kuwait
LY,1981,454.5,Libya
KN,1988,113.66470588235295,"Korea, North"
EG,1988,24.4,Egypt
EG,1974,3.9950372208436726,Egypt
FG,1974,110.70862470862471,French Guiana [France]
KZ,1974,6.464241110595036,Kazakhstan
PA,1974,35.265296803652966,Paraguay
PL,1974,22.42412850307587,Poland
PP,1974,69.46118721461187,Papua New Guinea
MF,1974,52.60683760683761,Mayotte [France]
WF,1974,0.0,Wallis and Futuna [France]
AS,1980,15.605230869448755,Australia
CO,1980,47.58722821434686,Colombia
GI,1980,19.718100890207715,Gibraltar [United Kingdom]
KR,1980,14.68729641693811,Kiribati
MD,1980,20.09482481517197,Moldova
RE,1980,63.50445103857567,Reunion [France]
UV,1980,18.933890987587695,Burkina Faso
BC,1977,16.365751512331318,Botswana
CQ,1977,38.370044052863435,Northern Mariana Islands [United States]
GP,1977,81.5910290237467,Guadeloupe [France]
HU,1977,15.007810240092565,Hungary
IV,1977,37.055829851879984,Cote D'Ivoire
RP,1977,71.87955682630451,Philippines
UK,1977,25.36330405512018,United Kingdom
ZI,1977,26.271760154738878,Zimbabwe
NP,1977,20.614840989399294,Nepal
RE,1977,20.462406015037594,Reunion [France]
HO,1977,1284.138888888889,Honduras
KT,1977,0.0,Christmas Island [Australia]
LE,1977,20.5,Lebanon
CU,1969,18.526027397260275,Cuba
DA,1969,16.008767123287672,Denmark
LY,1969,9.28936170212766,Libya
AS,1966,16.847883484437634,Australia
AU,1966,42.57086614173228,Austria
EN,1966,18.2565373328986,Estonia
IN,1966,28.200579900541086,India
KR,1966,29.63888888888889,Kiribati
LH,1966,19.613603932138894,Lithuania
MQ,1966,21.58450704225352,Midway Islands [United States}
BD,1972,40.704918032786885,Bermuda [United Kingdom]
SE,1972,65.92896174863388,Seychelles
SF,1972,14.628775457528791,South Africa
SW,1972,15.224836700209327,Sweden
IT,1960,27.016638225255974,Italy
JN,1960,17.23224043715847,Jan Mayen [Norway]
KS,1960,31.06294326241135,"Korea, South"
RP,1960,69.1099539840155,Philippines
UZ,1960,8.481893991318255,Uzbekistan
LA,1960,111.13253012048193,Laos
MB,1960,188.33333333333334,Martinique [France]
AO,1959,18.40369393139842,Angola
BL,1959,58.46747352496218,Bolivia
CY,1959,14.082191780821917,Cyprus
ET,1959,29.109116022099446,Ethiopia
SV,1959,14.528700906344412,Svalbard [Norway]
TI,1959,11.644436023746369,Tajikistan
CD,1952,20.143061516452075,Chad
AS,1951,16.74124334718715,Australia
CF,1951,45.155427631578945,Congo (Brazzaville)
MP,1951,44.983561643835614,Mauritius
NF,1951,42.65925925925926,Norfolk Island [Australia]
BR,1944,26.878441031585048,Brazil
GM,1944,24.59826532063131,Germany
UV,1944,24.045143638850888,Burkina Faso
PK,1943,15.792839657282741,Pakistan
DR,1943,85.0,Dominican Republic
BR,1934,28.568315542662848,Brazil
SW,1934,17.68306166850947,Sweden
AJ,1933,13.911415525114155,Azerbaijan
UK,1933,18.96140255504213,United Kingdom
WA,1933,5.811872146118722,Namibia
TX,1932,5.128518971848226,Turkmenistan
KZ,1931,6.502863856660302,Kazakhstan
SP,1931,15.16638254347085,Spain
SZ,1926,40.443835616438356,Switzerland
FI,1925,15.073972602739726,Finland
KZ,1925,9.697527047913447,Kazakhstan
TX,1925,3.1511194029850746,Turkmenistan
UZ,1925,4.883561643835616,Uzbekistan
NG,1925,22.72,Niger
BC,1924,13.924124513618677,Botswana
EI,1924,29.87656702025072,Ireland
AJ,1923,12.748335552596538,Azerbaijan
UK,1923,23.311167945439045,United Kingdom
BK,1917,21.863013698630137,Bosnia and Herzegovina
CA,1917,20.85645941419654,Canada
EI,1903,29.497704315886136,Ireland
SF,1903,12.316651262880553,South Africa
GM,1901,19.919107435929806,Germany
RO,1901,17.028767123287672,Romania
RQ,1901,58.070481242895035,Puerto Rico [United States]
AS,1900,15.613122560714533,Australia
BE,1899,18.55068493150685,Belgium
FR,1899,28.014383561643836,France
EI,1868,25.280054644808743,Ireland
IT,1867,25.076164383561643,Italy
IT,1865,20.643835616438356,Italy
AS,1864,23.207435719249478,Australia
EZ,1864,7.366120218579235,Czech Republic
IT,1864,24.176502732240436,Italy
AS,1858,19.670999187652317,Australia
NL,1853,16.863013698630137,Netherlands
EZ,1845,12.178082191780822,Czech Republic
CA,1848,19.1265306122449,Canada
AS,1841,12.085778781038375,Australia
AS,1837,26.563492063492063,Australia
AS,1835,18.424242424242426,Australia
IT,1829,17.056164383561644,Italy
IT,1822,11.280412371134021,Italy
EZ,1821,13.654794520547945,Czech Republic
GM,1801,19.416438356164385,Germany
BD,2009,38.14325068870524,Bermuda [United Kingdom]
JO,2009,47.3421052631579,Jordan
MT,2009,19.06388888888889,Malta
RS,2009,15.533811965811966,Russia
VQ,2009,26.01750679142771,Virgin Islands [United States]
WF,2009,93.59799713876967,Wallis and Futuna [France]
NE,2009,52.51724137931034,Niue [New Zealand]
QA,2009,90.8,Qatar
GB,2008,92.45652173913044,Gabon
IC,2008,29.852058618283323,Iceland
MY,2008,92.72046392765874,Malaysia
RS,2008,15.388889767723905,Russia
VM,2008,55.41752891052952,Vietnam
ZI,2008,58.70175438596491,Zimbabwe
JO,2008,61.875,Jordan
IV,2008,79.12090395480226,Cote D'Ivoire
AM,2022,36.48697621744054,Armenia
JO,2022,50.86842105263158,Jordan
LO,2022,20.982700892857142,Slovakia
MA,2022,97.33086138049059,Madagascar
RE,2022,44.96153846153846,Reunion [France]
WQ,2022,91.0,Wake Island [United States]
AJ,2015,140.00409836065575,Azerbaijan
EN,2015,16.064535645860644,Estonia
CW,2015,27.251101321585903,Cook Islands [New Zealand]
MK,2015,30.193861066235865,Macedonia
KR,2007,38.10175438596491,Kiribati
AL,2007,43.67272727272727,Albania
BM,2007,250.0,Burma
TU,2019,29.270816635497372,Turkey
UZ,2019,54.94086021505376,Uzbekistan
GI,2013,16.50824175824176,Gibraltar [United Kingdom]
GR,2013,15.271744028841821,Greece
LH,2013,33.80128794848206,Lithuania
SE,2013,74.5821325648415,Seychelles
NE,2013,62.779661016949156,Niue [New Zealand]
MJ,2013,206.38732394366198,Montenegro
AM,2013,38.716981132075475,Armenia
MR,2013,66.9672131147541,Mauritania
BM,2000,38.88461538461539,Burma
MY,2000,101.1311738293778,Malaysia
SZ,2000,42.05976775956284,Switzerland
VQ,2000,21.367519361652196,Virgin Islands [United States]
EU,2000,28.15447154471545,Europa Island [France]
MJ,2000,167.2280701754386,Montenegro
KZ,1999,5.344862055177929,Kazakhstan
PE,1999,39.11953125,Peru
PS,1999,124.9890625,Palau
US,1999,22.704298374338432,United States
VQ,1999,31.819884726224785,Virgin Islands [United States]
CT,1999,83.3595166163142,Central African Republic
KU,1999,0.0,Kuwait
VM,1999,103.12026515151516,Vietnam
BD,2021,45.390625,Bermuda [United Kingdom]
CH,2021,24.998732153685022,China
IN,2021,111.1338677101742,India
MX,2021,20.586373361127873,Mexico
RE,2021,39.20775623268698,Reunion [France]
RM,2021,83.51367521367521,Marshall Islands
TU,2021,28.43108395815977,Turkey
SA,2021,98.6376811594203,Saudi Arabia
AS,1990,19.883445259308825,Australia
KN,1990,18.419816138917263,"Korea, North"
LG,1990,22.164383561643834,Latvia
NO,1990,41.28400616907329,Norway
TD,1990,41.627906976744185,Trinidad and Tobago
ZA,1990,26.312458137977227,Zambia
RE,1990,45.995,Reunion [France]
FI,2002,14.195778778528341,Finland
KN,2002,93.08895705521472,"Korea, North"
LU,2002,26.55115712545676,Luxembourg
NZ,2002,27.41507720254314,New Zealand
PO,2002,42.03973013493253,Portugal
SI,2002,36.772025955299206,Slovenia
CF,2002,64.625,Congo (Brazzaville)
LE,2002,60.47123287671233,Lebanon
AJ,2002,46.8,Azerbaijan
BG,2001,33.13831775700935,Bangladesh
IT,2001,39.69108945353289,Italy
MG,2001,53.52638190954774,Mongolia
UZ,2001,6.706851366529389,Uzbekistan
AR,1989,27.500060444874276,Argentina
BR,1989,45.7073574570711,Brazil
ES,1989,61.06006006006006,El Salvador
KG,1989,10.126857822289294,Kyrgyzstan
TE,1989,56.05860805860806,Tromelin Island [France]
CD,1989,68.8415300546448,Chad
EN,1986,18.595707511854254,Estonia
LT,1986,19.57351598173516,Lesotho
MY,1986,79.94901765729918,Malaysia
VE,1986,43.25067232837934,Venezuela
GH,1986,137.76923076923077,Ghana
BH,1998,58.27301587301587,Belize
JM,1998,22.684981684981686,Jamaica
KS,1998,73.22490566037736,"Korea, South"
VM,1998,47.13272485263358,Vietnam
IS,1997,13.332634521313766,Israel
MG,1997,1.5095497430390428,Mongolia
TZ,1997,78.9298245614035,Tanzania
UY,1997,37.18266039242049,Uruguay
WI,1997,0.34444444444444444,Western Sahara
WZ,1997,69.22680412371135,Swaziland
AL,1991,34.56555269922879,Albania
ID,1991,23.99271040424122,Indonesia
IT,1991,58.74564248074584,Italy
JQ,1991,22.47945205479452,Johnston Atoll [United States]
SF,1991,16.591530684873728,South Africa
SZ,1991,32.87054794520548,Switzerland
VQ,1991,19.482694397020023,Virgin Islands [United States]
GH,1991,102.19257540603249,Ghana
ET,1991,61.17487684729064,Ethiopia
NI,1991,89.0,Nigeria
BK,1994,22.578082191780823,Bosnia and Herzegovina
JN,1994,20.73972602739726,Jan Mayen [Norway]
UZ,1994,10.783891742072226,Uzbekistan
MJ,1994,55.51086956521739,Montenegro
TV,1994,77.06234413965088,Tuvalu
CS,1994,122.17191283292978,Costa Rica
ES,1987,37.4414535666218,El Salvador
FJ,1987,39.439077144917086,Fiji
NH,1987,50.1718192627824,Vanuatu
SA,1987,8.043091655266759,Saudi Arabia
NN,1987,46.191275167785236,Sint Maarten
CO,1973,44.522550870568494,Colombia
KZ,1973,8.426511560212907,Kazakhstan
LH,1973,17.94356120826709,Lithuania
PO,1973,23.15138712857344,Portugal
SE,1973,49.61643835616438,Seychelles
BP,1973,69.85714285714286,Solomon Islands
CM,1973,49.387387387387385,Cameroon
SL,1973,69.16161616161617,Sierra Leone
BC,1975,16.092873923257635,Botswana
BK,1970,33.634469696969695,Bosnia and Herzegovina
BR,1970,29.11058333245062,Brazil
GL,1970,24.606139841177608,Greenland [Denmark]
IT,1970,24.441812984891794,Italy
SI,1970,42.16168813373527,Slovenia
TZ,1970,29.10781893004115,Tanzania
CI,1978,19.408208788757527,Chile
LH,1978,20.772281167108755,Lithuania
RM,1978,80.14232673267327,Marshall Islands
PU,1978,29.483870967741936,Guinea-Bissau
CT,1964,40.51148635381897,Central African Republic
LG,1964,12.916182387125614,Latvia
MT,1964,71.60606060606061,Malta
RS,1964,12.630562054663406,Russia
UC,1964,25.0,Curacao
CE,1963,179.57142857142858,Sri Lanka
LH,1963,17.08862973760933,Lithuania
UV,1963,26.735616438356164,Burkina Faso
FG,1956,134.8360655737705,French Guiana [France]
IV,1956,49.001739130434785,Cote D'Ivoire
SY,1956,8.481842338352525,Syria
UV,1956,26.102961275626424,Burkina Faso
VM,1956,62.128865979381445,Vietnam
BN,1971,30.537534246575344,Benin
FM,1971,105.12728481222997,Federated States of Micronesia
GQ,1971,75.4181152790485,Guam [United States]
RP,1971,64.02599780300257,Philippines
AL,1965,41.54931506849315,Albania
KG,1965,10.739798463533871,Kyrgyzstan
SF,1965,12.197269754391511,South Africa
UY,1965,17.534235668789808,Uruguay
AJ,1958,12.612195804195805,Azerbaijan
LU,1958,27.82689912826899,Luxembourg
LY,1958,3.7270313329792883,Libya
MX,1958,34.837695857082934,Mexico
RS,1958,13.213608158420115,Russia
GV,1955,68.85205479452055,Guinea
LE,1957,21.232526881720432,Lebanon
LT,1957,28.409774436090224,Lesotho
SF,1957,17.60844000704172,South Africa
SU,1957,9.56631989596879,Sudan
TH,1957,43.583578274760384,Thailand
UZ,1957,7.184643162596218,Uzbekistan
CK,1957,78.49152542372882,Cocos (Keeling) Islands [Australia]
CQ,1946,19.572052401746724,Northern Mariana Islands [United States]
IS,1946,9.17876712328767,Israel
PO,1946,25.5972602739726,Portugal
AL,1946,57.13548387096774,Albania
GG,1950,31.771281827122717,Georgia
HR,1950,27.104383561643836,Croatia
IC,1950,35.04375,Iceland
KG,1950,9.822641172265904,Kyrgyzstan
BR,1945,34.118713155685185,Brazil
DA,1945,20.36320939334638,Denmark
NO,1945,28.535524752475247,Norway
CQ,1945,52.13192612137203,Northern Mariana Islands [United States]
GM,1930,22.779882319977585,Germany
TX,1930,4.162930217871803,Turkmenistan
WA,1930,6.144292237442922,Namibia
GL,1929,12.175342465753424,Greenland [Denmark]
KG,1929,10.892484342379959,Kyrgyzstan
BK,1928,17.636612021857925,Bosnia and Herzegovina
IS,1927,9.305479452054794,Israel
LG,1927,20.68864468864469,Latvia
IN,1949,34.535704847225375,India
GG,1940,35.99358903503924,Georgia
WZ,1939,33.24122562674095,Swaziland
AS,1936,16.05149467264989,Australia
SG,1936,11.300595238095237,Senegal
WZ,1915,36.204030226700255,Swaziland
CA,1914,18.9980428666567,Canada
LT,1914,24.178217821782177,Lesotho
PK,1914,23.58368495077356,Pakistan
RQ,1914,44.84435447593342,Puerto Rico [United States]
DA,1913,14.413465346534654,Denmark
SW,1909,16.19808201058201,Sweden
BO,1908,17.746666666666666,Belarus
AJ,1907,23.08695652173913,Azerbaijan
PK,1907,17.037260273972603,Pakistan
SW,1912,17.757897174617877,Sweden
BO,1911,13.196164383561644,Belarus
IN,1911,31.196809453970168,India
RQ,1911,53.24288787951231,Puerto Rico [United States]
UZ,1910,6.890156918687589,Uzbekistan
CA,1906,22.821481073134876,Canada
CF,2023,96.11344537815125,Congo (Brazzaville)
CY,2023,24.253731343283583,Cyprus
SI,2023,42.53225806451613,Slovenia
TX,2023,24.543478260869566,Turkmenistan
GV,2023,75.28571428571429,Guinea
EK,2023,18.88888888888889,Equatorial Guinea
